id_child,removal_date,discharge_date,age_at_removal,most_recent_age,removal_county
10002,11/1/23,9/3/24,7,7,DuPage
10003,1/1/22,2/1/23,16,17,LaSalle
10005,6/11/26,NA,9,9,Lake
10008,1/1/22,NA,2,6,Clinton
10009,3/14/23,NA,10,13,Saline
10010,9/17/25,NA,17,17,Cook
10011,1/1/22,NA,3,7,Will
10014,1/1/22,NA,8,12,Woodford
10015,5/28/26,NA,11,11,Kane
10019,9/6/25,NA,2,2,Will
10020,1/1/22,6/18/23,4,5,Hancock
10021,1/1/22,4/4/25,4,7,Will
10022,1/1/22,4/24/26,3,7,Madison
10023,4/24/25,NA,6,7,Kane
10024,1/1/22,NA,10,14,Cook
10025,1/1/22,8/21/22,9,9,Marion
10026,1/1/22,NA,4,8,DuPage
10027,5/6/24,NA,7,9,Cook
10028,1/1/22,NA,9,13,DuPage
10033,1/28/22,NA,7,11,Bond
10034,1/1/22,NA,12,16,Monroe
10037,1/1/22,NA,6,10,St. Clair
10039,1/1/22,10/27/22,4,4,McLean
10040,1/6/25,NA,5,6,Schuyler
10042,3/12/23,NA,3,6,Winnebago
10043,10/5/24,NA,14,15,Kendall
10044,2/2/22,NA,8,12,Kane
10046,9/14/23,9/28/23,6,6,Kane
10047,3/25/24,NA,9,11,DuPage
10049,1/1/22,7/4/23,3,4,Cook
10050,10/14/22,4/27/24,4,5,Piatt
10052,1/1/22,12/20/24,10,12,Jefferson
10053,1/29/24,4/14/26,13,15,St. Clair
10054,6/16/25,NA,4,5,Macon
10055,7/28/25,NA,15,15,Cook
10056,9/14/23,2/8/24,5,5,Will
10057,3/12/23,NA,12,15,Peoria
10058,6/21/26,NA,16,16,Cook
10059,12/26/24,NA,11,12,DuPage
10063,1/6/22,8/5/23,10,11,Cook
10067,12/3/23,NA,2,4,Cook
10068,1/1/22,NA,5,9,Lake
10073,5/31/25,NA,11,12,Lake
10074,7/14/24,NA,15,16,Lake
10075,2/27/22,1/20/25,4,6,Cook
10076,1/1/22,3/21/23,5,6,Cook
10082,10/20/24,4/9/25,8,8,Cook
10083,3/4/24,7/6/24,17,17,Will
10084,1/1/22,NA,0,4,DuPage
10087,6/13/22,NA,9,13,Stephenson
10088,7/2/22,1/19/25,15,17,Cook
10093,3/28/22,8/12/24,3,5,Lake
10097,10/1/25,NA,12,12,DeKalb
10099,4/26/22,NA,1,5,Cook
10101,6/14/24,NA,14,16,Kane
10103,5/5/22,6/11/22,7,7,Cook
10105,1/1/22,7/26/22,7,7,Cook
10109,1/1/22,10/13/25,12,15,Sangamon
10112,8/24/25,NA,9,9,Franklin
10114,1/1/22,NA,4,8,Lake
10115,9/15/24,NA,7,8,Winnebago
10116,6/14/26,NA,16,16,Cook
10117,1/1/22,NA,13,17,Lake
10118,5/15/26,NA,5,5,DuPage
10120,1/1/22,1/17/23,2,3,Tazewell
10121,1/1/22,1/22/24,5,7,Lake
10122,6/22/26,NA,7,7,Tazewell
10126,1/3/23,NA,3,6,Tazewell
10131,1/1/22,12/25/22,14,14,Macon
10132,12/27/25,NA,10,10,Lake
10133,10/29/23,4/3/25,13,14,Sangamon
10134,3/1/26,NA,15,15,McHenry
10138,2/9/22,6/20/24,5,7,Kendall
10139,1/1/22,NA,0,4,Cook
10142,9/18/23,NA,11,13,Will
10143,5/24/26,6/8/26,14,14,Cook
10145,1/1/22,NA,3,7,Lake
10146,10/21/23,12/16/23,0,0,McHenry
10149,10/28/24,NA,16,17,DuPage
10150,1/1/22,NA,13,17,Cook
10151,1/1/22,12/5/22,6,6,DuPage
10155,11/7/23,5/13/24,11,11,Winnebago
10157,1/1/22,3/4/24,15,17,Lake
10160,2/27/25,NA,13,14,LaSalle
10163,4/12/24,NA,4,6,Cook
10166,1/1/22,12/19/23,13,14,Lake
10168,10/28/24,12/23/24,9,9,Mason
10171,7/25/24,NA,16,17,Woodford
10172,7/24/22,4/27/23,0,0,Clinton
10173,1/1/22,4/16/23,12,13,Cook
10174,12/1/22,4/9/26,1,4,Cook
10175,10/19/22,1/29/26,5,8,Winnebago
10176,1/1/22,NA,11,15,DuPage
10177,11/5/23,NA,12,14,Winnebago
10179,1/1/22,5/18/26,8,12,DuPage
10181,1/1/22,1/13/25,14,17,Cook
10182,1/1/22,2/22/23,10,11,LaSalle
10183,5/25/24,NA,15,17,Cook
10184,4/7/25,NA,15,16,Will
10185,1/1/22,6/10/25,4,7,Will
10186,1/1/22,NA,10,14,Kane
10188,11/8/25,NA,9,9,DuPage
10189,1/1/22,NA,3,7,Will
10190,6/3/22,NA,13,17,Bond
10192,9/20/23,9/3/25,5,6,Will
10193,1/1/22,7/23/22,10,10,Woodford
10195,7/3/23,NA,5,7,Christian
10196,11/30/24,NA,14,15,McHenry
10197,8/19/25,4/19/26,4,4,Lake
10199,11/28/24,NA,8,9,Cook
10202,1/1/22,1/19/26,4,8,McDonough
10203,1/1/22,11/28/25,13,16,DuPage
10205,1/1/22,1/28/25,6,9,Cook
10207,1/1/22,9/4/23,4,5,Jersey
10208,4/1/23,NA,9,12,Champaign
10211,1/1/22,1/28/23,4,5,Cook
10212,12/8/22,5/2/24,15,16,Kane
10213,3/26/26,NA,2,2,Bond
10214,7/30/24,NA,10,11,Kane
10215,10/21/25,11/23/25,14,14,Lake
10218,5/22/26,NA,3,3,McLean
10220,11/10/22,NA,0,3,DuPage
10221,5/23/26,NA,16,16,DuPage
10222,1/9/25,NA,7,8,Cook
10223,12/19/23,NA,14,16,Lake
10224,1/1/22,NA,3,7,Clay
10225,1/1/22,5/20/23,3,4,Cook
10226,5/11/22,12/16/22,12,12,Cook
10227,1/1/22,5/31/24,7,9,Cook
10228,3/31/23,4/27/26,11,14,St. Clair
10230,1/1/22,NA,1,5,McHenry
10231,1/1/22,2/2/22,1,1,Woodford
10232,7/24/25,NA,10,10,Madison
10233,1/1/22,3/20/26,11,15,Rock Island
10235,1/4/24,NA,4,6,Will
10240,1/1/22,6/20/24,4,6,Winnebago
10241,1/1/25,NA,4,5,Vermilion
10242,7/8/22,NA,6,9,LaSalle
10243,3/14/22,10/15/24,13,15,White
10244,11/26/25,NA,1,1,Lake
10245,1/4/24,NA,9,11,DuPage
10246,1/1/22,NA,11,15,Lake
10247,1/1/22,9/13/25,4,7,Cook
10248,1/1/22,NA,3,7,Cook
10249,8/1/25,NA,3,3,Whiteside
10263,8/27/25,NA,0,0,Cook
10266,1/1/22,1/30/25,7,10,DuPage
10267,1/1/22,5/25/23,12,13,Cook
10270,2/26/24,NA,0,2,DuPage
10271,10/6/24,NA,12,13,Rock Island
10272,1/1/22,3/5/24,10,12,Jackson
10273,1/27/26,NA,6,6,Will
10275,4/8/26,NA,14,14,Lake
10276,1/1/22,NA,9,13,DuPage
10277,1/1/22,NA,11,15,Cook
10281,1/1/22,3/29/26,3,7,Lake
10286,1/1/22,5/12/23,14,15,Kane
10289,1/4/23,3/27/23,3,3,Cook
10293,9/22/25,9/28/25,1,1,Lake
10294,1/1/22,NA,4,8,Cook
10297,1/1/22,NA,12,16,Will
10300,1/1/22,NA,5,9,DuPage
10301,12/10/25,NA,13,13,McLean
10302,7/17/25,NA,3,3,Lake
10303,10/27/25,NA,7,7,DuPage
10304,1/1/22,3/22/24,6,8,Will
10306,11/27/23,NA,12,14,Rock Island
10310,12/12/24,NA,12,13,Cook
10312,1/1/22,NA,2,6,Lake
10313,12/13/25,NA,2,2,DuPage
10316,4/14/22,NA,12,16,McHenry
10317,1/1/22,7/7/25,7,10,Cook
10318,1/1/22,7/1/22,9,9,Ogle
10319,1/1/22,1/17/22,4,4,Sangamon
10321,1/1/22,8/20/23,8,9,Winnebago
10323,3/12/22,8/15/22,6,6,McHenry
10324,1/1/22,NA,11,15,Lake
10330,1/1/22,9/17/25,7,10,Will
10333,1/1/22,1/20/26,6,10,Coles
10334,6/16/25,NA,12,13,Kane
10335,1/1/22,4/24/23,6,7,Boone
10337,2/8/22,NA,7,11,DuPage
10343,1/1/22,NA,13,17,Kendall
10344,1/1/22,6/1/22,15,15,DuPage
10347,1/1/22,NA,2,6,Kane
10349,1/1/22,2/10/22,9,9,Will
10350,1/1/22,8/10/22,16,16,DuPage
10352,1/1/22,NA,5,9,Kane
10353,6/8/24,7/3/24,15,15,Lee
10356,1/1/22,NA,11,15,Jefferson
10359,1/1/22,NA,11,15,DuPage
10360,7/22/22,NA,2,5,DuPage
10369,1/1/22,NA,5,9,Cass
10371,12/31/25,NA,1,1,McHenry
10373,1/1/22,NA,2,6,Iroquois
10374,1/1/22,2/16/24,2,4,Will
10375,8/1/23,8/22/23,15,15,Lake
10378,4/12/24,8/23/25,16,17,Winnebago
10380,1/1/22,NA,0,4,Cook
10381,12/10/24,NA,16,17,Kane
10382,1/1/22,2/14/25,14,17,Cook
10384,1/9/22,11/19/22,15,15,Warren
10385,9/27/24,NA,6,7,Kane
10386,1/1/22,NA,1,5,Will
10388,2/21/23,12/10/25,11,13,Lake
10391,5/23/26,NA,0,0,Macoupin
10393,1/1/22,NA,3,7,Lake
10394,1/1/22,8/3/22,15,15,DuPage
10396,1/1/22,8/25/22,8,8,Cook
10398,5/21/26,NA,0,0,Cook
10399,3/7/22,6/9/22,1,1,Will
10400,1/1/22,5/7/22,15,15,DuPage
10401,5/9/26,NA,15,15,Cook
10403,1/1/22,8/26/25,12,15,Madison
10405,5/24/25,12/21/25,1,1,Cook
10408,1/1/22,11/21/22,14,14,St. Clair
10409,3/7/25,2/6/26,3,3,DuPage
10413,1/18/25,3/6/25,15,15,Lake
10414,6/17/25,NA,10,11,Vermilion
10415,10/20/23,11/23/24,12,13,Fulton
10417,1/1/22,NA,4,8,DuPage
10418,1/1/22,4/28/23,4,5,Warren
10419,1/1/22,NA,5,9,Champaign
10420,10/28/23,NA,11,13,Madison
10421,10/26/24,NA,0,1,Cook
10422,4/22/22,4/17/26,10,13,Lake
10424,9/5/24,NA,16,17,Will
10426,1/1/22,NA,5,9,Kane
10427,1/9/24,1/14/24,4,4,St. Clair
10430,1/1/22,6/28/22,2,2,Christian
10431,1/1/22,NA,4,8,McHenry
10433,1/1/22,4/15/26,6,10,Lake
10434,2/16/24,NA,11,13,Kane
10436,1/1/22,9/5/24,14,16,Cook
10438,2/27/22,6/8/25,14,17,DuPage
10440,7/13/24,NA,8,9,Lake
10443,1/1/22,NA,7,11,Cook
10445,1/1/22,6/21/26,11,15,Adams
10447,10/3/25,NA,14,14,Cook
10448,1/1/22,5/11/22,7,7,DeKalb
10449,8/14/24,3/17/26,6,7,Kane
10450,1/1/22,6/6/26,2,6,Winnebago
10451,5/4/22,2/23/24,8,9,Cook
10452,1/1/22,1/10/22,5,5,McHenry
10453,9/7/24,9/17/24,14,14,DuPage
10458,1/1/22,12/3/22,17,17,Champaign
10461,3/29/24,NA,15,17,Lake
10462,7/9/24,NA,8,9,Mercer
10463,1/1/22,5/7/24,0,2,Richland
10468,1/1/22,2/26/26,9,13,Champaign
10470,1/1/22,6/4/22,13,13,DuPage
10471,4/17/23,1/10/25,13,14,Cook
10472,1/1/22,4/5/26,0,4,Kane
10473,1/7/22,NA,4,8,DuPage
10474,1/1/22,NA,12,16,Will
10475,11/20/25,NA,1,1,LaSalle
10477,1/1/22,NA,8,12,Cook
10479,1/23/25,4/14/25,15,15,Lake
10481,3/20/23,12/15/23,10,10,Will
10484,7/9/22,NA,1,4,Knox
10485,1/1/22,7/8/24,15,17,Morgan
10488,4/16/24,NA,1,3,Macoupin
10490,12/15/25,NA,14,14,Madison
10491,10/12/25,NA,14,14,Shelby
10494,11/2/22,2/20/26,0,3,Will
10496,7/3/24,NA,3,4,Kane
10499,1/1/22,10/9/24,2,4,DuPage
10500,1/1/22,4/25/25,10,13,DuPage
10501,7/17/22,NA,3,6,Cook
10509,8/7/22,4/6/25,1,3,Will
10510,9/25/22,6/16/25,12,14,Henry
10511,5/16/26,NA,13,13,Cook
10512,6/30/22,8/2/24,3,5,Cook
10513,3/25/24,NA,15,17,Cook
10515,1/1/22,NA,12,16,Kankakee
10518,6/15/25,9/16/25,3,3,Rock Island
10522,3/17/24,10/9/25,6,7,De Witt
10524,1/1/22,1/28/25,13,16,Will
10525,3/15/22,11/9/24,14,16,Cook
10527,9/11/23,NA,10,12,McLean
10529,3/26/26,NA,5,5,Peoria
10531,1/1/22,2/20/25,3,6,Cook
10533,1/1/22,11/12/23,10,11,Lake
10534,1/1/22,6/19/26,8,12,Cook
10536,1/1/22,1/18/22,1,1,Cook
10539,3/7/22,5/13/22,6,6,Lake
10540,1/1/22,3/5/25,12,15,Cook
10541,1/1/22,1/26/23,12,13,Cook
10542,3/22/23,NA,4,7,Cook
10543,3/29/24,NA,12,14,Madison
10544,1/1/22,8/14/23,5,6,DuPage
10545,1/1/22,8/13/24,8,10,Cook
10546,1/1/22,NA,2,6,Cook
10548,2/2/22,NA,6,10,Macoupin
10549,1/1/22,NA,12,16,Sangamon
10550,10/24/23,2/3/24,16,16,Vermilion
10554,11/14/22,NA,1,4,Johnson
10555,1/1/22,NA,2,6,Cook
10557,1/1/22,11/1/24,2,4,Cook
10558,1/1/22,10/12/25,8,11,DeKalb
10559,7/14/22,12/18/24,2,4,LaSalle
10561,9/1/22,9/26/25,3,6,Cook
10563,1/6/26,NA,9,9,Kankakee
10565,1/1/22,NA,12,16,Champaign
10567,8/16/25,NA,3,3,McHenry
10568,2/22/23,NA,10,13,Will
10569,1/1/22,5/9/24,8,10,Cook
10570,1/1/22,NA,2,6,Cook
10572,7/21/22,NA,1,4,Will
10574,1/1/22,9/3/22,13,13,Will
10575,1/1/22,8/8/25,12,15,Lake
10578,2/23/22,NA,3,7,Will
10581,1/1/22,4/11/23,2,3,Kendall
10582,1/18/23,NA,7,10,Cook
10583,1/1/22,NA,10,14,DuPage
10585,4/23/22,NA,10,14,DeKalb
10588,9/19/25,NA,4,4,Boone
10593,1/29/25,NA,3,4,Cook
10594,6/8/25,8/5/25,2,2,DuPage
10595,8/10/24,1/5/25,4,4,Stephenson
10596,1/31/24,NA,8,10,Grundy
10598,4/16/24,5/12/24,2,2,DuPage
10599,7/17/23,5/18/25,1,2,Cook
10601,1/5/25,NA,5,6,Kendall
10602,9/28/22,NA,10,13,Cook
10603,4/28/26,NA,17,17,Cook
10604,9/9/24,NA,9,10,Pope
10608,1/1/22,5/14/23,16,17,Cook
10610,2/5/25,2/10/25,17,17,DuPage
10611,1/1/22,NA,10,14,Christian
10614,1/1/22,2/7/26,10,14,McHenry
10615,5/29/23,4/25/24,9,9,DuPage
10616,5/18/22,7/10/23,7,8,Rock Island
10617,9/5/24,NA,5,6,Adams
10618,9/3/25,NA,6,6,DuPage
10620,11/24/24,NA,14,15,Will
10622,1/10/26,NA,12,12,St. Clair
10624,1/1/22,3/23/23,15,16,McLean
10626,4/12/23,NA,10,13,McLean
10627,8/6/22,11/1/22,5,5,Moultrie
10628,4/22/24,NA,5,7,Lake
10629,8/30/25,NA,17,17,Cook
10630,1/1/22,NA,11,15,Will
10632,1/1/22,4/3/22,15,15,Cook
10634,1/1/22,NA,8,12,Will
10639,1/1/22,5/17/22,14,14,Lake
10641,11/19/23,NA,13,15,Clay
10642,3/23/24,NA,9,11,Lake
10643,1/1/22,7/28/25,6,9,Cook
10645,1/7/25,NA,1,2,McHenry
10646,1/1/22,12/5/25,13,16,Cook
10647,1/4/22,NA,2,6,Richland
10651,8/14/23,NA,10,12,Will
10652,1/1/22,NA,10,14,Cook
10653,4/14/26,NA,13,13,McHenry
10654,1/1/22,3/12/23,14,15,Cass
10655,1/1/22,8/4/23,15,16,Winnebago
10656,1/1/22,NA,13,17,Lake
10661,1/1/22,NA,4,8,DuPage
10665,10/26/23,5/1/24,7,7,Boone
10666,3/15/25,NA,8,9,Cook
10667,1/1/22,NA,5,9,Cook
10669,12/18/24,NA,1,2,Franklin
10670,6/30/26,NA,8,8,DuPage
10672,1/1/22,12/15/22,0,0,Lake
10673,9/20/23,8/1/25,7,8,LaSalle
10674,1/1/22,12/11/22,7,7,Cook
10676,1/1/22,11/25/22,7,7,Cook
10677,1/1/22,7/22/22,17,17,Lake
10678,6/24/22,5/4/23,1,1,Will
10679,1/1/22,1/12/22,6,6,Lake
10681,5/8/22,NA,9,13,DuPage
10682,8/15/25,NA,0,0,Knox
10683,1/1/22,NA,5,9,Will
10684,1/1/22,NA,0,4,Will
10685,1/1/22,7/11/24,15,17,Piatt
10687,5/8/23,NA,9,12,Kankakee
10688,5/13/26,NA,9,9,Cook
10689,1/1/22,11/11/23,5,6,DuPage
10690,1/1/24,NA,4,6,De Witt
10692,8/24/25,NA,12,12,Kane
10693,9/26/22,1/26/26,2,5,Peoria
10696,6/9/23,NA,0,3,Lake
10701,1/1/22,1/20/22,5,5,Kankakee
10710,12/10/25,NA,15,15,Will
10712,1/1/22,8/13/22,10,10,Christian
10714,1/1/22,2/2/24,4,6,Cook
10715,5/4/24,4/3/26,8,9,DuPage
10716,3/7/24,3/27/24,2,2,Cook
10719,1/1/22,NA,3,7,Cook
10720,1/1/22,7/16/22,2,2,Moultrie
10723,1/1/22,12/29/23,2,3,DuPage
10726,1/1/22,NA,1,5,Champaign
10727,6/21/23,NA,14,17,LaSalle
10732,4/9/25,NA,10,11,Cook
10733,1/1/22,NA,5,9,DuPage
10735,3/13/25,3/22/25,6,6,DuPage
10736,1/1/22,10/21/22,9,9,Cook
10739,10/29/25,3/8/26,11,11,Cook
10741,1/1/22,1/19/23,6,7,Cumberland
10745,2/4/25,3/24/26,12,13,Cass
10746,12/29/22,NA,13,16,Cook
10747,1/1/22,4/23/24,0,2,Livingston
10749,1/1/22,9/24/24,2,4,Kane
10750,1/1/22,NA,0,4,Lake
10755,5/26/22,NA,5,9,Will
10756,1/1/22,11/20/25,12,15,Kendall
10757,1/1/22,6/30/22,15,15,Cook
10758,1/1/22,2/8/22,1,1,DuPage
10762,9/20/24,2/27/26,0,1,Madison
10763,9/20/25,NA,3,3,DuPage
10764,12/21/22,NA,8,11,Adams
10765,1/1/22,1/28/22,10,10,Cook
10767,8/15/25,NA,4,4,Will
10768,1/1/22,6/8/22,0,0,DuPage
10771,3/23/23,NA,3,6,Cook
10772,1/1/22,NA,11,15,Shelby
10774,1/1/22,NA,10,14,DuPage
10775,1/1/22,1/20/22,17,17,Will
10776,1/1/22,2/24/26,11,15,Cook
10779,1/1/22,1/12/23,10,11,Kane
10780,12/16/22,NA,11,14,McLean
10784,7/19/24,NA,6,7,Kane
10785,1/1/22,4/14/26,9,13,DuPage
10788,6/21/26,NA,7,7,Woodford
10790,5/12/23,NA,10,13,McHenry
10792,8/13/22,10/11/25,0,3,DuPage
10795,1/1/22,5/8/22,8,8,Lake
10796,7/5/22,NA,3,6,Cook
10798,1/1/22,1/17/23,14,15,Ogle
10805,12/9/23,NA,2,4,Bond
10806,1/1/22,NA,11,15,Kane
10808,1/1/22,NA,1,5,DuPage
10809,1/1/22,3/22/25,11,14,Stark
10810,1/13/24,NA,11,13,Cook
10811,1/1/22,8/13/22,12,12,McHenry
10812,1/2/25,NA,13,14,Cook
10813,2/27/24,3/7/24,1,1,Will
10814,1/6/22,NA,5,9,Cook
10816,1/9/25,NA,7,8,Cook
10820,7/7/22,NA,5,8,DuPage
10823,1/1/22,3/18/22,1,1,Kane
10824,1/1/22,8/27/24,11,13,Rock Island
10825,1/1/22,7/27/22,4,4,Cook
10827,5/19/22,4/1/23,12,12,Knox
10828,5/10/25,9/14/25,0,0,Kendall
10830,1/1/22,NA,10,14,Peoria
10832,1/1/22,NA,6,10,Cook
10834,1/1/22,5/15/25,3,6,Lake
10835,1/1/22,NA,13,17,Madison
10837,2/26/25,NA,16,17,Will
10838,1/1/22,10/13/23,2,3,DuPage
10839,9/13/22,NA,13,16,DuPage
10840,10/24/23,5/27/26,5,7,Cook
10841,1/1/22,NA,5,9,Cook
10843,1/1/22,7/25/23,9,10,Monroe
10845,1/1/22,7/27/23,3,4,Tazewell
10846,11/9/25,NA,15,15,Sangamon
10851,1/11/26,NA,10,10,Cook
10852,1/1/22,1/13/25,13,16,Cook
10853,12/3/23,NA,4,6,Lawrence
10854,7/15/24,NA,15,16,Lake
10857,5/12/25,NA,7,8,Will
10858,6/25/26,NA,17,17,Cook
10859,7/20/24,2/24/26,15,16,Kane
10863,1/1/22,NA,13,17,DuPage
10865,1/1/22,3/30/23,7,8,Cook
10867,5/27/22,8/22/22,7,7,St. Clair
10871,4/15/26,NA,5,5,DuPage
10872,11/24/23,NA,0,2,Tazewell
10873,1/1/22,4/27/23,15,16,Cook
10875,2/19/25,NA,5,6,Vermilion
10876,5/18/22,NA,10,14,Lake
10878,1/1/22,6/26/24,7,9,Sangamon
10879,1/1/22,12/16/25,13,16,Winnebago
10880,1/1/22,NA,12,16,Lake
10881,5/7/23,5/10/26,1,4,McHenry
10882,2/27/22,NA,13,17,Cook
10883,6/13/26,NA,1,1,Cook
10886,6/10/23,NA,6,9,Kendall
10887,1/1/22,NA,12,16,Cook
10891,1/1/22,5/10/22,8,8,Tazewell
10892,5/20/23,NA,12,15,DuPage
10894,9/10/25,NA,17,17,St. Clair
10896,1/1/22,NA,4,8,Logan
10900,5/2/22,6/1/23,7,8,Cook
10902,1/1/22,10/5/24,2,4,Cook
10903,1/1/22,9/23/24,8,10,Madison
10905,2/1/22,10/29/24,3,5,Lake
10907,11/10/23,11/18/24,2,3,Adams
10908,1/1/22,3/21/25,3,6,De Witt
10909,6/7/24,NA,9,11,Cook
10914,2/17/25,NA,4,5,Will
10915,1/1/22,6/9/24,3,5,St. Clair
10916,1/1/22,5/11/25,0,3,Cook
10917,1/1/22,10/25/25,10,13,Jasper
10918,1/1/22,NA,13,17,DuPage
10919,4/9/24,4/16/24,11,11,Cook
10921,1/1/22,NA,10,14,Madison
10923,1/1/22,12/2/24,15,17,LaSalle
10925,4/9/25,11/7/25,4,4,DuPage
10926,3/16/24,NA,14,16,Lake
10928,5/7/24,NA,14,16,DuPage
10929,6/7/23,6/10/23,13,13,Cook
10930,1/1/22,NA,13,17,Lake
10931,7/22/22,NA,14,17,Cook
10932,7/15/23,1/7/24,12,12,Will
10933,1/26/25,4/30/25,0,0,Will
10934,6/22/24,NA,7,9,Fayette
10935,1/1/22,NA,0,4,DuPage
10936,12/25/22,NA,13,16,Will
10940,1/1/22,6/28/25,9,12,Cook
10942,1/1/22,NA,9,13,Stephenson
10944,1/1/22,2/18/25,9,12,Lake
10947,1/1/22,7/11/24,13,15,Rock Island
10952,9/3/25,NA,4,4,Cook
10953,1/1/22,NA,13,17,Will
10955,2/17/22,10/31/23,6,7,Kankakee
10956,1/1/22,NA,10,14,Cook
10957,9/8/23,NA,7,9,Tazewell
10960,9/11/25,2/24/26,13,13,DuPage
10961,9/30/24,NA,6,7,Lake
10962,1/1/22,10/16/23,7,8,DuPage
10965,1/1/22,6/22/22,9,9,Cook
10968,3/30/23,4/19/25,15,17,Will
10969,7/8/22,NA,11,14,Madison
10970,1/1/22,12/7/23,13,14,Jefferson
10971,1/1/22,6/9/23,15,16,Cook
10972,1/1/22,2/16/22,14,14,Marshall
10974,4/18/22,4/24/22,16,16,DuPage
10976,1/1/22,NA,1,5,Saline
10977,1/1/22,3/8/24,2,4,St. Clair
10979,1/3/25,NA,14,15,Lake
10980,1/1/22,4/15/23,15,16,Vermilion
10983,2/3/26,NA,0,0,Cook
10985,1/1/22,9/25/23,2,3,Rock Island
10986,1/1/22,NA,3,7,DuPage
10987,12/15/22,4/26/23,11,11,Adams
10990,10/15/24,NA,2,3,Will
10993,1/1/22,4/2/23,5,6,DuPage
10994,1/1/22,8/17/23,13,14,DeKalb
10996,3/18/25,NA,0,1,Cook
10998,1/1/22,NA,10,14,Adams
10999,3/1/22,NA,8,12,DuPage
11001,4/2/23,3/9/24,16,16,Sangamon
11002,1/1/22,10/20/24,5,7,Wayne
11003,12/19/24,NA,11,12,Cook
11004,1/1/22,10/13/22,5,5,Grundy
11005,1/1/22,NA,6,10,DeKalb
11007,8/21/25,NA,0,0,Lake
11011,7/23/23,NA,3,5,DuPage
11016,8/9/22,NA,2,5,Cook
11017,1/1/22,NA,12,16,Kane
11022,11/26/23,NA,3,5,Monroe
11023,12/8/23,6/22/24,8,8,Will
11024,1/1/22,9/16/22,17,17,Kane
11027,11/27/24,NA,10,11,Winnebago
11029,11/6/22,5/8/24,15,16,Will
11031,2/12/25,NA,4,5,Will
11032,1/1/22,8/18/24,5,7,Cook
11034,1/1/22,5/9/25,11,14,Cook
11036,11/22/22,NA,9,12,Montgomery
11038,1/1/22,7/1/24,3,5,Kankakee
11039,3/27/26,NA,6,6,Cook
11040,3/20/25,9/7/25,9,9,McLean
11041,8/28/22,NA,1,4,Winnebago
11042,1/1/22,NA,1,5,Lake
11044,2/6/25,NA,12,13,Tazewell
11045,7/10/24,5/16/25,5,5,Kane
11046,1/4/24,NA,3,5,Clinton
11047,4/12/22,8/18/25,14,17,Kane
11049,11/3/25,NA,15,15,Livingston
11050,1/1/22,NA,6,10,Kane
11053,1/1/22,7/21/24,14,16,Lake
11055,1/13/22,9/6/25,7,10,Shelby
11056,1/10/23,NA,6,9,Kendall
11057,3/24/26,NA,4,4,Lake
11059,2/7/23,NA,2,5,Cook
11060,10/12/25,NA,7,7,Kane
11061,1/1/22,6/9/22,1,1,Will
11064,1/1/22,3/10/23,5,6,Macoupin
11066,1/1/22,2/26/23,15,16,Tazewell
11069,1/1/22,NA,0,4,Grundy
11070,1/1/22,NA,10,14,Lake
11071,2/21/23,3/16/25,11,13,Henry
11073,4/24/25,NA,6,7,Cook
11074,1/1/22,NA,9,13,DuPage
11075,1/1/22,3/10/23,2,3,Winnebago
11076,7/30/24,NA,10,11,Moultrie
11077,3/26/25,NA,9,10,Kane
11081,9/26/24,10/22/25,5,6,Will
11082,11/29/23,NA,7,9,Cook
11084,1/1/22,NA,13,17,Mercer
11087,2/26/25,4/5/25,15,15,Cook
11088,2/11/24,NA,10,12,Cook
11090,1/1/22,NA,4,8,Macoupin
11091,11/4/25,NA,0,0,Will
11095,10/29/23,4/13/24,17,17,DuPage
11097,1/1/22,12/24/22,14,14,Franklin
11102,1/1/22,NA,13,17,Cook
11104,1/1/22,4/28/26,1,5,Cook
11105,1/1/22,NA,1,5,Madison
11106,11/24/23,4/27/26,12,14,Cook
11107,4/17/22,NA,6,10,DuPage
11108,1/1/22,7/9/25,4,7,Cook
11109,1/1/22,7/15/22,14,14,DeKalb
11112,8/15/25,NA,13,13,Cook
11114,3/2/25,10/2/25,9,9,Vermilion
11116,9/21/24,NA,13,14,DuPage
11117,6/17/25,7/27/25,12,12,Lake
11118,1/22/24,NA,10,12,McHenry
11119,1/1/22,3/15/22,9,9,Cook
11123,1/1/22,NA,12,16,Cook
11125,2/21/22,3/15/22,9,9,Hamilton
11127,7/15/23,NA,14,16,Kane
11128,8/16/22,NA,4,7,LaSalle
11129,12/31/22,6/30/25,15,17,Woodford
11130,1/1/22,2/8/24,12,14,Sangamon
11131,5/10/24,NA,0,2,Massac
11132,5/2/22,NA,6,10,Cook
11134,1/1/22,12/18/22,4,4,Jefferson
11136,1/1/22,3/28/24,2,4,Knox
11137,6/2/24,NA,15,17,Kankakee
11138,4/2/23,NA,2,5,Lake
11139,8/30/25,NA,16,16,Cook
11142,1/1/22,9/28/23,6,7,Lake
11144,1/1/22,NA,7,11,DuPage
11146,1/1/22,3/17/22,4,4,Jackson
11147,1/1/22,11/16/23,13,14,Lake
11148,1/1/22,4/5/23,4,5,DuPage
11149,1/1/22,4/19/23,2,3,Peoria
11151,10/24/23,NA,9,11,Whiteside
11153,2/8/23,NA,2,5,Will
11154,1/1/22,4/13/26,11,15,Champaign
11156,1/1/22,11/20/25,0,3,Cook
11158,1/1/22,NA,13,17,Cook
11160,5/3/25,NA,12,13,Bond
11163,4/21/22,9/24/22,9,9,Sangamon
11164,1/1/22,NA,7,11,Vermilion
11167,4/11/23,NA,6,9,Lake
11169,2/14/23,6/14/23,15,15,Kane
11170,10/20/24,NA,1,2,DeKalb
11172,10/16/22,7/16/24,6,7,Monroe
11174,9/6/23,NA,4,6,Lake
11176,5/29/23,NA,5,8,Cook
11177,1/1/22,5/27/22,6,6,McHenry
11183,1/1/22,9/6/22,11,11,Sangamon
11184,1/1/22,NA,1,5,Cook
11185,1/1/22,9/9/23,2,3,DuPage
11186,11/6/25,3/1/26,13,13,McHenry
11189,1/1/22,10/24/22,13,13,Sangamon
11190,1/1/22,10/24/23,11,12,Fulton
11194,1/1/22,5/25/22,5,5,Will
11195,1/1/22,6/27/22,9,9,Kane
11197,3/30/23,NA,9,12,Rock Island
11198,1/1/22,5/22/24,14,16,Stephenson
11199,6/9/25,NA,9,10,Effingham
11200,6/19/26,NA,7,7,Cook
11201,8/1/23,NA,15,17,Will
11202,2/14/22,10/24/24,9,11,DuPage
11203,6/11/23,NA,6,9,Whiteside
11205,4/8/25,NA,1,2,DeKalb
11206,3/26/25,NA,1,2,Cook
11208,12/23/25,1/19/26,1,1,Kendall
11210,1/1/22,3/11/23,13,14,Cook
11211,1/1/22,7/31/23,5,6,Cook
11212,1/1/22,9/1/24,10,12,McDonough
11213,11/1/23,3/21/26,14,16,Cook
11214,1/1/22,8/10/25,3,6,McLean
11216,7/30/23,4/2/25,0,1,Cook
11217,12/16/25,NA,0,0,Cook
11220,12/6/24,NA,3,4,Will
11222,10/8/23,NA,15,17,Cook
11223,1/1/22,2/9/24,5,7,DuPage
11224,1/1/22,NA,1,5,Lake
11225,1/1/22,4/4/26,4,8,Kane
11229,1/1/22,2/1/25,8,11,DeKalb
11232,1/1/22,6/3/24,3,5,Cook
11234,1/1/22,NA,13,17,Will
11239,1/1/22,6/23/25,11,14,Lake
11242,1/1/22,NA,1,5,Rock Island
11243,5/9/24,11/13/24,16,16,Kendall
11244,1/1/22,NA,3,7,Adams
11245,1/1/22,6/24/25,10,13,Monroe
11246,1/17/24,NA,0,2,Perry
11248,2/4/23,NA,7,10,Kane
11251,7/18/24,NA,14,15,Will
11252,6/11/24,NA,13,15,Cook
11253,1/1/22,9/9/23,7,8,Will
11255,6/14/23,NA,10,13,DuPage
11256,1/22/25,NA,2,3,Cook
11258,1/1/22,8/24/24,6,8,McLean
11259,10/20/25,NA,1,1,Kane
11260,1/1/22,1/6/24,13,15,Cook
11265,1/1/22,4/2/22,14,14,DuPage
11268,4/21/26,NA,3,3,Kane
11270,1/1/22,5/25/22,9,9,Cook
11272,2/14/22,NA,0,4,Cook
11273,1/1/22,1/17/26,7,11,Lake
11274,5/17/22,10/9/22,15,15,DuPage
11275,2/4/22,9/7/23,15,16,Whiteside
11276,6/25/26,NA,17,17,DuPage
11278,4/6/22,NA,5,9,Cook
11279,1/1/22,1/17/24,8,10,Ogle
11280,5/19/22,12/28/22,1,1,DuPage
11281,8/12/22,12/1/22,5,5,McHenry
11282,1/1/22,3/11/24,7,9,Kane
11283,1/1/22,NA,9,13,Lake
11287,9/13/23,NA,4,6,Cook
11290,1/12/24,1/17/25,6,7,Lake
11291,7/9/25,NA,3,3,McHenry
11294,1/1/22,NA,12,16,Will
11295,1/1/22,8/26/23,6,7,Winnebago
11298,12/4/25,NA,10,10,Champaign
11299,9/11/24,NA,9,10,Will
11300,1/4/24,NA,3,5,Lake
11302,1/1/22,8/17/23,12,13,Cook
11303,3/1/25,NA,12,13,Cook
11304,5/24/22,NA,11,15,Brown
11309,5/11/22,NA,12,16,Cook
11311,4/9/24,11/20/24,4,4,Lake
11312,1/1/22,8/9/25,0,3,Champaign
11313,1/1/22,12/5/23,8,9,Rock Island
11314,9/23/24,5/15/25,13,13,Henry
11315,1/1/22,1/31/24,9,11,McHenry
11316,8/13/22,7/14/25,6,8,Peoria
11317,10/27/24,NA,9,10,Jackson
11318,1/1/22,8/30/23,6,7,McHenry
11319,1/1/22,1/25/23,11,12,Macon
11323,1/1/22,9/6/22,12,12,Cook
11324,5/10/22,NA,4,8,Lake
11325,6/27/24,NA,5,7,Coles
11328,11/15/23,NA,10,12,McLean
11332,1/11/26,NA,9,9,Morgan
11333,1/1/22,10/16/23,14,15,Cook
11335,9/22/23,10/19/23,14,14,DuPage
11337,3/4/23,8/9/25,12,14,DeKalb
11339,1/1/22,1/26/23,12,13,Greene
11342,9/2/24,NA,14,15,DuPage
11344,2/8/26,NA,13,13,Cook
11345,1/1/22,10/5/25,1,4,Jasper
11346,1/1/22,1/23/25,6,9,Cook
11348,9/2/22,NA,14,17,Cook
11349,6/3/25,8/12/25,1,1,Kane
11350,1/1/22,12/18/22,10,10,DuPage
11353,6/18/22,7/11/22,10,10,Will
11356,1/1/22,6/20/23,8,9,Macon
11359,10/13/22,1/18/26,5,8,Cook
11361,1/1/22,10/30/24,10,12,St. Clair
11365,2/27/22,3/9/23,16,17,Jersey
11366,12/6/23,2/24/25,11,12,DuPage
11368,1/1/22,12/29/25,12,15,DuPage
11369,2/5/26,NA,9,9,Cook
11372,7/5/25,NA,1,1,Cook
11373,11/14/22,12/28/22,7,7,Kane
11376,1/1/22,NA,6,10,Will
11378,10/19/23,NA,2,4,Will
11379,12/26/24,NA,8,9,Monroe
11380,1/1/22,6/12/22,16,16,Cook
11381,4/19/26,6/2/26,17,17,Cook
11383,1/1/22,11/14/23,13,14,Will
11385,1/1/22,3/17/23,13,14,Cook
11388,2/1/23,NA,3,6,Kane
11390,1/1/22,7/31/25,12,15,Will
11391,1/1/22,3/2/24,10,12,Kane
11392,4/26/23,NA,4,7,Cook
11395,4/1/24,2/20/26,7,8,Cook
11396,9/6/25,NA,15,15,Lake
11397,1/1/22,8/20/25,14,17,Madison
11399,1/1/22,3/9/22,3,3,Winnebago
11400,10/17/24,NA,16,17,Christian
11401,1/14/22,2/15/22,14,14,Tazewell
11402,11/30/23,7/5/25,6,7,Madison
11404,1/1/22,3/30/24,7,9,DeKalb
11406,2/4/24,NA,4,6,Cook
11408,1/1/22,NA,7,11,DuPage
11409,1/1/22,4/12/24,8,10,DuPage
11410,1/1/22,NA,11,15,Lake
11411,4/14/22,12/1/25,6,9,McLean
11416,2/28/26,NA,17,17,Tazewell
11417,11/23/24,NA,10,11,DuPage
11418,8/21/25,11/23/25,17,17,Vermilion
11421,3/29/22,NA,13,17,Cook
11424,1/1/22,NA,12,16,Winnebago
11425,1/1/22,7/11/24,0,2,Tazewell
11427,3/21/24,5/31/24,2,2,Will
11428,7/27/25,NA,16,16,Cook
11429,1/1/22,NA,7,11,Cook
11430,8/28/25,12/26/25,6,6,DuPage
11431,1/1/22,NA,5,9,Christian
11434,1/6/22,NA,12,16,Logan
11437,1/1/22,3/26/25,14,17,Kane
11438,1/1/22,8/11/22,17,17,Cook
11439,2/11/23,NA,7,10,Will
11442,1/1/22,8/2/22,4,4,DeKalb
11443,8/22/24,9/19/24,15,15,Lake
11445,12/29/23,4/5/25,0,1,Cook
11446,1/1/22,NA,2,6,DuPage
11447,6/5/22,3/28/25,6,8,Lake
11448,1/1/22,NA,0,4,DuPage
11450,2/28/25,8/30/25,2,2,Will
11451,9/9/24,NA,11,12,Lake
11452,1/1/22,6/15/24,15,17,Cook
11453,1/1/22,NA,7,11,Cook
11455,1/20/25,NA,7,8,DuPage
11456,1/1/22,10/11/23,7,8,Mercer
11458,3/23/22,NA,12,16,Will
11459,5/1/24,NA,12,14,Will
11461,1/1/22,5/11/22,9,9,Sangamon
11462,4/8/26,NA,17,17,Winnebago
11463,1/1/22,NA,9,13,Cook
11464,9/19/23,11/30/23,6,6,St. Clair
11465,5/26/23,7/6/23,16,16,Lake
11466,1/1/22,10/14/24,7,9,Clinton
11467,1/1/22,3/5/24,10,12,Kankakee
11468,8/10/23,8/6/25,13,14,Cook
11469,11/24/24,NA,14,15,DuPage
11471,1/1/22,12/19/23,4,5,Cook
11476,1/1/22,5/25/22,4,4,Kane
11478,1/1/22,NA,13,17,Kane
11479,2/23/26,NA,11,11,St. Clair
11480,1/1/22,NA,8,12,DuPage
11481,1/1/22,NA,5,9,McHenry
11482,4/9/25,5/26/25,9,9,Wabash
11483,1/1/22,9/22/23,10,11,Rock Island
11484,1/1/22,1/8/24,8,10,Cook
11485,1/1/22,NA,5,9,Will
11487,1/1/22,3/7/26,1,5,Cook
11489,6/27/26,NA,9,9,DuPage
11490,8/21/22,NA,13,16,Rock Island
11493,1/1/22,NA,2,6,Cook
11495,3/28/22,2/22/26,5,8,Kankakee
11496,6/18/25,NA,3,4,Will
11497,2/24/22,NA,2,6,Champaign
11501,9/27/23,NA,6,8,Winnebago
11503,1/1/22,10/21/23,0,1,Kane
11504,2/15/22,3/26/22,4,4,Kendall
11509,1/1/22,3/29/22,4,4,Winnebago
11511,1/1/22,7/13/22,2,2,DuPage
11512,5/19/24,NA,5,7,Cook
11519,5/17/25,5/29/26,1,2,Warren
11521,8/8/22,NA,13,16,Rock Island
11524,1/1/22,NA,5,9,McHenry
11525,1/1/22,NA,6,10,Cook
11527,1/16/25,NA,10,11,Kane
11530,3/10/22,4/26/25,12,15,DuPage
11533,1/1/22,9/4/22,16,16,Marion
11534,2/3/23,NA,0,3,Cook
11535,1/1/22,12/20/22,16,16,Cook
11536,1/1/22,10/18/22,1,1,Cook
11539,1/1/22,10/4/22,1,1,DuPage
11540,1/1/22,NA,11,15,Champaign
11543,8/18/22,7/16/24,5,6,Cumberland
11547,11/18/25,4/9/26,0,0,Kendall
11548,1/1/22,8/20/23,2,3,Will
11549,1/1/22,NA,2,6,Lake
11550,10/18/24,NA,12,13,Jersey
11551,1/1/22,NA,13,17,Cook
11553,1/30/23,10/29/25,8,10,Cook
11554,9/27/25,10/6/25,16,16,Monroe
11557,1/1/22,1/21/23,3,4,Lake
11558,1/1/22,3/11/25,14,17,Cook
11559,10/4/24,NA,1,2,McLean
11560,9/29/25,NA,11,11,Will
11561,1/1/22,NA,9,13,McHenry
11562,1/1/22,3/3/22,4,4,DuPage
11563,1/1/22,NA,7,11,Cook
11564,1/1/22,12/9/24,1,3,Cook
11565,2/6/26,NA,4,4,Will
11566,1/4/22,8/30/22,11,11,Kane
11568,1/1/22,NA,7,11,Cook
11570,7/27/23,6/11/26,15,17,Cook
11578,9/30/22,10/28/25,3,6,Peoria
11581,3/31/25,NA,13,14,Will
11585,1/1/22,6/7/26,6,10,Ogle
11586,8/31/23,9/22/23,14,14,Madison
11587,1/1/22,NA,12,16,Cook
11591,12/23/23,NA,9,11,St. Clair
11592,1/1/22,9/4/24,3,5,Woodford
11594,1/1/22,9/2/24,1,3,McHenry
11596,2/18/25,NA,12,13,Cook
11597,1/1/22,2/7/22,2,2,Bureau
11599,1/1/22,2/25/24,7,9,Madison
11601,1/1/22,8/17/22,13,13,Cook
11603,8/12/22,5/21/23,14,14,Sangamon
11605,9/24/25,NA,11,11,Douglas
11609,6/14/26,NA,15,15,Lake
11611,5/2/22,NA,6,10,DuPage
11612,1/1/22,7/21/25,10,13,DuPage
11613,1/1/22,11/20/23,5,6,Cook
11614,1/1/22,NA,3,7,Kane
11620,4/4/23,4/16/26,7,10,Peoria
11621,1/1/22,5/24/24,2,4,Winnebago
11623,2/13/24,11/19/25,1,2,Kane
11625,1/1/22,NA,8,12,Tazewell
11626,1/1/22,1/19/22,16,16,Peoria
11630,10/7/24,NA,1,2,Cook
11631,1/1/22,11/4/22,15,15,Lake
11634,1/1/22,11/11/23,15,16,Cook
11635,1/1/22,1/13/24,8,10,Macon
11636,4/7/26,NA,7,7,Morgan
11638,7/8/24,10/23/25,6,7,Kane
11640,1/1/22,NA,7,11,Grundy
11642,1/1/22,6/18/23,14,15,Kane
11643,6/10/25,NA,2,3,Winnebago
11644,1/1/22,NA,13,17,Will
11645,6/5/26,NA,0,0,Peoria
11646,4/4/24,NA,15,17,Jefferson
11647,1/1/22,10/4/25,0,3,Vermilion
11648,3/4/26,NA,8,8,Cook
11649,1/1/22,1/5/22,1,1,Cook
11651,10/7/23,6/5/24,11,11,Cook
11652,1/1/22,3/9/25,10,13,Knox
11653,1/1/22,11/25/22,6,6,Kane
11655,4/6/22,7/17/25,3,6,DuPage
11657,11/11/23,12/12/23,8,8,Edgar
11658,1/1/22,NA,9,13,Kane
11663,9/6/25,NA,6,6,Will
11664,3/20/23,10/26/25,4,6,Lake
11665,7/4/24,NA,7,8,DuPage
11667,1/1/22,NA,9,13,Tazewell
11671,1/1/22,1/24/23,16,17,Cook
11673,3/22/26,4/5/26,12,12,Lake
11674,1/1/22,1/22/24,5,7,Stephenson
11677,1/1/22,5/28/23,1,2,St. Clair
11679,12/10/24,NA,1,2,Madison
11683,1/1/22,1/7/23,10,11,DuPage
11687,1/1/22,6/12/26,9,13,Kane
11693,11/14/25,NA,10,10,Cook
11694,5/26/24,NA,9,11,LaSalle
11695,4/25/25,NA,4,5,Monroe
11696,6/6/23,NA,5,8,Cook
11697,10/28/24,NA,12,13,Kankakee
11698,1/1/22,7/27/23,10,11,Kane
11700,2/25/23,2/28/23,17,17,Hancock
11701,1/1/22,NA,7,11,Cook
11702,1/1/22,3/12/23,13,14,Will
11703,12/6/25,NA,9,9,Henry
11704,3/6/23,11/3/24,11,12,Henry
11705,1/1/22,8/10/22,2,2,Cook
11706,1/16/24,NA,13,15,Pike
11707,10/3/24,4/20/26,3,4,Will
11708,1/1/22,12/16/25,5,8,Lake
11709,1/1/22,NA,10,14,Lake
11710,1/23/25,NA,8,9,Cook
11711,5/19/23,NA,9,12,Cook
11714,1/1/22,NA,10,14,Lake
11716,1/1/22,NA,12,16,DuPage
11717,1/1/22,NA,5,9,Lake
11718,1/1/22,3/31/22,0,0,DuPage
11719,1/1/22,12/25/22,2,2,Kane
11721,1/1/22,NA,5,9,Cook
11724,1/1/22,8/27/23,0,1,Hancock
11725,10/30/25,NA,9,9,Cook
11726,1/1/22,NA,6,10,Lake
11727,1/12/23,NA,2,5,Piatt
11730,1/1/22,10/21/23,14,15,McLean
11732,3/29/23,NA,14,17,Cook
11733,7/2/25,NA,16,16,Lake
11734,1/1/22,NA,12,16,Lake
11735,9/30/22,NA,8,11,Will
11736,4/16/22,6/2/22,2,2,Will
11739,1/1/22,NA,7,11,McHenry
11740,1/1/22,4/20/25,3,6,Cook
11742,1/1/22,3/11/25,12,15,Effingham
11750,2/21/23,NA,14,17,Kane
11751,1/1/22,1/28/26,13,17,Kane
11752,1/1/22,10/8/23,1,2,Cook
11755,1/1/22,7/24/25,0,3,Peoria
11756,2/23/23,NA,14,17,Will
11757,11/3/22,NA,11,14,LaSalle
11758,7/4/24,NA,14,15,Cook
11759,1/1/22,1/27/23,15,16,Vermilion
11760,1/1/22,NA,6,10,DuPage
11761,9/1/23,NA,6,8,DuPage
11762,1/1/22,NA,8,12,McLean
11763,1/1/22,8/30/22,6,6,Jersey
11764,1/1/22,12/1/24,10,12,Cook
11766,1/1/22,5/5/26,10,14,DuPage
11767,1/1/22,4/5/25,11,14,Lake
11769,7/13/24,8/29/24,0,0,Will
11771,5/7/24,10/7/24,10,10,Kendall
11774,1/1/22,1/6/23,5,6,Bureau
11775,4/4/23,NA,5,8,McHenry
11776,1/1/22,8/20/23,14,15,Jefferson
11779,1/1/22,NA,12,16,Peoria
11780,8/23/24,4/18/26,13,14,Cook
11783,1/1/22,1/6/26,4,8,Cook
11784,6/1/23,NA,4,7,Cook
11787,1/1/22,NA,0,4,Lake
11789,1/1/22,1/23/22,8,8,Cook
11790,9/1/25,NA,9,9,Cook
11791,4/30/25,NA,7,8,Kane
11793,1/1/22,11/13/23,6,7,Lake
11797,1/1/22,5/1/23,8,9,Kane
11799,3/3/23,8/30/25,5,7,Adams
11800,1/1/22,11/28/22,16,16,McLean
11804,1/1/22,NA,5,9,Lake
11805,9/17/24,NA,0,1,Kendall
11806,6/20/26,6/22/26,0,0,Cook
11807,1/1/22,6/4/25,11,14,DuPage
11811,12/29/23,NA,10,12,Kane
11813,1/1/22,9/26/22,9,9,Cook
11814,1/1/22,1/15/22,15,15,Grundy
11815,10/27/25,NA,16,16,Jackson
11818,1/1/22,1/15/25,6,9,Will
11821,7/11/25,NA,9,9,Kankakee
11822,1/1/22,3/29/26,8,12,DuPage
11824,1/1/22,NA,5,9,Cook
11825,11/23/23,NA,10,12,Lake
11827,1/1/22,4/6/24,0,2,Will
11829,1/1/22,NA,12,16,DuPage
11830,3/31/23,10/7/25,2,4,Cook
11831,7/5/24,NA,4,5,Will
11832,1/1/22,7/6/22,1,1,Cook
11833,1/1/22,5/25/24,4,6,Kankakee
11835,12/14/25,NA,4,4,Kane
11837,2/3/24,6/26/24,12,12,McLean
11839,1/1/22,NA,3,7,Will
11840,1/1/22,8/19/23,7,8,DuPage
11845,1/1/22,NA,12,16,Will
11846,1/1/22,3/20/22,13,13,Macon
11849,11/5/22,NA,6,9,Kane
11852,1/25/23,10/9/25,12,14,Lake
11855,1/1/22,NA,4,8,Tazewell
11856,6/18/23,NA,8,11,DuPage
11857,1/1/22,8/19/23,10,11,Kane
11861,1/1/22,NA,1,5,Will
11862,1/1/22,8/22/22,5,5,DuPage
11864,1/1/22,NA,8,12,Kane
11865,4/6/25,NA,2,3,Cook
11867,11/27/25,NA,16,16,Kane
11870,6/13/25,NA,1,2,Lake
11875,5/26/26,NA,4,4,Cook
11876,12/19/22,NA,3,6,McHenry
11879,1/1/22,NA,13,17,Kane
11882,3/3/24,3/8/24,3,3,Cook
11883,6/6/24,9/26/24,9,9,Kane
11885,5/14/26,5/20/26,13,13,Lake
11886,7/17/24,NA,9,10,Lake
11888,1/1/22,NA,12,16,Adams
11890,3/1/26,NA,13,13,Champaign
11891,1/1/22,3/4/26,12,16,Will
11892,1/1/22,NA,4,8,Will
11894,5/7/26,NA,9,9,DuPage
11895,1/1/22,NA,12,16,Cook
11898,7/4/23,NA,0,2,Lake
11900,1/1/22,3/26/23,3,4,Cook
11901,1/1/22,3/26/23,11,12,Knox
11904,10/26/24,NA,4,5,Jasper
11905,1/1/22,3/24/22,16,16,Kendall
11906,6/30/22,6/5/24,11,12,Williamson
11907,1/1/22,3/8/26,4,8,Woodford
11908,1/1/22,1/27/24,0,2,Kane
11909,1/1/22,6/13/25,6,9,Kane
11911,10/16/23,2/5/25,8,9,DuPage
11912,1/1/22,12/1/25,6,9,Winnebago
11914,1/1/22,4/29/24,5,7,DuPage
11916,12/13/24,NA,15,16,DuPage
11920,7/4/23,4/25/25,2,3,Kendall
11923,1/1/22,3/22/26,2,6,Champaign
11924,9/9/23,NA,4,6,Cook
11930,1/1/22,NA,12,16,DuPage
11931,1/2/26,6/22/26,5,5,Lake
11933,5/21/22,5/25/22,17,17,Cook
11936,11/23/22,10/11/25,13,15,Kendall
11937,2/24/26,NA,5,5,Kane
11938,1/1/22,8/25/25,7,10,Cook
11940,1/1/22,NA,8,12,Lawrence
11942,1/1/22,6/21/26,4,8,Kane
11944,5/9/25,NA,5,6,LaSalle
11945,10/11/25,NA,12,12,Jackson
11946,6/21/23,NA,6,9,Coles
11948,1/1/22,8/1/22,5,5,DeKalb
11949,3/17/23,NA,6,9,McLean
11950,5/5/25,5/18/25,0,0,McHenry
11951,10/17/24,12/22/24,4,4,DuPage
11952,1/1/22,NA,10,14,Cook
11954,10/21/22,NA,7,10,Lake
11955,9/23/25,NA,15,15,DuPage
11956,1/1/22,1/30/24,2,4,Lake
11961,10/5/25,NA,8,8,Cook
11962,5/6/25,5/21/25,14,14,DuPage
11968,6/18/22,10/16/25,7,10,Lake
11969,1/1/22,5/4/25,2,5,Peoria
11970,1/1/22,NA,0,4,DuPage
11972,1/1/22,10/5/24,15,17,Cook
11974,8/12/23,NA,9,11,Cook
11976,1/6/23,NA,3,6,DeKalb
11977,2/5/23,6/16/23,13,13,Will
11981,1/1/22,NA,4,8,DeKalb
11982,1/7/24,NA,4,6,Cook
11987,1/1/22,11/3/23,3,4,Cook
11988,3/8/23,NA,7,10,Cook
11991,1/1/22,2/4/23,7,8,Rock Island
11992,9/19/23,12/1/25,5,7,Peoria
11993,1/1/22,NA,8,12,Jasper
11994,1/1/22,7/22/23,2,3,McHenry
11996,7/24/24,NA,14,15,DuPage
12002,9/15/25,6/2/26,14,14,Cook
12003,7/11/25,8/18/25,6,6,DeKalb
12004,1/1/22,5/20/24,11,13,Champaign
12005,1/1/22,NA,13,17,Cook
12007,2/21/25,NA,14,15,Sangamon
12013,8/12/25,NA,6,6,Knox
12015,1/1/22,1/15/24,14,16,Will
12016,5/2/25,NA,7,8,Kane
12017,8/20/25,NA,15,15,Iroquois
12021,1/1/22,NA,2,6,Shelby
12022,12/20/22,4/8/25,11,13,Winnebago
12023,7/31/23,NA,10,12,Cook
12026,7/23/24,NA,4,5,Williamson
12029,1/1/22,NA,12,16,Will
12030,5/18/25,NA,13,14,Lake
12032,1/1/22,NA,1,5,DuPage
12035,3/18/26,NA,7,7,DuPage
12036,1/1/22,NA,8,12,Lake
12038,1/1/22,6/19/23,5,6,Iroquois
12039,1/1/22,NA,11,15,DuPage
12041,1/1/22,6/27/26,13,17,Kane
12042,12/14/25,12/20/25,11,11,Cook
12043,4/14/24,NA,11,13,Cook
12044,2/23/24,NA,3,5,Champaign
12045,1/1/22,11/9/25,1,4,DuPage
12046,1/1/22,NA,6,10,Cook
12047,12/29/22,4/19/23,12,12,Cook
12049,10/23/22,NA,2,5,Montgomery
12051,1/1/22,NA,8,12,Kane
12053,3/6/25,NA,16,17,Cook
12055,1/1/22,8/16/25,11,14,Kane
12058,1/1/22,5/15/22,7,7,Kane
12059,1/1/22,6/5/24,2,4,Vermilion
12060,1/1/22,5/21/26,2,6,St. Clair
12062,1/1/22,10/2/25,0,3,Kane
12065,9/23/22,2/7/23,3,3,Champaign
12067,8/24/22,4/15/23,6,6,Sangamon
12068,8/18/23,5/4/26,12,14,Lake
12070,1/1/22,6/9/22,17,17,DuPage
12072,1/1/22,NA,5,9,Will
12075,1/1/22,1/3/26,2,6,DuPage
12077,1/1/22,9/12/24,7,9,Adams
12078,1/1/22,11/22/22,11,11,Lake
12079,1/1/22,NA,6,10,Cook
12082,6/26/24,NA,11,13,Bond
12083,9/7/25,NA,3,3,Cook
12086,5/29/23,4/14/24,11,11,Lake
12088,4/16/25,NA,2,3,McHenry
12089,3/21/26,NA,16,16,McHenry
12092,5/11/24,NA,13,15,DuPage
12093,3/19/24,8/13/24,3,3,Cook
12094,1/1/22,7/23/22,13,13,Christian
12095,2/9/25,NA,14,15,Kane
12096,1/1/22,NA,6,10,Sangamon
12097,8/22/23,NA,9,11,Fulton
12098,1/1/22,NA,2,6,Will
12099,1/1/22,1/21/23,15,16,Lake
12100,4/14/24,6/23/24,2,2,Cook
12101,1/1/22,NA,13,17,Grundy
12102,1/1/22,9/7/22,7,7,Will
12104,3/19/22,NA,11,15,Cook
12105,2/11/22,NA,10,14,Lake
12106,9/23/25,NA,15,15,Cook
12109,6/11/22,NA,12,16,Will
12111,2/9/25,NA,4,5,DuPage
12114,1/1/22,12/20/25,2,5,Cook
12115,1/1/22,NA,9,13,Cook
12117,1/1/22,NA,13,17,St. Clair
12119,1/1/22,10/25/22,16,16,DuPage
12120,1/1/22,8/7/23,10,11,Cook
12122,5/9/24,NA,10,12,De Witt
12125,1/30/24,NA,9,11,Lake
12127,1/1/22,8/26/23,15,16,Lake
12129,6/8/22,6/10/24,15,17,McLean
12130,1/17/25,NA,12,13,Christian
12132,10/12/24,7/2/25,0,0,Cook
12136,5/16/25,NA,16,17,Kane
12138,2/11/23,NA,5,8,Champaign
12140,1/1/22,10/4/24,6,8,Lake
12147,1/1/22,5/1/23,12,13,Cook
12149,9/3/25,NA,14,14,McLean
12150,11/15/24,NA,4,5,Cook
12151,1/1/22,9/5/22,8,8,Cook
12152,7/27/23,NA,14,16,Madison
12153,1/1/22,7/21/24,15,17,Knox
12155,5/19/24,NA,2,4,DeKalb
12157,11/18/25,NA,2,2,Cook
12158,9/30/22,9/2/23,12,12,Lake
12160,10/15/24,NA,8,9,LaSalle
12161,1/1/22,4/20/25,12,15,St. Clair
12163,1/1/22,8/5/25,7,10,Kane
12164,1/1/22,NA,3,7,Cook
12166,4/29/24,NA,4,6,Kane
12168,1/1/22,NA,4,8,Will
12169,3/27/26,NA,4,4,Peoria
12172,6/3/24,NA,0,2,Cook
12174,1/1/22,6/28/22,0,0,Cook
12175,1/1/22,6/23/24,6,8,Macoupin
12178,1/1/22,NA,10,14,Cook
12180,10/16/24,NA,0,1,Mercer
12184,3/4/23,2/28/25,2,3,Lake
12185,12/10/22,NA,1,4,Stephenson
12186,12/13/25,12/23/25,13,13,Monroe
12187,1/1/22,NA,5,9,Will
12188,1/1/22,9/7/23,7,8,Champaign
12190,1/1/22,NA,0,4,Will
12191,8/9/23,NA,10,12,Greene
12192,9/17/25,NA,17,17,Cook
12194,6/6/22,NA,0,4,Cook
12195,1/1/22,4/22/23,1,2,LaSalle
12196,1/26/25,NA,8,9,Kane
12197,12/28/22,2/19/23,7,7,Lake
12199,1/1/22,6/15/22,17,17,Scott
12200,1/1/22,10/24/22,6,6,DuPage
12201,2/12/25,NA,8,9,Will
12202,1/1/22,NA,1,5,Cook
12203,1/1/22,7/13/25,5,8,Tazewell
12206,3/22/24,NA,2,4,Lake
12208,1/1/22,4/2/23,0,1,DeKalb
12213,5/18/23,5/19/23,3,3,Cook
12215,1/1/22,NA,6,10,Fayette
12218,1/1/22,4/27/23,13,14,DuPage
12219,1/1/22,3/20/24,2,4,Will
12220,3/21/22,12/10/25,9,12,Cook
12221,1/1/22,7/16/22,2,2,Clinton
12223,1/1/22,NA,13,17,Bond
12224,1/1/22,6/9/25,0,3,Cook
12225,2/11/22,NA,5,9,Will
12233,1/1/22,NA,6,10,Cook
12234,1/1/22,12/27/24,13,15,Stephenson
12237,7/22/25,NA,16,16,Will
12245,1/1/22,7/18/23,1,2,Cook
12246,5/10/22,NA,11,15,DuPage
12248,7/20/24,NA,0,1,DuPage
12249,11/20/23,NA,12,14,Kane
12250,9/2/23,NA,14,16,DuPage
12251,1/1/22,6/13/26,10,14,Cook
12252,8/10/23,NA,3,5,Cook
12253,1/1/22,2/27/24,2,4,Kendall
12256,1/1/22,9/29/24,12,14,Saline
12257,2/17/26,NA,13,13,DuPage
12258,1/1/22,4/24/25,3,6,Cook
12260,1/1/22,NA,7,11,DuPage
12262,1/1/22,NA,10,14,McHenry
12263,1/1/22,9/27/24,2,4,Lake
12266,1/1/22,11/11/22,11,11,DeKalb
12269,2/5/22,3/25/22,16,16,DuPage
12272,2/18/23,NA,14,17,Kane
12273,1/1/22,3/27/23,12,13,Cook
12276,1/1/22,NA,7,11,Cook
12279,1/1/22,12/7/22,15,15,Champaign
12282,3/18/22,NA,3,7,Williamson
12283,5/31/24,NA,5,7,Will
12285,8/12/25,NA,12,12,Kane
12286,4/20/22,9/19/23,0,1,Cook
12290,5/23/26,NA,15,15,Cook
12292,1/1/22,10/6/24,7,9,Knox
12294,1/1/22,8/17/24,8,10,Cook
12295,1/1/22,NA,8,12,DuPage
12297,7/1/25,NA,15,16,Ford
12300,1/1/22,NA,9,13,Kane
12305,5/3/25,NA,10,11,DuPage
12307,1/13/25,NA,12,13,McHenry
12308,4/21/24,NA,14,16,Cook
12309,10/6/25,NA,14,14,Cook
12310,1/1/22,2/3/25,0,3,St. Clair
12311,5/11/26,NA,6,6,Cook
12312,3/20/22,1/27/23,1,1,McHenry
12313,4/3/26,NA,17,17,Iroquois
12314,2/10/25,NA,4,5,Cook
12315,1/1/22,NA,0,4,Clark
12316,1/1/22,5/18/24,0,2,Cook
12319,4/25/24,9/19/25,10,11,Champaign
12320,1/1/22,NA,11,15,Will
12321,6/8/26,NA,1,1,Kane
12323,6/2/22,3/27/24,0,1,Henry
12325,1/1/22,7/23/24,0,2,Kane
12327,1/1/22,4/14/22,0,0,Rock Island
12328,1/1/22,NA,9,13,McHenry
12329,4/19/22,8/23/25,2,5,DuPage
12333,1/1/22,NA,2,6,Lake
12335,1/1/22,NA,1,5,Cook
12337,12/8/23,11/12/24,3,3,Grundy
12338,1/1/22,NA,7,11,McHenry
12343,1/13/25,NA,0,1,Sangamon
12344,1/1/22,6/24/22,2,2,Kane
12346,12/24/24,12/30/24,8,8,DuPage
12347,1/1/22,3/6/22,17,17,Rock Island
12351,1/1/22,11/23/24,0,2,Kane
12352,1/1/22,6/24/24,11,13,DuPage
12353,1/1/22,10/16/22,8,8,Will
12355,3/19/22,NA,2,6,Tazewell
12356,8/5/23,8/6/23,12,12,Will
12360,3/18/25,NA,2,3,Cook
12362,1/1/22,12/16/24,3,5,Jackson
12364,1/1/22,9/27/25,5,8,Lake
12365,12/3/25,NA,16,16,DuPage
12366,6/18/25,NA,0,1,Kankakee
12367,5/4/25,12/26/25,13,13,Rock Island
12368,1/1/22,1/2/26,4,8,Boone
12369,1/1/22,NA,4,8,Kane
12370,1/1/22,9/15/25,6,9,Cook
12371,1/1/22,NA,9,13,Will
12372,1/1/22,4/19/26,9,13,Kane
12375,10/23/24,NA,9,10,Boone
12377,4/1/25,NA,0,1,Champaign
12378,7/15/23,NA,14,16,Kane
12379,8/23/25,12/2/25,2,2,Cook
12380,7/8/25,NA,8,8,Cook
12381,1/1/22,4/20/24,13,15,Madison
12382,11/11/24,12/17/24,2,2,Cook
12383,8/22/25,NA,1,1,Cook
12384,1/1/22,3/17/23,9,10,Lake
12385,1/1/22,10/28/25,5,8,Jackson
12388,1/1/22,8/2/24,3,5,Cook
12389,1/1/22,8/4/23,9,10,Kendall
12390,1/1/22,NA,5,9,Cook
12391,1/1/22,5/3/24,3,5,Kankakee
12394,2/22/24,NA,5,7,DuPage
12395,1/1/22,10/16/22,17,17,Kane
12396,1/1/22,NA,13,17,Cook
12397,9/25/22,11/3/22,5,5,DeKalb
12404,1/1/22,NA,10,14,DuPage
12405,1/1/22,11/18/25,3,6,Christian
12406,5/4/25,NA,4,5,DuPage
12407,9/28/22,10/12/25,11,14,Lawrence
12408,1/1/22,4/15/24,9,11,Lake
12409,10/7/23,NA,3,5,Will
12413,8/26/22,1/2/25,1,3,Will
12417,1/1/22,4/20/26,0,4,Cook
12419,3/29/25,NA,12,13,McLean
12421,1/1/22,NA,11,15,Will
12422,9/16/25,NA,3,3,DuPage
12423,6/27/24,NA,5,7,Kane
12424,1/1/22,6/7/23,10,11,McHenry
12430,1/1/22,11/8/24,12,14,Lake
12431,10/25/25,NA,11,11,Cook
12433,1/1/22,5/11/24,12,14,Kendall
12434,11/4/24,NA,5,6,Sangamon
12436,3/18/24,NA,1,3,Whiteside
12438,5/18/25,7/31/25,5,5,Will
12440,8/20/22,NA,11,14,DuPage
12442,1/1/22,11/21/22,17,17,Will
12450,1/1/22,11/13/24,10,12,Lake
12451,8/13/22,10/23/24,12,14,DuPage
12455,3/30/25,NA,15,16,Winnebago
12456,4/20/24,NA,10,12,Crawford
12457,4/5/23,NA,6,9,DuPage
12458,4/29/22,10/21/22,16,16,McLean
12462,1/1/22,NA,10,14,Will
12463,1/1/22,NA,2,6,Kane
12465,3/13/24,NA,5,7,Cook
12468,1/1/22,12/27/23,10,11,Cook
12470,6/20/23,6/1/26,5,7,Cook
12472,11/24/22,12/10/22,9,9,Cook
12473,1/31/25,NA,9,10,Cook
12474,1/1/22,9/11/24,13,15,Will
12479,1/1/22,12/30/22,16,16,Cook
12481,1/1/22,4/14/26,3,7,Tazewell
12483,5/10/24,NA,3,5,DuPage
12485,1/1/22,NA,13,17,Will
12486,4/11/25,NA,15,16,McLean
12488,1/1/22,12/3/24,7,9,Cook
12489,1/1/22,5/25/23,5,6,Boone
12493,1/1/22,8/26/25,4,7,Lake
12494,1/1/24,NA,12,14,Cook
12496,1/21/26,NA,10,10,DuPage
12497,1/1/22,NA,8,12,Cook
12498,10/14/25,NA,14,14,Kane
12499,3/21/26,NA,2,2,Cook
12500,5/27/25,7/15/25,0,0,Cook
12503,1/1/22,9/2/25,7,10,DuPage
12507,1/1/22,NA,0,4,Cook
12508,1/1/22,NA,13,17,Lake
12509,1/1/22,NA,8,12,McHenry
12512,7/16/22,NA,13,16,Madison
12514,3/2/26,NA,14,14,Williamson
12515,1/1/22,NA,13,17,Lake
12516,1/1/22,NA,7,11,Bond
12519,1/1/22,NA,5,9,Cook
12520,1/1/22,10/18/23,0,1,McHenry
12522,1/1/22,11/29/24,11,13,Will
12523,12/12/25,NA,2,2,DuPage
12525,1/1/22,1/3/22,16,16,Macoupin
12526,1/1/22,NA,13,17,Cook
12529,11/25/25,11/30/25,8,8,Clinton
12530,1/1/22,NA,11,15,Cook
12531,1/29/23,NA,0,3,Cook
12534,1/1/22,8/18/23,15,16,Knox
12535,6/29/24,NA,12,14,Cook
12537,4/23/23,8/8/23,14,14,Cook
12539,1/1/22,12/1/22,0,0,Hamilton
12540,1/1/22,NA,0,4,Madison
12542,10/23/25,NA,8,8,Lake
12544,1/20/22,NA,4,8,Lake
12546,1/1/22,NA,2,6,Will
12547,4/6/24,10/18/24,17,17,DeKalb
12548,2/17/23,NA,12,15,Winnebago
12555,1/1/22,8/20/23,12,13,Will
12556,12/19/23,NA,8,10,Cook
12560,7/19/25,NA,2,2,Cook
12562,1/1/22,NA,13,17,Cook
12564,1/28/25,NA,16,17,Cook
12565,1/1/22,9/11/23,5,6,Cook
12569,3/16/23,3/23/23,1,1,Will
12574,1/10/23,1/10/24,11,12,DuPage
12580,8/7/22,8/15/24,1,3,Peoria
12583,1/1/22,NA,7,11,Kane
12588,9/18/23,NA,3,5,Jersey
12589,12/3/22,11/5/24,4,5,Cook
12590,7/18/23,7/16/24,16,16,Jersey
12592,11/12/23,NA,8,10,Champaign
12596,10/31/23,NA,9,11,Bureau
12598,1/1/22,NA,4,8,McHenry
12599,1/7/26,NA,6,6,Cook
12604,1/1/22,5/31/24,3,5,Cook
12607,4/17/25,NA,3,4,Champaign
12609,1/1/22,3/14/24,6,8,Kane
12610,10/6/22,NA,6,9,DuPage
12611,1/1/22,4/5/25,14,17,Kankakee
12613,1/1/22,10/14/23,14,15,DuPage
12614,1/1/22,1/26/25,4,7,Grundy
12615,1/7/24,NA,15,17,Kane
12616,1/1/22,1/15/24,4,6,Lake
12618,1/1/22,10/11/25,5,8,Logan
12619,5/6/22,NA,3,7,Will
12621,1/1/22,12/7/23,15,16,Cook
12623,1/1/22,1/25/24,13,15,Will
12625,6/28/22,NA,7,11,Clay
12631,1/1/22,1/8/22,12,12,Morgan
12632,12/7/25,NA,15,15,Lake
12634,1/1/22,2/6/23,16,17,Henry
12636,1/1/22,8/27/22,12,12,DuPage
12637,5/22/24,NA,8,10,Macon
12638,1/1/22,3/26/24,8,10,DeKalb
12642,1/1/22,NA,1,5,Lake
12643,1/1/22,8/23/22,14,14,Lake
12644,1/6/25,1/17/25,4,4,McLean
12645,5/24/22,NA,13,17,Ogle
12646,1/1/22,6/3/23,13,14,Winnebago
12647,1/1/22,NA,13,17,Will
12649,6/18/22,12/25/24,13,15,Cook
12651,1/1/22,3/25/23,7,8,McHenry
12652,12/20/25,NA,15,15,Cook
12653,4/25/26,NA,2,2,Will
12655,8/1/22,2/19/26,4,7,Rock Island
12656,1/1/22,12/29/22,5,5,Sangamon
12663,1/1/22,NA,10,14,Cook
12664,11/30/25,3/14/26,6,6,Lake
12668,1/9/26,NA,11,11,Will
12671,9/5/24,9/6/25,9,10,DuPage
12676,4/1/25,5/12/25,8,8,Kane
12678,4/23/25,NA,7,8,Rock Island
12683,1/1/22,2/27/26,8,12,Kendall
12686,1/1/22,NA,3,7,Cook
12688,2/28/25,NA,3,4,Kane
12689,1/1/22,1/10/23,11,12,Macon
12693,3/4/24,NA,10,12,Cook
12694,1/1/22,3/5/25,6,9,Champaign
12695,1/1/22,12/15/25,9,12,Boone
12696,1/1/22,NA,3,7,Cook
12698,1/1/22,7/18/24,13,15,Union
12699,1/1/22,3/7/25,9,12,Sangamon
12705,2/25/22,9/29/24,8,10,Tazewell
12706,1/1/22,1/8/23,0,1,Cook
12707,9/12/23,NA,12,14,Cook
12708,1/1/22,10/29/24,8,10,Ogle
12709,12/11/23,NA,15,17,Fulton
12710,1/1/22,NA,4,8,Cook
12711,12/11/24,NA,11,12,Will
12714,1/1/22,5/27/26,9,13,Will
12715,11/9/24,NA,15,16,St. Clair
12716,1/1/22,10/30/22,8,8,Cook
12721,1/1/22,NA,4,8,Rock Island
12722,7/11/24,9/11/24,6,6,Lake
12724,10/11/25,NA,0,0,Will
12725,9/23/23,NA,6,8,Champaign
12726,1/1/22,NA,5,9,Will
12727,11/9/25,NA,10,10,Pope
12732,1/1/22,NA,9,13,Whiteside
12733,1/1/22,9/18/22,3,3,Williamson
12734,12/29/22,NA,8,11,Peoria
12735,1/20/24,NA,7,9,Cook
12736,5/25/25,NA,0,1,Boone
12738,5/13/26,NA,10,10,Tazewell
12740,1/1/22,10/24/24,9,11,Cumberland
12744,7/29/25,NA,12,12,Cook
12748,2/20/25,NA,2,3,Sangamon
12750,5/31/25,NA,2,3,Lake
12751,1/1/22,NA,3,7,Kane
12754,1/1/22,1/20/23,2,3,Adams
12757,3/11/23,9/9/23,3,3,Cook
12758,1/1/22,NA,3,7,Cook
12760,1/1/22,9/24/23,0,1,Putnam
12761,1/1/22,NA,3,7,Peoria
12762,2/23/23,NA,13,16,DuPage
12763,1/1/22,NA,8,12,Tazewell
12767,1/1/22,NA,10,14,Cumberland
12769,1/1/22,8/29/22,9,9,Cook
12770,1/1/22,NA,10,14,McLean
12771,1/6/24,2/13/24,9,9,Lake
12773,1/1/22,6/21/26,13,17,Iroquois
12774,1/1/22,2/3/22,9,9,Greene
12776,12/22/25,NA,12,12,Will
12777,1/1/22,11/30/24,15,17,Cook
12779,4/15/22,7/29/25,9,12,St. Clair
12783,10/3/23,NA,0,2,Kane
12787,1/1/22,NA,8,12,Kane
12789,9/22/25,NA,16,16,Lake
12790,1/1/22,7/13/23,1,2,Lake
12793,2/7/25,NA,2,3,Kane
12795,1/1/22,5/10/24,12,14,Will
12796,2/14/26,NA,12,12,Hancock
12797,4/12/26,NA,11,11,Whiteside
12798,1/1/22,9/14/23,6,7,Cook
12800,7/16/22,NA,6,9,Lake
12803,1/1/22,4/30/22,9,9,Lake
12804,1/1/22,3/28/24,6,8,Cook
12805,4/3/25,NA,5,6,Lake
12806,1/10/23,NA,10,13,Lake
12809,5/24/22,2/15/23,12,12,Cook
12810,2/3/22,3/11/26,6,10,Kendall
12811,6/12/25,NA,9,10,Cook
12812,1/1/22,NA,3,7,Rock Island
12813,1/21/26,NA,9,9,Lake
12814,11/21/24,NA,12,13,Rock Island
12815,1/1/22,5/28/25,11,14,Cook
12818,1/8/23,NA,6,9,Cook
12820,12/18/22,NA,11,14,Lake
12821,9/26/22,6/7/26,4,7,McLean
12822,2/13/24,9/25/24,3,3,Cook
12823,1/1/22,4/24/23,9,10,Adams
12824,1/1/22,NA,9,13,St. Clair
12826,8/18/22,8/19/22,3,3,Marion
12827,1/1/22,3/25/25,11,14,Lake
12828,1/1/22,4/19/23,6,7,Lake
12830,7/25/25,NA,7,7,DuPage
12831,1/1/22,5/17/22,6,6,Lake
12832,4/18/22,11/18/24,5,7,Cook
12834,1/1/22,11/16/24,12,14,Logan
12835,12/13/23,5/7/24,8,8,Will
12836,1/1/22,11/23/23,3,4,Cook
12839,1/1/22,6/22/22,6,6,Kankakee
12840,1/1/22,9/17/23,4,5,DuPage
12842,1/1/22,NA,11,15,Kane
12843,1/1/22,10/5/24,3,5,Madison
12844,1/1/22,2/8/22,11,11,DuPage
12845,1/1/22,2/14/24,13,15,Cook
12846,1/1/22,NA,6,10,Lake
12849,4/10/25,NA,3,4,McHenry
12851,12/14/25,NA,14,14,Pike
12853,11/9/24,NA,12,13,Mercer
12856,7/4/24,NA,15,16,Cook
12858,1/1/22,NA,0,4,Will
12866,1/1/22,2/15/25,5,8,Lake
12867,7/21/23,NA,2,4,Lake
12868,1/17/24,NA,13,15,DuPage
12870,3/21/22,10/10/22,10,10,Madison
12877,5/3/23,NA,7,10,DuPage
12879,1/1/22,9/19/22,2,2,Lake
12880,1/1/22,9/24/23,5,6,Wabash
12881,1/1/22,1/22/25,12,15,Macon
12883,1/1/22,10/18/23,15,16,DuPage
12884,3/26/25,NA,6,7,Vermilion
12885,6/13/24,11/26/24,15,15,Cook
12886,1/1/22,6/1/22,15,15,Will
12887,1/1/22,NA,13,17,Cook
12889,1/1/22,9/18/23,15,16,Cook
12892,1/1/22,1/28/22,10,10,Marion
12895,12/24/23,10/31/24,6,6,Cook
12897,1/1/22,2/5/22,17,17,Ogle
12899,1/1/22,8/5/22,14,14,DuPage
12901,1/1/22,6/1/22,10,10,Cook
12902,7/23/24,NA,5,6,LaSalle
12903,6/13/22,NA,1,5,Lake
12904,3/7/22,2/8/25,10,12,Cook
12905,1/1/22,6/11/24,7,9,Sangamon
12907,10/1/25,NA,9,9,Cook
12910,10/27/25,NA,10,10,Lake
12914,10/2/24,11/8/24,14,14,DuPage
12915,1/1/22,NA,11,15,Will
12916,1/1/22,9/14/22,9,9,Winnebago
12918,1/1/22,6/25/24,6,8,Cook
12922,11/5/23,NA,2,4,Cook
12923,1/1/22,NA,0,4,Cook
12926,10/12/23,NA,6,8,Tazewell
12927,1/1/22,NA,3,7,McHenry
12928,7/6/25,NA,8,8,McHenry
12937,11/4/23,NA,10,12,Lake
12940,10/23/22,2/16/23,11,11,Lake
12941,9/1/25,NA,10,10,DuPage
12942,6/3/26,NA,14,14,Macon
12943,1/1/25,3/16/26,12,13,Monroe
12946,1/1/22,NA,13,17,McLean
12947,1/1/22,2/12/23,16,17,Kane
12950,1/14/22,5/3/25,4,7,DuPage
12951,1/23/22,4/20/23,16,17,Cook
12958,2/28/23,11/25/24,12,13,Kane
12959,1/1/22,7/19/25,3,6,Cook
12960,5/4/22,6/2/22,3,3,Rock Island
12961,1/1/22,NA,11,15,DuPage
12962,7/1/24,8/6/24,10,10,McLean
12964,9/22/22,4/3/25,15,17,Cook
12967,1/1/22,10/6/24,12,14,DuPage
12969,8/31/22,7/11/24,14,15,Vermilion
12972,6/2/22,8/21/22,17,17,DeKalb
12977,1/1/22,12/6/23,2,3,Cook
12979,5/8/22,NA,13,17,Coles
12981,1/1/22,9/4/25,5,8,Cook
12984,6/29/24,12/27/25,15,16,McHenry
12986,11/7/24,10/13/25,15,15,Will
12987,1/1/22,NA,9,13,Kane
12988,1/1/22,11/6/25,13,16,Champaign
12990,1/1/22,10/2/22,10,10,Will
12991,1/1/22,NA,11,15,Greene
12995,1/1/22,8/30/24,4,6,Mason
12997,1/1/22,NA,7,11,Lake
12999,8/6/22,NA,4,7,McHenry
13000,5/23/25,NA,5,6,DuPage
13001,12/2/23,3/26/24,8,8,Lake
13002,1/1/22,2/13/26,7,11,Cook
13004,5/24/26,NA,5,5,Cook
13006,11/8/25,NA,14,14,Cook
13007,3/4/26,NA,7,7,Cook
13009,1/1/22,NA,1,5,Peoria
13011,1/1/22,NA,13,17,Will
13012,2/10/24,NA,6,8,Jackson
13013,1/1/22,NA,10,14,Kane
13016,10/4/24,NA,10,11,Cook
13017,7/5/23,NA,11,13,McHenry
13020,1/1/22,3/28/24,10,12,Woodford
13021,2/18/22,NA,12,16,Macon
13022,1/1/22,5/14/23,10,11,Will
13023,7/7/22,7/31/22,14,14,Lake
13024,1/1/22,2/4/24,15,17,Winnebago
13025,8/18/22,NA,8,11,Monroe
13027,1/1/22,7/9/23,12,13,Woodford
13028,1/1/22,12/16/25,5,8,Cook
13029,6/17/22,5/25/25,5,7,DuPage
13030,7/17/23,NA,3,5,Cook
13032,8/29/22,3/25/25,15,17,Macon
13033,1/12/24,6/25/25,16,17,Cook
13034,4/14/25,NA,4,5,Williamson
13035,1/11/25,NA,0,1,Kankakee
13036,11/30/25,NA,17,17,Jo Daviess
13038,1/1/22,12/19/23,12,13,Will
13039,1/1/22,7/9/23,16,17,Saline
13040,1/1/22,NA,11,15,LaSalle
13041,1/1/22,11/29/22,4,4,Coles
13043,9/9/23,10/15/23,0,0,Lake
13044,11/13/24,6/29/25,12,12,Cook
13047,11/20/24,NA,11,12,DuPage
13051,1/1/22,4/4/22,16,16,Champaign
13053,7/20/25,NA,9,9,DuPage
13054,10/31/23,4/1/25,8,9,Lake
13058,2/11/25,NA,3,4,Cook
13060,1/1/22,NA,4,8,Will
13061,1/1/22,NA,8,12,Cook
13062,1/1/22,7/13/22,10,10,Clinton
13063,6/29/26,NA,12,12,Cook
13065,2/18/22,4/22/22,4,4,LaSalle
13066,1/1/22,3/4/23,3,4,Grundy
13068,4/23/22,6/3/26,10,14,Cook
13071,2/19/23,NA,13,16,DuPage
13072,1/1/22,NA,11,15,McLean
13073,10/8/22,1/9/26,2,5,LaSalle
13076,1/1/22,NA,0,4,Lake
13078,10/27/25,NA,11,11,McDonough
13079,1/1/22,4/14/22,3,3,Lake
13080,8/12/23,NA,0,2,Lake
13087,6/21/25,NA,15,16,DuPage
13089,2/7/25,2/21/26,9,10,McHenry
13091,1/1/22,NA,4,8,Kane
13092,1/1/22,7/1/22,14,14,Cook
13095,1/29/24,NA,3,5,Sangamon
13097,1/1/22,1/11/22,12,12,Cook
13098,1/1/22,11/15/22,2,2,Winnebago
13100,5/8/22,2/25/23,17,17,Will
13101,5/30/24,6/19/24,4,4,McLean
13102,1/1/22,6/19/24,15,17,McHenry
13103,9/12/24,3/29/25,16,16,DuPage
13104,10/31/25,5/14/26,8,8,Cook
13105,8/14/22,5/6/25,14,16,Kane
13106,5/8/24,NA,15,17,Putnam
13109,2/7/26,NA,12,12,DuPage
13110,9/28/24,11/22/24,1,1,DuPage
13111,6/13/24,NA,2,4,Cook
13116,6/4/26,NA,13,13,Will
13118,1/1/22,NA,11,15,Kane
13120,1/1/22,3/24/23,13,14,Rock Island
13121,12/17/23,11/18/25,10,11,Bond
13123,1/1/22,5/9/26,4,8,Will
13124,1/1/22,5/12/24,15,17,Cook
13125,4/1/22,NA,6,10,DuPage
13126,1/1/22,8/22/22,4,4,Coles
13127,1/1/22,NA,0,4,Grundy
13128,3/15/24,6/3/24,14,14,Whiteside
13131,1/1/22,2/28/23,3,4,Fayette
13132,7/20/24,NA,9,10,Winnebago
13133,2/19/22,NA,9,13,Will
13135,1/1/22,10/14/23,16,17,Cook
13138,1/1/22,5/30/23,11,12,Kendall
13139,1/1/22,8/27/24,7,9,Cook
13140,1/1/22,NA,12,16,Will
13141,1/1/22,1/5/23,5,6,McDonough
13142,3/1/25,5/13/25,9,9,Whiteside
13143,1/1/22,6/23/26,0,4,Kendall
13146,1/23/23,3/31/25,13,15,Cook
13147,1/1/22,8/23/22,7,7,Kane
13148,1/1/22,NA,10,14,Marshall
13151,1/1/22,2/16/26,3,7,McHenry
13152,1/1/22,5/19/26,2,6,DuPage
13153,1/1/22,9/7/25,8,11,Cook
13154,8/4/24,NA,11,12,Cook
13155,5/8/24,NA,9,11,Henry
13156,8/9/23,9/23/23,1,1,Lake
13157,8/3/24,12/31/24,13,13,Fayette
13158,2/21/22,11/25/22,13,13,Kane
13160,12/13/23,NA,6,8,Will
13163,8/19/24,NA,16,17,Jersey
13166,1/1/22,6/2/25,10,13,Cook
13168,6/27/22,9/5/25,8,11,Vermilion
13169,12/15/23,NA,4,6,Lake
13171,1/1/22,1/31/25,10,13,Kane
13174,1/1/22,4/20/25,8,11,DuPage
13175,3/1/23,8/21/23,7,7,Cook
13176,1/1/22,3/9/24,2,4,LaSalle
13177,1/1/22,NA,1,5,Cook
13179,4/2/22,NA,7,11,Winnebago
13180,4/3/25,NA,12,13,Lake
13181,6/27/24,7/14/24,8,8,Cook
13182,1/1/22,4/30/23,11,12,Henderson
13183,11/22/22,1/16/25,5,7,Lake
13188,1/1/22,2/23/22,8,8,Cook
13189,1/1/22,NA,10,14,Iroquois
13190,10/22/22,5/30/26,4,7,Henry
13192,1/1/22,NA,1,5,Kane
13193,6/2/22,1/4/25,15,17,DuPage
13196,1/1/22,5/21/23,8,9,Tazewell
13197,1/9/26,NA,1,1,Perry
13199,1/1/22,3/26/25,14,17,Grundy
13201,1/1/22,7/28/22,11,11,Cook
13202,11/29/24,3/5/25,5,5,Mercer
13203,1/1/22,NA,10,14,Kane
13208,7/6/24,11/6/24,7,7,Cook
13209,10/14/25,2/27/26,7,7,Cook
13213,1/1/22,NA,11,15,Cook
13214,1/1/22,NA,11,15,Vermilion
13215,2/11/25,NA,13,14,LaSalle
13217,1/1/22,NA,7,11,Montgomery
13219,1/1/22,6/17/23,16,17,Lake
13220,6/4/23,8/5/25,3,5,Lawrence
13221,1/1/22,9/11/23,1,2,Williamson
13225,1/1/22,NA,7,11,LaSalle
13226,1/1/22,7/30/25,10,13,McHenry
13227,5/8/26,NA,1,1,Richland
13228,4/24/25,NA,6,7,Will
13229,5/14/26,NA,0,0,Woodford
13233,1/1/22,6/2/23,13,14,Lake
13235,1/1/22,NA,10,14,Lake
13236,1/1/22,3/25/25,10,13,McDonough
13237,1/1/22,3/8/22,8,8,Madison
13238,1/1/22,NA,8,12,Cook
13239,1/1/22,3/15/26,1,5,Cook
13240,7/3/23,NA,5,7,Will
13241,1/1/22,2/2/26,0,4,Lake
13243,2/13/22,NA,1,5,Cumberland
13245,5/31/25,NA,15,16,Monroe
13246,6/14/24,NA,15,17,DuPage
13247,1/1/22,2/11/25,10,13,Kendall
13249,2/9/25,NA,3,4,Effingham
13250,1/1/22,7/21/25,2,5,Madison
13251,4/27/25,NA,15,16,McLean
13253,11/20/24,NA,3,4,Cook
13255,1/1/22,5/5/24,14,16,Kane
13257,1/1/22,3/29/22,1,1,DuPage
13260,1/20/23,NA,13,16,Will
13263,6/27/22,NA,13,17,Cook
13264,1/1/22,2/4/23,8,9,DuPage
13265,1/21/26,NA,3,3,Winnebago
13266,1/1/22,NA,0,4,Will
13267,1/1/22,NA,7,11,Cook
13268,1/1/22,NA,11,15,DuPage
13270,5/3/26,NA,1,1,Kendall
13275,1/1/22,11/6/25,8,11,McHenry
13277,6/8/24,6/9/24,8,8,Cook
13279,2/28/24,NA,8,10,Cook
13280,1/1/22,NA,4,8,Washington
13284,9/26/25,NA,16,16,Lake
13285,1/1/22,NA,10,14,Madison
13286,9/23/24,NA,0,1,Whiteside
13287,1/1/22,NA,5,9,DuPage
13289,1/1/22,3/3/24,13,15,Cook
13291,1/1/22,2/22/24,8,10,Kane
13293,3/14/22,9/2/23,4,5,Boone
13294,12/4/23,5/26/26,9,11,Lake
13300,6/19/26,NA,5,5,DuPage
13303,2/5/23,3/1/23,9,9,McLean
13305,8/7/22,NA,1,4,Union
13306,3/25/25,NA,3,4,Kane
13308,1/1/22,9/30/24,11,13,Will
13312,9/22/22,4/3/26,4,7,Cook
13314,1/1/22,NA,5,9,Whiteside
13315,1/1/22,1/18/24,12,14,Cook
13316,1/1/22,3/18/22,7,7,Madison
13317,8/22/24,NA,2,3,McHenry
13318,1/1/22,6/9/22,1,1,Cook
13319,2/7/22,5/20/22,1,1,Shelby
13321,1/1/22,1/27/26,11,15,Kane
13323,3/5/25,NA,6,7,Ogle
13326,3/28/25,NA,6,7,Will
13328,1/14/25,NA,12,13,DuPage
13333,5/19/25,NA,11,12,Kane
13334,6/26/23,NA,12,15,Macon
13336,1/1/22,NA,12,16,St. Clair
13337,3/17/22,NA,10,14,Will
13338,10/22/23,NA,3,5,Will
13339,9/17/25,NA,3,3,McHenry
13340,1/9/22,NA,8,12,Lake
13343,1/1/22,NA,11,15,Kane
13345,2/7/26,5/8/26,3,3,Cook
13346,1/1/22,4/7/22,14,14,Brown
13347,5/10/24,NA,15,17,Lake
13348,1/1/22,NA,12,16,Cook
13349,4/9/24,7/9/24,10,10,Knox
13352,3/2/26,NA,13,13,Kane
13357,10/20/22,10/21/22,13,13,Macoupin
13358,2/11/25,NA,1,2,Cook
13359,1/1/22,NA,2,6,Macoupin
13360,10/22/23,NA,2,4,Champaign
13361,4/10/25,NA,14,15,Kankakee
13363,1/1/22,NA,6,10,Ogle
13364,1/1/22,11/12/22,17,17,Will
13367,1/1/22,NA,12,16,Randolph
13368,6/9/23,NA,1,4,Cook
13369,1/1/22,1/2/23,7,8,Cook
13372,1/1/22,3/7/22,7,7,DuPage
13376,4/29/26,NA,16,16,Winnebago
13379,8/19/23,NA,14,16,DuPage
13390,1/1/22,8/11/23,9,10,Jo Daviess
13391,3/27/24,NA,2,4,Kankakee
13394,9/22/23,2/23/24,2,2,DuPage
13395,1/1/22,NA,9,13,Will
13396,1/1/22,12/20/25,11,14,Lake
13397,1/1/22,12/16/23,2,3,Kankakee
13398,3/11/22,NA,11,15,Will
13400,1/1/22,8/3/22,16,16,Cook
13401,1/1/22,9/6/23,2,3,McLean
13402,1/1/22,7/5/23,1,2,Cook
13404,4/1/22,6/25/22,8,8,Sangamon
13405,6/5/25,NA,9,10,DuPage
13407,1/1/22,1/8/24,9,11,Livingston
13408,7/29/23,6/8/26,0,2,Grundy
13409,1/1/22,NA,2,6,Will
13413,1/1/22,12/9/23,10,11,Cook
13414,1/1/22,NA,11,15,Kane
13415,12/12/24,NA,4,5,Kane
13416,1/1/22,8/27/24,3,5,Hamilton
13417,2/5/25,NA,8,9,DuPage
13419,1/1/22,NA,3,7,Winnebago
13422,1/1/22,6/14/22,1,1,Iroquois
13423,1/1/22,5/15/23,0,1,Kane
13424,2/9/24,NA,7,9,St. Clair
13427,1/1/22,10/25/24,7,9,Cook
13429,1/1/22,2/21/22,10,10,Knox
13430,1/1/22,6/29/24,5,7,Will
13431,6/4/22,12/13/23,8,9,Cook
13437,1/1/22,NA,2,6,Lake
13440,1/1/22,4/14/23,2,3,Clinton
13441,1/1/22,5/13/26,3,7,Will
13442,1/9/22,NA,2,6,Madison
13443,1/1/22,NA,8,12,DuPage
13444,3/27/25,NA,13,14,Vermilion
13451,9/7/22,5/3/25,11,13,DuPage
13452,1/1/22,1/19/23,0,1,Lake
13455,10/16/22,7/22/24,11,12,Cook
13458,7/12/22,6/12/24,15,16,McDonough
13459,7/5/22,5/5/26,13,16,Lake
13461,1/1/22,NA,5,9,Cook
13462,12/19/25,NA,6,6,Christian
13467,1/20/25,NA,15,16,DuPage
13470,4/10/25,4/15/25,14,14,Grundy
13471,6/17/26,NA,15,15,Cook
13472,5/17/22,5/10/23,5,5,Lake
13475,1/1/22,4/15/25,7,10,DuPage
13477,1/1/22,1/8/25,7,10,Cook
13478,4/13/22,2/27/25,8,10,LaSalle
13479,5/26/22,4/4/26,6,9,Cook
13480,11/12/25,NA,5,5,Lake
13481,9/3/23,4/3/26,7,9,DuPage
13482,3/10/24,NA,3,5,Kane
13483,2/1/22,8/10/25,5,8,Kane
13484,1/1/22,9/12/24,9,11,Wabash
13485,1/1/22,5/18/24,8,10,DuPage
13486,4/13/26,NA,6,6,Rock Island
13487,1/1/22,NA,9,13,Moultrie
13489,1/1/22,NA,2,6,Kane
13492,8/26/22,8/29/25,7,10,Lake
13493,3/23/25,NA,15,16,Williamson
13494,1/1/22,5/23/24,11,13,Cook
13495,10/14/24,NA,6,7,Will
13496,7/3/22,NA,13,16,Lake
13497,11/1/25,NA,0,0,DuPage
13498,12/25/22,NA,9,12,Cook
13499,12/21/23,NA,6,8,Henry
13503,3/24/22,1/10/26,4,7,Kane
13504,6/21/24,1/26/26,1,2,Kane
13506,1/1/22,10/20/23,13,14,Kane
13509,12/16/23,4/1/24,6,6,Champaign
13511,5/23/24,NA,13,15,McLean
13515,1/1/22,4/1/24,6,8,McHenry
13517,5/16/26,NA,15,15,Cook
13518,3/22/24,3/24/24,7,7,Kane
13519,1/1/22,NA,13,17,Kane
13520,1/1/22,1/10/22,15,15,McHenry
13524,6/4/22,NA,1,5,McHenry
13527,1/31/24,NA,15,17,Cook
13528,8/14/25,NA,12,12,Cook
13529,2/25/25,NA,11,12,St. Clair
13530,1/1/22,NA,5,9,Adams
13532,1/1/22,6/27/26,4,8,Cook
13536,2/12/26,NA,17,17,LaSalle
13537,1/1/22,NA,11,15,Will
13540,1/1/22,1/19/24,7,9,Marshall
13541,12/31/25,NA,14,14,Will
13542,5/27/26,NA,2,2,Kane
13545,1/1/22,NA,6,10,Lake
13546,1/29/25,NA,0,1,Will
13547,1/1/22,1/19/23,12,13,Cook
13551,4/22/25,NA,0,1,Will
13552,7/30/22,8/13/22,8,8,Warren
13553,10/30/22,12/21/22,16,16,Will
13555,1/1/22,6/8/24,7,9,Lake
13556,1/1/22,2/1/25,6,9,Cook
13559,3/3/26,NA,1,1,Cook
13560,3/4/26,NA,5,5,Cook
13563,1/1/22,11/17/22,16,16,Cook
13566,1/1/22,NA,4,8,Will
13568,4/7/23,NA,6,9,DeKalb
13570,10/30/24,7/25/25,8,8,DuPage
13574,1/1/22,NA,5,9,Sangamon
13576,1/1/22,7/25/23,5,6,Will
13577,7/11/24,NA,3,4,DuPage
13579,1/1/22,4/21/24,11,13,Cook
13581,1/1/22,12/9/24,7,9,Winnebago
13582,5/4/26,NA,13,13,Cook
13585,1/1/22,NA,1,5,Boone
13590,2/11/24,NA,9,11,Cook
13591,1/1/22,3/12/23,5,6,Winnebago
13592,3/25/23,NA,13,16,Boone
13595,1/1/22,7/26/25,13,16,DuPage
13603,8/19/22,4/22/25,8,10,Cook
13605,12/3/25,NA,9,9,Peoria
13606,2/26/25,NA,15,16,Cook
13607,1/1/22,5/13/26,8,12,DuPage
13608,1/1/22,2/20/22,16,16,Will
13609,1/1/22,11/3/24,9,11,Will
13611,1/1/22,NA,13,17,Lake
13612,4/8/24,NA,10,12,Kankakee
13613,1/1/22,2/11/24,8,10,Kane
13614,9/29/24,12/9/24,16,16,Cook
13617,6/8/22,NA,6,10,Marshall
13618,1/1/22,8/12/24,11,13,DuPage
13620,5/7/22,NA,0,4,Cook
13621,1/25/24,NA,12,14,Cook
13622,1/1/22,12/23/24,14,16,Lake
13624,10/18/24,11/1/25,1,2,Lake
13625,1/1/22,9/22/23,12,13,DuPage
13626,3/25/24,NA,6,8,Cook
13627,1/1/22,2/3/22,3,3,McDonough
13628,9/23/24,3/17/26,8,9,Kane
13633,1/1/22,6/25/24,0,2,Cook
13634,9/30/24,6/24/25,11,11,Coles
13636,6/28/23,2/1/24,7,7,Will
13637,5/9/24,NA,11,13,Kane
13639,1/1/22,2/14/23,11,12,LaSalle
13640,8/24/24,NA,12,13,McLean
13643,1/1/22,NA,7,11,Cook
13645,1/1/22,NA,6,10,DuPage
13646,1/1/22,1/1/25,3,6,Perry
13647,11/18/24,NA,11,12,Cook
13648,1/1/22,4/17/23,7,8,Sangamon
13650,1/1/22,NA,7,11,Will
13651,1/1/22,4/1/26,10,14,Cook
13654,1/1/22,NA,10,14,Cook
13655,10/23/24,NA,12,13,Madison
13656,2/4/24,NA,10,12,Cook
13657,2/27/22,7/6/24,3,5,Lake
13659,1/1/22,NA,9,13,Will
13661,1/1/22,12/29/23,14,15,McHenry
13662,11/26/22,NA,14,17,DuPage
13664,3/18/26,NA,12,12,Will
13668,5/15/25,10/29/25,14,14,Cook
13670,1/1/22,4/28/23,12,13,Stephenson
13671,4/17/23,NA,7,10,Cook
13677,1/1/22,NA,0,4,Cook
13681,4/20/22,4/24/25,0,3,Woodford
13682,5/14/25,NA,7,8,DuPage
13687,2/27/24,3/1/26,1,3,Sangamon
13688,1/1/22,NA,8,12,Lake
13690,1/1/22,6/7/23,1,2,Lake
13692,5/30/22,NA,2,6,Cook
13693,2/14/25,NA,7,8,Cook
13694,3/27/26,NA,14,14,Cook
13695,1/1/22,6/6/22,3,3,Will
13697,9/25/23,NA,14,16,Will
13699,5/21/24,5/21/26,4,6,McHenry
13700,1/1/22,3/8/22,2,2,Lake
13701,10/10/24,11/27/24,9,9,Cook
13702,5/29/25,NA,10,11,Cook
13703,10/19/22,NA,4,7,Cook
13704,11/15/23,7/26/25,11,12,Grundy
13705,1/1/22,5/2/24,4,6,DuPage
13707,1/18/22,NA,9,13,Kane
13708,2/19/26,NA,0,0,McHenry
13709,1/1/22,NA,4,8,Jasper
13711,2/5/26,2/8/26,0,0,Cook
13718,11/15/23,NA,8,10,Sangamon
13719,12/16/22,4/30/23,12,12,DuPage
13720,5/16/25,NA,7,8,DuPage
13721,6/22/25,NA,12,13,Cook
13724,1/1/22,12/11/22,7,7,Alexander
13727,7/28/23,NA,12,14,Lake
13733,7/8/22,10/17/22,4,4,Pulaski
13736,12/18/25,NA,5,5,Cook
13737,1/1/22,NA,3,7,Cook
13739,2/20/24,NA,6,8,DuPage
13740,3/8/26,NA,13,13,Madison
13743,1/1/22,NA,11,15,Kane
13745,7/21/23,NA,14,16,Lake
13746,1/1/22,1/16/22,14,14,Champaign
13747,12/21/22,1/5/23,14,14,Kane
13749,8/2/24,5/15/25,13,13,Kane
13750,10/6/23,NA,0,2,Kane
13751,1/1/22,NA,8,12,Cook
13752,12/4/22,10/24/24,0,1,Cook
13753,1/1/22,NA,13,17,Rock Island
13756,1/1/22,NA,4,8,McHenry
13757,9/5/25,NA,9,9,Perry
13759,12/24/24,NA,2,3,Edgar
13761,1/1/22,NA,0,4,Sangamon
13762,12/24/25,NA,12,12,Lake
13763,1/1/22,1/29/23,15,16,Cook
13764,1/1/22,12/3/23,8,9,Lake
13765,1/1/22,NA,5,9,Peoria
13766,1/1/22,9/13/22,13,13,Fulton
13770,6/30/25,7/25/25,0,0,Livingston
13772,3/7/25,NA,8,9,Tazewell
13773,8/11/22,NA,0,3,Cook
13775,1/24/26,NA,12,12,Cook
13776,1/1/22,3/4/25,8,11,Will
13777,1/1/22,NA,5,9,Kane
13780,1/1/22,1/22/22,10,10,Cook
13781,12/24/23,2/17/24,13,13,Perry
13783,4/27/23,NA,13,16,Cook
13784,1/16/24,NA,4,6,Bureau
13785,1/1/22,NA,3,7,Cook
13787,1/1/22,9/27/22,14,14,Winnebago
13788,3/25/22,12/11/22,8,8,LaSalle
13789,9/14/24,NA,11,12,Peoria
13792,7/13/24,NA,13,14,Madison
13793,1/1/22,NA,5,9,Cook
13794,1/1/22,4/23/24,9,11,Grundy
13795,1/1/22,12/3/25,11,14,McHenry
13796,1/1/22,NA,10,14,Boone
13798,12/30/25,NA,3,3,Cook
13799,6/15/22,5/20/26,7,10,Cook
13801,12/30/22,NA,0,3,DuPage
13804,12/12/23,NA,4,6,DuPage
13805,2/9/22,NA,3,7,Williamson
13806,5/23/22,NA,13,17,Logan
13807,1/1/22,7/2/22,13,13,Cook
13812,1/1/22,8/13/24,2,4,Lee
13816,3/31/25,NA,13,14,McHenry
13817,6/9/26,NA,10,10,Lake
13818,8/17/24,NA,7,8,Winnebago
13820,1/22/22,NA,6,10,Peoria
13821,5/6/22,NA,3,7,Will
13823,10/14/23,NA,12,14,Lake
13825,1/1/22,NA,3,7,Washington
13826,9/4/22,NA,5,8,Cook
13827,1/1/22,4/22/24,6,8,Cook
13828,10/19/22,NA,2,5,St. Clair
13829,1/1/22,10/9/24,3,5,Champaign
13830,5/18/26,NA,4,4,Cook
13831,9/25/24,NA,1,2,Will
13832,12/4/24,12/15/24,17,17,McLean
13833,5/17/23,4/17/26,10,12,Lake
13834,5/6/26,NA,8,8,Wabash
13836,1/1/22,6/14/24,10,12,Madison
13837,1/1/22,2/18/23,10,11,DuPage
13838,7/3/25,8/7/25,5,5,Cook
13840,1/1/22,NA,1,5,DuPage
13841,4/20/24,NA,15,17,Cook
13843,12/9/25,NA,9,9,Cook
13844,10/8/25,NA,17,17,DuPage
13845,4/17/22,6/4/22,5,5,Rock Island
13846,1/1/22,1/8/23,13,14,Edgar
13848,7/22/23,NA,12,14,Lake
13849,11/9/24,NA,9,10,Will
13850,1/1/22,NA,9,13,Cook
13851,9/14/24,NA,10,11,McHenry
13853,1/5/25,5/8/26,9,10,DuPage
13855,8/15/24,NA,3,4,Lake
13857,2/18/26,NA,10,10,Piatt
13860,1/1/22,NA,11,15,Madison
13862,1/1/22,12/5/25,4,7,Champaign
13863,6/27/25,NA,5,6,Cook
13864,1/1/22,NA,4,8,Cook
13865,1/1/22,NA,12,16,Coles
13869,1/24/26,NA,5,5,Boone
13870,1/1/22,2/24/24,10,12,Champaign
13871,12/4/23,6/19/25,14,15,DuPage
13874,1/1/22,9/9/22,9,9,Cook
13875,1/1/22,2/23/26,12,16,Will
13876,7/1/24,NA,0,2,Will
13877,4/12/24,3/25/26,6,7,Cook
13879,7/20/23,NA,0,2,Peoria
13880,1/2/25,NA,9,10,Cook
13881,11/24/22,NA,0,3,Kendall
13884,1/1/22,9/6/24,3,5,Boone
13885,1/1/22,NA,7,11,Montgomery
13888,6/22/25,NA,16,17,Winnebago
13891,1/1/22,NA,0,4,DuPage
13899,8/10/22,NA,10,13,Cook
13901,1/1/22,7/19/22,17,17,Knox
13902,3/7/25,10/6/25,1,1,Cook
13903,9/29/22,NA,9,12,Jackson
13908,1/1/22,3/2/22,10,10,Will
13909,1/1/22,12/4/25,1,4,Lake
13910,9/6/22,NA,12,15,Logan
13911,1/1/22,NA,12,16,Cook
13912,2/3/22,NA,11,15,Lake
13917,1/1/22,2/15/22,10,10,Cook
13918,3/11/24,NA,12,14,Cook
13919,1/1/22,10/23/25,7,10,Madison
13920,1/1/22,3/5/24,8,10,Kane
13922,3/18/22,6/16/25,6,9,Will
13923,1/1/22,6/1/24,12,14,Tazewell
13924,5/21/25,NA,3,4,Warren
13925,3/31/23,9/27/25,12,14,Will
13927,3/6/26,NA,10,10,Kendall
13930,1/1/22,3/22/24,6,8,Cook
13931,1/1/22,3/5/24,11,13,DuPage
13932,11/14/25,NA,1,1,Cook
13934,3/3/24,NA,1,3,Cook
13937,4/13/26,NA,8,8,Cook
13939,5/30/22,NA,13,17,DuPage
13940,8/5/22,NA,0,3,Lake
13943,1/1/22,NA,3,7,McLean
13945,1/1/22,10/19/22,15,15,Kendall
13948,1/1/22,8/10/25,12,15,DuPage
13949,4/6/23,9/28/23,3,3,Wayne
13951,9/1/25,NA,10,10,St. Clair
13952,1/1/22,NA,9,13,Cook
13955,6/24/23,10/20/23,12,12,Lake
13957,1/1/22,3/14/24,5,7,DuPage
13959,1/1/22,4/1/24,1,3,Will
13961,5/30/25,NA,14,15,Williamson
13962,6/10/25,NA,11,12,Cook
13963,1/1/22,1/19/25,7,10,Lake
13964,7/11/23,NA,7,9,De Witt
13970,1/1/22,2/14/23,15,16,Cook
13976,1/1/22,NA,10,14,McHenry
13978,1/1/22,6/8/24,7,9,Kendall
13980,5/5/24,1/1/25,6,6,Kane
13982,1/1/22,3/27/23,6,7,Putnam
13983,10/12/23,NA,3,5,Cook
13984,10/13/22,NA,0,3,Marshall
13985,12/28/24,NA,12,13,Sangamon
13986,1/1/22,5/15/25,1,4,Lake
13987,1/1/22,NA,13,17,Cook
13992,3/11/23,NA,3,6,Lake
13993,11/7/23,NA,5,7,Cook
13994,1/1/22,1/23/22,4,4,Lake
13996,10/11/23,11/11/23,6,6,Vermilion
13997,6/12/25,NA,8,9,Cook
13998,1/1/22,2/18/22,5,5,DuPage
13999,6/28/24,NA,9,11,Whiteside
14000,6/16/24,NA,0,2,Cook
14002,12/22/23,NA,10,12,Macon
14003,1/1/22,6/21/26,9,13,Warren
14004,9/22/25,NA,8,8,Winnebago
14005,10/14/23,NA,13,15,Cook
14006,7/7/23,8/23/23,8,8,Will
14007,10/8/24,NA,12,13,Kendall
14010,6/27/24,NA,7,9,Cook
14012,1/1/22,10/8/23,3,4,Whiteside
14016,5/11/25,NA,7,8,Sangamon
14017,1/1/22,7/29/25,1,4,DuPage
14018,8/15/24,NA,9,10,Sangamon
14021,1/24/26,1/28/26,17,17,Madison
14022,1/1/22,3/2/23,0,1,Cook
14026,1/1/22,6/1/25,14,17,Madison
14027,1/1/22,NA,12,16,Montgomery
14028,1/1/22,3/13/22,16,16,Grundy
14030,5/16/24,9/14/25,12,13,LaSalle
14034,4/30/26,NA,1,1,Madison
14035,5/7/22,5/14/25,7,10,Kane
14036,1/1/22,3/11/24,4,6,Lake
14038,1/1/22,NA,9,13,Cook
14040,1/1/22,10/16/22,6,6,Vermilion
14042,8/8/23,11/23/23,10,10,Kendall
14043,6/10/22,NA,9,13,LaSalle
14044,3/9/26,NA,10,10,Cook
14045,1/1/22,NA,6,10,Cook
14046,4/27/23,7/29/23,9,9,Kane
14047,1/1/22,9/7/23,5,6,Cook
14048,7/3/22,8/20/22,1,1,Kendall
14049,1/1/22,12/31/22,4,4,Kane
14050,1/1/22,NA,3,7,DuPage
14053,1/24/25,NA,5,6,Lake
14055,1/1/22,3/23/22,1,1,Madison
14057,1/1/22,9/29/24,11,13,Cook
14059,8/17/23,8/25/23,0,0,Cook
14061,10/25/22,3/22/25,11,13,Will
14064,5/4/25,NA,13,14,Cook
14065,1/1/22,NA,1,5,Cook
14066,1/1/22,12/26/24,13,15,McLean
14067,1/12/26,NA,16,16,Kane
14069,1/1/22,2/2/24,11,13,DuPage
14070,1/1/22,NA,4,8,DuPage
14074,5/8/22,12/29/25,8,11,McHenry
14075,3/16/24,NA,4,6,Adams
14076,1/1/22,9/16/23,0,1,Cook
14077,12/9/25,NA,12,12,Jasper
14078,1/1/22,8/13/23,6,7,Cook
14080,7/11/24,NA,14,15,Cook
14089,1/1/22,4/21/25,6,9,DuPage
14093,6/21/23,NA,7,10,Grundy
14096,3/20/23,6/7/23,10,10,Cook
14097,12/31/22,7/11/25,1,3,Macon
14098,1/1/22,NA,13,17,Stephenson
14100,1/1/22,7/14/23,1,2,Will
14104,1/1/22,NA,3,7,McLean
14105,2/1/22,NA,13,17,DuPage
14108,1/1/22,NA,7,11,Will
14109,1/1/22,1/12/23,14,15,Douglas
14110,10/14/22,NA,12,15,DuPage
14111,7/9/23,NA,4,6,Cook
14112,6/19/26,NA,1,1,Richland
14113,1/1/22,7/7/24,14,16,DuPage
14116,1/1/22,10/7/25,12,15,Winnebago
14118,3/18/25,NA,3,4,Cook
14121,11/12/22,NA,6,9,Mercer
14122,1/1/22,8/7/22,0,0,Fulton
14123,1/1/22,1/27/24,5,7,Knox
14125,1/1/22,12/8/22,12,12,Lake
14126,1/1/22,1/23/25,1,4,LaSalle
14127,1/1/22,1/14/26,4,8,DuPage
14131,7/23/25,NA,14,14,DuPage
14132,1/27/23,8/9/25,7,9,Calhoun
14133,5/26/25,NA,4,5,Menard
14134,8/2/23,NA,7,9,Will
14136,4/11/25,8/6/25,11,11,Peoria
14137,5/25/26,NA,2,2,DuPage
14140,5/17/26,NA,13,13,Cook
14141,1/1/22,NA,9,13,McHenry
14142,1/1/22,NA,10,14,DuPage
14147,8/17/24,NA,11,12,Cook
14149,1/1/22,NA,9,13,Ford
14153,1/1/22,5/19/25,4,7,St. Clair
14154,1/17/25,8/28/25,13,13,Ogle
14159,1/1/22,9/25/25,11,14,Will
14160,1/1/22,8/14/25,4,7,Cook
14161,7/19/23,8/8/23,8,8,Madison
14165,7/12/22,NA,0,3,Cook
14169,1/1/22,6/24/22,2,2,Cook
14170,1/1/22,NA,8,12,Franklin
14172,1/1/22,2/10/24,15,17,Cook
14173,9/4/22,10/25/22,2,2,DuPage
14175,8/25/24,NA,11,12,DuPage
14176,1/1/22,6/25/26,9,13,DuPage
14179,8/3/25,8/30/25,4,4,Cook
14183,2/28/25,NA,7,8,Cook
14184,11/13/23,7/25/25,4,5,Jefferson
14185,7/9/25,NA,2,2,Union
14189,12/14/24,NA,16,17,Douglas
14191,1/1/22,1/13/24,14,16,Will
14199,1/20/26,NA,3,3,Lake
14200,8/29/22,NA,7,10,Cook
14203,1/1/22,10/4/22,6,6,Lake
14207,1/1/22,5/2/23,7,8,Franklin
14208,1/1/22,1/7/24,9,11,Lake
14210,3/27/24,8/12/24,6,6,Will
14212,1/1/22,10/30/22,10,10,Will
14213,9/7/25,NA,11,11,Cook
14214,1/1/22,7/20/23,8,9,Kane
14216,1/1/22,NA,8,12,Cook
14218,6/20/22,7/2/22,4,4,McHenry
14219,1/1/22,3/17/24,8,10,Kane
14221,1/1/22,2/10/24,2,4,Cook
14226,5/14/24,NA,7,9,Jefferson
14227,1/1/22,12/29/25,5,8,Cook
14228,1/1/22,NA,3,7,Lake
14229,1/1/22,4/7/26,13,17,Clinton
14231,5/12/22,10/4/24,5,7,Cook
14232,1/1/22,12/25/22,12,12,DuPage
14234,1/1/22,NA,3,7,Coles
14235,1/1/22,12/19/23,4,5,McHenry
14236,1/1/22,1/10/26,10,14,Stephenson
14238,2/2/24,12/22/25,16,17,Will
14241,5/18/26,NA,4,4,Franklin
14242,4/2/24,NA,7,9,Cook
14245,2/26/26,NA,4,4,McHenry
14247,7/17/25,8/14/25,2,2,Champaign
14248,1/1/22,9/14/24,12,14,Cook
14249,3/26/24,NA,8,10,Kane
14250,1/1/22,8/28/22,0,0,Madison
14251,2/22/25,NA,12,13,Fulton
14252,12/28/24,NA,16,17,DuPage
14254,1/1/22,4/29/25,3,6,Kane
14256,1/1/22,NA,5,9,Cook
14257,3/2/22,8/18/25,14,17,Lake
14259,1/1/22,NA,8,12,McLean
14267,1/1/22,3/24/24,0,2,McHenry
14268,8/11/22,3/16/25,13,15,Vermilion
14270,1/1/22,6/29/22,6,6,Cook
14271,11/24/24,6/9/25,4,4,Winnebago
14272,2/8/26,NA,0,0,Cook
14273,7/18/23,NA,2,4,Kane
14276,1/1/22,7/4/23,15,16,St. Clair
14281,1/1/22,1/12/26,13,17,Will
14282,1/1/22,6/15/25,11,14,Lake
14285,2/18/24,7/27/25,2,3,St. Clair
14286,1/1/22,1/25/22,6,6,Will
14288,1/1/22,11/17/24,12,14,Cook
14290,8/12/24,NA,10,11,Will
14292,5/21/26,NA,1,1,Cook
14295,11/12/22,3/31/26,10,13,DuPage
14297,1/1/22,6/15/24,5,7,Kane
14300,3/7/26,NA,6,6,Cook
14301,1/1/22,NA,3,7,Cook
14302,6/25/26,NA,0,0,McLean
14303,7/18/24,NA,10,11,Kendall
14304,4/9/22,NA,3,7,Kankakee
14307,1/1/22,4/16/23,8,9,Cook
14310,8/6/25,NA,6,6,Cook
14312,11/14/25,NA,3,3,Fayette
14316,1/1/22,NA,4,8,Montgomery
14319,1/1/22,NA,8,12,Bureau
14321,4/11/24,NA,0,2,McLean
14322,4/11/23,NA,13,16,Cook
14332,1/1/22,NA,3,7,Effingham
14334,1/1/22,4/27/23,9,10,Bureau
14336,1/1/22,NA,13,17,Cook
14337,1/1/22,NA,2,6,Cook
14338,11/13/24,11/22/24,8,8,Kane
14339,1/1/22,4/27/24,0,2,Lake
14342,1/1/22,NA,9,13,Will
14344,1/26/24,12/23/24,14,14,Will
14347,2/18/25,2/27/25,3,3,Kankakee
14348,10/12/25,NA,12,12,Williamson
14351,10/3/22,NA,1,4,DuPage
14353,1/1/22,2/18/25,6,9,Champaign
14354,1/1/22,NA,9,13,Will
14356,1/1/22,2/24/22,1,1,Cook
14359,2/4/24,NA,13,15,Cook
14360,3/29/26,NA,11,11,Cook
14361,1/1/22,NA,0,4,Cook
14362,1/1/22,9/30/25,5,8,Lake
14363,1/1/22,1/8/22,17,17,Kane
14366,1/1/22,NA,11,15,Kendall
14367,2/22/22,NA,0,4,DuPage
14369,10/28/23,NA,8,10,Franklin
14370,4/5/22,NA,1,5,Will
14371,9/6/25,NA,5,5,DuPage
14372,1/1/22,5/5/23,8,9,DuPage
14375,12/13/25,NA,0,0,Winnebago
14376,1/1/22,NA,12,16,Champaign
14377,9/28/22,4/22/25,14,16,Kane
14379,4/20/25,NA,1,2,Macoupin
14380,1/1/22,8/11/23,8,9,Lake
14381,12/5/22,NA,9,12,Cook
14385,3/21/22,10/10/25,2,5,Will
14387,5/13/24,NA,3,5,Lake
14388,12/6/22,NA,12,15,DuPage
14390,1/3/23,NA,10,13,Morgan
14392,1/1/22,4/21/23,13,14,Will
14393,9/10/22,4/21/24,8,9,Cook
14398,1/1/22,NA,7,11,Jo Daviess
14399,1/1/22,NA,11,15,Lake
14400,9/13/22,NA,10,13,Cook
14401,1/1/22,NA,10,14,White
14402,1/1/22,NA,4,8,Lake
14404,1/1/22,5/22/23,6,7,Cass
14407,4/27/25,NA,12,13,Cook
14413,6/5/24,NA,1,3,Kane
14416,1/1/22,NA,0,4,Macon
14418,1/1/22,9/26/23,10,11,Cook
14421,2/15/24,NA,8,10,Kendall
14422,1/1/22,4/5/24,14,16,Kane
14423,1/1/22,NA,4,8,Cook
14426,1/1/22,9/21/24,13,15,DuPage
14427,1/1/22,5/21/23,9,10,Will
14433,1/1/22,NA,11,15,Randolph
14435,1/1/22,3/3/22,15,15,Brown
14436,7/27/22,7/26/25,9,11,Cook
14439,1/1/22,5/4/26,7,11,Kane
14442,3/1/25,NA,11,12,McLean
14443,1/1/22,4/5/23,6,7,Jefferson
14446,1/1/22,8/29/22,16,16,Rock Island
14452,12/26/23,2/14/24,6,6,McHenry
14456,1/1/22,5/21/24,11,13,Cook
14458,1/12/23,3/10/23,12,12,Christian
14462,1/1/22,NA,9,13,DeKalb
14463,1/31/26,NA,8,8,DuPage
14464,2/28/23,7/26/23,12,12,Cook
14465,1/1/22,NA,2,6,Winnebago
14466,1/1/22,NA,12,16,Rock Island
14470,1/1/22,10/8/23,1,2,Will
14471,10/16/23,NA,2,4,Ogle
14472,1/1/22,1/26/22,13,13,Madison
14476,1/1/22,3/21/23,5,6,Cook
14477,5/7/26,NA,15,15,Cook
14478,1/1/22,6/25/24,12,14,Knox
14480,1/1/22,12/12/24,14,16,Cook
14483,4/30/24,11/25/24,6,6,DuPage
14484,4/7/23,2/6/25,2,3,Lake
14485,5/9/24,NA,0,2,McHenry
14487,1/1/22,8/3/24,1,3,DuPage
14488,6/21/23,NA,0,3,Kane
14490,1/1/22,9/16/22,10,10,Adams
14492,1/1/22,7/15/24,12,14,DuPage
14493,7/31/25,NA,1,1,Lake
14497,1/1/22,7/3/22,5,5,McHenry
14498,1/1/22,NA,4,8,Will
14499,8/11/23,1/6/24,1,1,Cook
14500,1/1/22,1/6/24,0,2,Whiteside
14502,5/14/23,NA,10,13,Lake
14503,8/8/22,3/9/23,10,10,Sangamon
14504,1/1/22,NA,0,4,Macon
14508,8/11/22,NA,8,11,Lake
14509,1/1/22,NA,3,7,Cook
14510,10/10/24,NA,5,6,Rock Island
14511,1/30/23,6/28/23,1,1,Cook
14513,8/30/24,NA,14,15,Will
14514,1/1/22,NA,12,16,Cook
14521,10/5/25,NA,6,6,Madison
14522,1/1/22,10/31/23,5,6,Cook
14524,8/9/25,NA,11,11,Macon
14525,1/18/22,1/19/22,0,0,Winnebago
14528,4/13/24,NA,3,5,DuPage
14531,4/2/22,NA,2,6,Cook
14532,1/19/25,NA,4,5,Cook
14533,9/17/23,NA,13,15,Cook
14534,4/26/24,NA,1,3,Adams
14535,1/1/22,3/21/23,14,15,DuPage
14537,5/31/26,NA,0,0,Cook
14538,4/25/22,1/2/23,14,14,DuPage
14539,1/1/22,10/5/23,9,10,Kane
14540,1/1/22,NA,3,7,DeKalb
14541,1/1/22,12/20/24,2,4,DuPage
14542,5/6/26,NA,17,17,Cook
14544,1/1/22,6/23/22,12,12,Kankakee
14545,12/17/25,NA,17,17,Coles
14546,1/1/22,11/21/22,6,6,Greene
14548,12/21/24,NA,0,1,Winnebago
14549,2/10/23,NA,9,12,DuPage
14551,4/13/25,NA,9,10,McLean
14552,3/9/23,NA,8,11,Will
14556,12/5/23,5/24/24,2,2,Cook
14557,3/28/24,NA,15,17,McHenry
14560,9/6/25,4/3/26,13,13,Lawrence
14563,1/1/22,7/11/23,3,4,Cook
14564,6/6/24,10/11/24,4,4,Lake
14568,1/1/22,NA,3,7,DuPage
14569,1/1/22,12/21/25,2,5,Cook
14570,5/25/25,NA,7,8,Cook
14571,1/1/22,4/28/24,8,10,Lake
14572,1/1/22,6/3/22,8,8,Cook
14573,5/9/26,NA,13,13,Cook
14574,1/1/22,NA,11,15,Cook
14576,1/1/22,8/29/22,15,15,Lake
14577,12/11/23,NA,8,10,Kane
14578,9/27/22,9/6/24,7,8,DuPage
14579,11/27/23,NA,6,8,Will
14584,1/1/22,NA,3,7,Sangamon
14585,1/1/22,NA,0,4,Cook
14586,12/30/22,NA,3,6,Whiteside
14588,1/1/22,5/13/23,7,8,DuPage
14589,1/1/22,6/30/24,4,6,Cook
14590,1/1/22,NA,4,8,DuPage
14594,11/30/25,2/24/26,6,6,Macon
14600,3/2/25,NA,14,15,DuPage
14601,1/1/22,NA,11,15,Bureau
14602,1/1/22,2/24/22,17,17,Cook
14603,1/1/22,4/16/26,0,4,Cook
14604,1/7/24,NA,11,13,McHenry
14605,1/1/22,11/26/22,2,2,DuPage
14606,2/3/23,11/19/25,0,2,Kendall
14608,1/1/22,5/17/24,6,8,Rock Island
14609,1/1/23,12/6/25,10,12,DuPage
14613,1/1/22,11/16/23,1,2,Kane
14614,3/20/24,NA,0,2,Christian
14617,6/11/25,NA,1,2,Kendall
14618,5/12/26,NA,10,10,Whiteside
14621,9/5/24,NA,12,13,Bureau
14622,4/30/25,NA,7,8,DuPage
14623,1/1/22,NA,5,9,McLean
14625,1/1/22,9/5/25,5,8,Cook
14626,8/18/22,12/18/25,6,9,Grundy
14628,1/1/22,NA,13,17,Winnebago
14629,1/1/22,NA,3,7,Rock Island
14631,10/28/25,NA,1,1,DuPage
14632,4/21/23,NA,6,9,Winnebago
14635,8/11/23,8/1/25,1,2,Will
14636,1/1/22,1/5/23,11,12,McLean
14637,3/24/22,NA,13,17,LaSalle
14638,1/1/22,2/23/22,5,5,Jefferson
14639,7/20/25,NA,12,12,Will
14640,1/1/22,10/6/23,2,3,Cook
14642,9/25/25,5/20/26,12,12,DuPage
14643,7/10/23,2/17/24,17,17,Cook
14644,7/14/22,NA,5,8,Cook
14645,1/1/22,6/17/26,2,6,Champaign
14646,1/1/22,12/15/23,2,3,McHenry
14649,1/1/22,5/23/22,12,12,Will
14651,11/14/25,NA,1,1,McLean
14652,8/4/23,NA,2,4,Will
14653,1/1/22,6/10/24,12,14,DuPage
14654,11/2/22,NA,13,16,Kankakee
14656,1/1/22,11/16/22,9,9,McLean
14659,1/1/22,4/22/26,8,12,Kankakee
14660,2/17/23,NA,11,14,Cook
14661,1/1/22,9/21/22,2,2,Lake
14662,1/1/22,3/23/24,14,16,Piatt
14664,1/1/22,5/21/24,7,9,Lake
14666,12/19/22,11/15/23,17,17,Cook
14668,6/14/26,NA,17,17,Will
14672,5/23/26,NA,7,7,Shelby
14673,1/1/22,1/13/23,1,2,Stephenson
14675,12/19/22,5/14/25,3,5,Kane
14676,12/5/25,NA,17,17,Winnebago
14678,12/6/24,NA,16,17,Will
14679,7/2/24,NA,12,14,Morgan
14683,1/1/22,2/1/23,9,10,Cook
14684,10/26/25,4/27/26,9,9,Will
14685,2/24/25,3/6/25,13,13,LaSalle
14687,3/3/24,NA,4,6,Henry
14688,1/1/22,NA,13,17,Jefferson
14689,5/8/23,1/31/26,15,17,Tazewell
14693,1/11/22,9/22/24,15,17,Cook
14696,1/1/22,NA,10,14,Champaign
14702,5/27/24,NA,10,12,Peoria
14705,1/1/22,NA,7,11,Winnebago
14711,12/5/24,NA,2,3,Effingham
14714,6/30/22,6/27/23,3,3,Lake
14715,11/21/23,2/12/24,0,0,Hancock
14720,6/29/23,4/15/25,1,2,Will
14723,1/2/23,NA,3,6,Cook
14725,3/15/26,NA,3,3,Kane
14732,3/30/24,NA,9,11,Cook
14733,12/30/22,NA,3,6,Will
14736,1/1/22,3/15/22,6,6,Lake
14737,1/1/22,NA,8,12,Williamson
14738,1/1/22,7/22/24,9,11,Kane
14743,1/1/22,7/8/24,6,8,Will
14744,1/1/22,NA,10,14,Cook
14746,12/26/22,5/23/26,7,10,Will
14750,1/1/22,9/18/24,14,16,Cook
14751,7/31/23,3/5/25,13,14,DuPage
14754,11/20/24,NA,14,15,Knox
14755,7/10/24,NA,16,17,Lake
14756,6/19/24,NA,0,2,Lake
14757,1/1/22,NA,1,5,Will
14758,9/19/22,10/19/25,0,3,Adams
14760,1/1/22,3/24/22,13,13,Cook
14764,1/1/22,NA,11,15,DuPage
14767,1/1/22,NA,7,11,Cook
14772,1/1/22,NA,6,10,Vermilion
14773,1/1/22,5/4/24,12,14,Will
14774,1/1/22,NA,7,11,Will
14776,4/3/22,4/23/25,11,14,Lake
14777,2/27/23,3/18/24,13,14,Will
14778,8/26/25,NA,6,6,Cook
14780,1/1/22,1/31/25,2,5,Cook
14781,3/18/26,NA,0,0,Cook
14782,1/1/22,NA,13,17,Cook
14784,2/3/22,NA,12,16,Lake
14785,1/1/22,2/28/23,12,13,Peoria
14786,9/16/23,NA,9,11,Rock Island
14787,1/1/22,10/23/23,6,7,Cook
14790,1/1/22,4/13/24,14,16,Warren
14792,1/1/22,6/15/23,0,1,Cook
14793,1/1/22,6/20/22,5,5,Will
14797,1/1/22,4/30/26,8,12,Kane
14798,1/1/22,10/22/23,12,13,Logan
14799,1/1/22,10/14/22,14,14,Vermilion
14800,1/1/24,NA,13,15,Will
14803,5/8/22,7/19/23,5,6,Lake
14807,1/1/22,4/9/26,6,10,Kane
14808,6/13/22,10/17/22,1,1,Macon
14809,1/1/22,NA,3,7,McHenry
14810,1/1/22,5/20/24,2,4,Cook
14812,8/24/23,6/2/26,15,17,Cook
14816,6/23/23,NA,0,3,Whiteside
14817,1/1/22,2/9/22,4,4,Will
14819,1/1/22,5/7/24,11,13,Kankakee
14820,12/15/23,1/13/24,15,15,Vermilion
14821,5/29/24,NA,14,16,DuPage
14825,2/8/26,NA,0,0,Cook
14827,1/1/22,7/26/23,4,5,McHenry
14832,4/13/25,NA,4,5,Lake
14835,11/5/22,NA,4,7,Clinton
14838,7/14/25,NA,9,9,Cook
14840,1/1/22,NA,2,6,Cook
14842,1/1/22,8/18/24,3,5,McLean
14843,6/21/25,9/21/25,3,3,Cook
14844,3/28/23,7/25/24,4,5,Winnebago
14846,4/27/24,NA,8,10,Will
14848,6/27/23,NA,5,8,Rock Island
14849,1/1/22,NA,13,17,DuPage
14850,1/1/22,8/24/25,1,4,Cook
14851,7/27/22,8/15/25,5,8,Lake
14852,2/20/23,NA,13,16,Kane
14859,1/1/22,7/8/23,11,12,Rock Island
14861,1/1/22,2/9/22,6,6,Cook
14862,3/8/24,NA,12,14,Kane
14863,1/1/22,NA,12,16,Will
14864,3/15/22,7/21/24,15,17,Iroquois
14865,1/1/22,7/28/23,4,5,Effingham
14866,7/16/22,NA,4,7,Cook
14868,1/10/25,NA,16,17,DuPage
14869,8/28/22,9/25/22,3,3,St. Clair
14870,1/1/22,NA,7,11,Peoria
14871,5/23/22,NA,11,15,Will
14872,1/1/22,5/7/24,15,17,Cook
14876,1/1/22,5/15/26,8,12,Cook
14879,4/18/25,NA,12,13,DuPage
14880,7/6/24,NA,12,13,Cook
14882,5/27/22,NA,4,8,Winnebago
14883,3/5/26,NA,7,7,Sangamon
14886,11/22/25,NA,11,11,DuPage
14887,1/27/23,4/8/23,17,17,Will
14889,4/14/25,11/3/25,15,15,Cook
14890,1/1/22,4/18/24,13,15,Cook
14891,1/1/22,NA,1,5,Franklin
14894,1/1/22,11/2/24,6,8,McHenry
14901,1/1/22,8/5/24,7,9,McLean
14903,1/1/22,12/5/25,4,7,Will
14904,1/1/22,6/26/23,2,3,DuPage
14905,1/1/22,NA,4,8,Jo Daviess
14908,1/1/22,12/16/22,11,11,Cook
14910,7/31/24,NA,3,4,Cook
14913,1/1/22,NA,6,10,De Witt
14914,1/1/22,5/7/24,4,6,DeKalb
14917,7/18/22,4/9/24,7,8,Pope
14918,1/1/22,3/30/22,2,2,DuPage
14922,1/1/22,1/23/22,12,12,Kane
14924,3/17/23,9/20/25,8,10,Cook
14926,1/1/22,NA,9,13,DeKalb
14927,1/1/22,9/20/25,5,8,Macoupin
14929,1/1/22,12/11/24,2,4,Monroe
14930,2/3/22,NA,11,15,Cook
14931,1/1/22,7/10/23,5,6,DuPage
14932,3/24/23,6/25/26,8,11,McHenry
14933,1/1/22,NA,11,15,Lake
14934,1/1/22,10/21/23,2,3,Kendall
14937,1/1/22,1/24/22,13,13,Cook
14940,4/30/24,9/23/25,7,8,Winnebago
14945,1/1/22,1/26/23,1,2,Cook
14948,3/9/26,NA,6,6,DuPage
14950,1/1/22,4/18/26,0,4,Rock Island
14953,1/1/22,11/27/24,15,17,Cook
14958,7/25/24,8/31/24,8,8,Lake
14959,1/1/22,10/9/23,6,7,Madison
14960,1/1/22,2/28/24,14,16,Lake
14961,1/1/22,9/27/24,6,8,Kane
14962,10/16/24,11/29/25,7,8,Will
14963,10/29/22,4/13/25,0,2,Cook
14965,1/1/22,5/2/23,4,5,Cook
14966,1/1/22,3/2/22,14,14,Cook
14967,2/5/23,7/10/25,0,2,DeKalb
14968,9/14/25,4/17/26,17,17,Cook
14970,1/20/22,2/26/22,15,15,Cook
14971,5/20/26,NA,7,7,Cook
14972,7/27/22,4/20/25,7,9,Lake
14973,1/1/22,1/9/26,7,11,Grundy
14974,12/9/23,4/25/26,0,2,DuPage
14975,12/11/24,NA,8,9,Lake
14976,1/1/22,NA,9,13,Lake
14978,11/17/22,10/17/24,7,8,DuPage
14979,2/3/26,NA,4,4,Randolph
14981,1/1/22,NA,12,16,Montgomery
14983,1/1/22,10/9/23,3,4,DuPage
14984,1/1/22,4/5/26,13,17,Champaign
14987,1/1/22,9/1/23,9,10,Cook
14988,1/1/22,1/14/26,5,9,Saline
14994,3/12/22,5/16/23,9,10,Cook
14997,1/1/22,11/28/24,15,17,Greene
14999,1/1/22,NA,11,15,Cook
15000,1/25/23,3/2/23,14,14,DuPage
15002,6/24/23,NA,10,13,Cook
15003,12/4/23,NA,13,15,Kane
15004,1/1/22,11/8/24,13,15,Winnebago
15005,1/1/22,1/27/23,7,8,Putnam
15007,12/15/23,NA,12,14,Cook
15008,1/7/22,4/24/22,3,3,Vermilion
15009,12/16/23,NA,4,6,McHenry
15012,1/1/22,NA,7,11,Mason
15016,2/20/26,NA,2,2,Lake
15018,3/24/23,4/18/23,1,1,Champaign
15019,1/1/22,8/6/25,5,8,Cook
15020,1/19/22,NA,11,15,McHenry
15021,3/30/23,NA,9,12,Cook
15022,12/24/25,NA,8,8,Fulton
15024,4/30/25,NA,16,17,Tazewell
15028,12/1/23,NA,15,17,Stephenson
15029,9/13/23,NA,0,2,Vermilion
15030,1/1/22,NA,11,15,Lake
15032,1/1/22,NA,4,8,Moultrie
15033,10/11/22,NA,4,7,Will
15034,3/15/22,5/20/25,2,5,Will
15035,1/1/22,11/3/23,1,2,DuPage
15036,1/1/22,NA,13,17,Cook
15037,1/1/22,5/24/25,11,14,Effingham
15039,1/1/22,2/11/24,13,15,Cook
15040,1/1/22,1/22/26,1,5,DuPage
15041,1/1/22,1/6/22,14,14,Winnebago
15043,8/22/24,NA,5,6,Kane
15044,1/1/22,6/11/22,12,12,Carroll
15047,1/1/22,NA,2,6,Cook
15051,12/22/22,12/23/24,3,5,Kane
15052,1/1/22,1/4/25,1,4,Christian
15053,1/1/22,1/28/25,13,16,Henry
15054,8/16/24,NA,4,5,Livingston
15055,8/30/23,NA,13,15,Kankakee
15057,1/1/22,12/10/23,13,14,Cook
15058,1/1/22,5/11/22,14,14,Cook
15059,11/6/22,10/5/25,11,13,Cook
15060,2/5/22,NA,13,17,Lake
15061,1/12/25,NA,1,2,Kankakee
15068,5/12/22,9/21/25,2,5,Livingston
15069,1/1/22,9/21/25,14,17,Lake
15071,1/1/22,8/3/24,1,3,Tazewell
15074,8/4/22,NA,2,5,Will
15076,12/5/25,2/9/26,1,1,Madison
15077,1/1/22,9/10/22,9,9,Peoria
15078,1/1/22,NA,5,9,Madison
15079,1/1/22,NA,12,16,Jackson
15080,7/1/25,NA,6,7,DuPage
15081,11/27/22,7/30/23,16,16,Cook
15082,9/12/22,NA,12,15,Cook
15083,7/8/23,NA,11,13,Cook
15085,3/19/22,4/3/22,6,6,Jefferson
15086,1/1/22,9/18/25,3,6,Macon
15087,5/31/23,NA,7,10,Cook
15088,1/1/22,1/13/22,2,2,Cook
15093,1/1/22,NA,4,8,Cook
15095,1/1/22,NA,6,10,Will
15097,6/10/26,NA,12,12,Rock Island
15098,5/5/24,NA,11,13,Cook
15099,4/4/22,4/11/22,1,1,Cook
15102,1/1/22,NA,1,5,Kane
15103,1/1/22,NA,12,16,DuPage
15104,5/30/22,NA,8,12,Lake
15105,6/16/26,NA,6,6,Cook
15106,1/1/22,3/20/23,0,1,Bureau
15108,1/1/22,12/17/22,8,8,Rock Island
15109,1/1/22,11/16/22,7,7,Will
15110,1/1/22,NA,4,8,Madison
15111,7/27/23,NA,5,7,DuPage
15113,1/1/22,9/11/24,7,9,Winnebago
15114,5/9/23,5/30/26,6,9,Lake
15116,5/25/26,NA,4,4,Madison
15117,12/19/23,NA,15,17,Lake
15118,4/18/23,NA,11,14,Kendall
15119,1/1/22,8/24/22,12,12,DuPage
15122,1/1/22,7/10/22,10,10,Rock Island
15123,1/1/22,NA,12,16,Kane
15124,12/9/25,1/1/26,10,10,Cook
15127,1/1/22,4/3/23,5,6,Lake
15129,1/1/22,11/6/22,0,0,Lake
15130,1/1/22,NA,0,4,Lake
15131,1/5/23,6/19/25,12,14,Kane
15132,1/1/22,8/2/25,4,7,Ogle
15134,9/12/22,11/9/22,11,11,Peoria
15136,3/29/25,NA,3,4,Cook
15137,1/1/22,12/8/23,9,10,Cook
15138,1/1/22,NA,11,15,DuPage
15140,10/28/24,3/20/25,15,15,DuPage
15141,1/1/22,NA,0,4,Rock Island
15144,4/16/23,NA,3,6,Cook
15145,9/3/25,NA,8,8,Moultrie
15146,1/3/23,2/7/25,15,17,Grundy
15147,1/1/22,8/13/23,14,15,Kane
15152,1/1/22,1/21/23,1,2,Marion
15153,1/1/22,3/23/23,1,2,Cook
15154,1/1/22,NA,7,11,LaSalle
15157,9/10/25,NA,2,2,Effingham
15160,1/1/22,10/13/23,3,4,Cook
15161,10/17/22,1/6/25,0,2,Will
15163,3/29/22,NA,7,11,Madison
15164,1/1/22,8/15/22,0,0,Will
15166,10/8/25,NA,12,12,Coles
15167,9/28/24,NA,12,13,Lake
15170,5/17/25,NA,11,12,Kane
15174,1/1/22,11/5/22,6,6,Winnebago
15179,1/1/22,4/16/23,3,4,DuPage
15180,10/20/23,12/29/23,10,10,Woodford
15182,1/1/22,NA,1,5,Cook
15183,1/1/22,7/26/24,2,4,Kane
15185,1/1/22,NA,4,8,DuPage
15186,1/1/22,NA,12,16,Cook
15187,1/1/22,2/22/22,3,3,Peoria
15189,5/3/25,NA,11,12,McHenry
15190,1/30/26,NA,17,17,DuPage
15191,1/1/22,NA,3,7,Effingham
15194,1/1/22,1/22/22,0,0,Kane
15195,1/1/22,5/26/24,7,9,Fayette
15198,1/1/22,5/11/22,3,3,Jefferson
15199,1/1/22,3/3/26,11,15,Lake
15200,1/1/22,NA,11,15,Champaign
15203,3/26/23,8/3/23,3,3,Williamson
15204,5/13/25,NA,1,2,Christian
15206,1/1/22,NA,11,15,Cook
15207,10/5/23,NA,7,9,Cook
15208,12/7/22,NA,7,10,Greene
15211,1/1/22,NA,12,16,Lake
15213,1/1/22,12/6/24,11,13,Kendall
15214,1/1/22,3/7/23,2,3,Will
15216,1/1/22,9/1/23,11,12,Lake
15217,1/1/22,7/1/23,16,17,Champaign
15218,1/1/22,NA,11,15,Macoupin
15219,1/1/22,9/27/23,2,3,Cook
15220,3/8/24,NA,8,10,Lake
15223,1/1/22,1/2/22,13,13,Macon
15224,1/1/22,NA,8,12,Cook
15225,2/5/22,5/22/26,13,17,McHenry
15226,8/31/25,NA,10,10,Lake
15227,2/7/26,NA,9,9,Kane
15231,1/1/22,NA,8,12,Kane
15232,6/27/22,6/1/25,6,8,St. Clair
15234,1/1/22,3/17/25,10,13,Tazewell
15235,10/9/22,3/28/24,6,7,Will
15237,1/1/22,NA,7,11,Lake
15238,1/1/22,9/3/24,6,8,Vermilion
15239,5/23/25,NA,13,14,Will
15243,1/6/24,NA,9,11,Rock Island
15244,8/16/23,4/11/24,5,5,Jackson
15245,1/1/22,7/6/24,13,15,Lake
15246,12/20/25,NA,14,14,Lake
15248,8/12/22,9/27/23,11,12,Grundy
15249,7/14/23,9/22/24,9,10,Champaign
15250,2/6/26,NA,15,15,McHenry
15256,11/24/25,NA,5,5,St. Clair
15257,3/9/24,NA,5,7,Sangamon
15258,1/1/22,10/17/23,13,14,DuPage
15260,6/20/23,NA,13,16,DuPage
15262,12/31/24,NA,1,2,Cook
15264,5/2/25,6/23/25,5,5,Douglas
15267,1/1/22,3/14/23,2,3,DuPage
15269,1/1/22,2/27/24,4,6,Will
15271,6/19/23,NA,14,17,Cook
15273,1/1/22,6/23/24,13,15,DeKalb
15274,1/1/22,11/29/25,5,8,Lake
15275,1/1/22,3/19/23,13,14,Will
15276,12/24/24,4/2/25,1,1,Montgomery
15277,4/30/26,NA,6,6,Lake
15278,1/1/22,11/22/22,17,17,Sangamon
15284,1/1/22,NA,9,13,LaSalle
15287,1/1/22,1/20/25,12,15,Cook
15289,11/11/25,NA,6,6,Cook
15290,1/1/22,1/2/25,14,17,DuPage
15293,3/17/26,NA,3,3,Madison
15294,12/16/25,NA,10,10,Peoria
15296,12/5/24,NA,16,17,Winnebago
15298,1/1/22,10/22/25,12,15,McDonough
15299,1/1/22,NA,5,9,Cook
15300,11/21/24,NA,3,4,Lake
15301,1/1/22,3/16/23,13,14,McLean
15303,8/7/25,8/15/25,13,13,Cook
15305,3/9/24,NA,6,8,Cook
15306,3/14/25,NA,0,1,Cook
15307,12/15/25,NA,10,10,Sangamon
15310,1/1/22,12/10/22,16,16,Grundy
15312,2/5/25,NA,8,9,DuPage
15313,1/1/22,1/24/22,14,14,DuPage
15314,1/1/22,8/5/22,2,2,DuPage
15316,1/1/22,6/25/22,5,5,Crawford
15318,1/1/22,11/9/23,6,7,Will
15320,1/16/24,9/4/24,14,14,St. Clair
15323,10/3/25,NA,0,0,Christian
15324,1/26/23,NA,8,11,McHenry
15325,1/1/22,NA,5,9,DuPage
15326,7/21/22,7/13/24,4,5,Fulton
15327,1/1/22,5/25/25,4,7,Kendall
15328,4/10/23,3/25/26,2,4,Cook
15331,1/1/22,NA,12,16,McLean
15332,11/29/22,NA,3,6,Grundy
15333,1/1/22,4/29/23,8,9,Cook
15334,6/12/23,NA,4,7,Perry
15335,5/8/26,NA,11,11,Cook
15336,6/1/24,NA,15,17,Cook
15337,7/28/22,NA,12,15,Cook
15344,1/1/22,10/2/22,9,9,Lake
15346,7/23/25,NA,13,13,Kendall
15347,8/17/23,8/19/23,10,10,Winnebago
15348,7/8/23,1/16/24,15,15,Will
15350,8/19/23,10/2/23,16,16,Cook
15351,1/1/22,1/19/24,15,17,Richland
15352,1/1/22,4/10/22,3,3,Kane
15353,1/1/22,9/14/23,15,16,Kendall
15355,1/1/22,7/27/23,3,4,DuPage
15357,10/7/23,NA,6,8,DeKalb
15358,8/16/25,NA,13,13,McHenry
15359,1/1/22,5/6/24,11,13,Effingham
15360,1/8/22,NA,10,14,Lake
15363,7/2/25,2/15/26,2,2,DuPage
15364,6/26/26,NA,5,5,Rock Island
15365,1/1/22,2/6/23,16,17,St. Clair
15366,5/23/26,NA,12,12,Lake
15367,1/1/22,10/20/23,14,15,DeKalb
15368,1/9/22,9/25/24,0,2,DuPage
15369,1/1/22,5/23/25,1,4,Christian
15370,1/1/22,1/11/24,9,11,McHenry
15372,4/14/26,NA,16,16,Kankakee
15373,8/30/22,8/13/24,7,8,Kendall
15376,1/1/22,2/7/23,10,11,Winnebago
15379,1/1/22,10/27/22,3,3,St. Clair
15380,1/1/22,NA,7,11,Cook
15381,1/24/24,NA,2,4,Kane
15383,2/2/23,NA,5,8,Peoria
15384,2/16/22,8/18/24,9,11,Cook
15386,4/13/26,NA,8,8,St. Clair
15388,1/1/22,12/16/25,8,11,Cook
15391,4/19/23,NA,7,10,Rock Island
15392,5/22/26,NA,4,4,Jo Daviess
15397,3/28/23,NA,0,3,Winnebago
15400,6/6/25,NA,10,11,Winnebago
15402,1/4/22,1/18/26,3,7,Lake
15404,11/25/23,NA,14,16,Cook
15406,4/14/26,NA,3,3,Will
15408,1/1/22,1/18/23,16,17,Cook
15414,10/4/25,NA,5,5,Sangamon
15419,3/1/24,NA,9,11,Lake
15420,1/1/22,NA,13,17,Kane
15426,1/1/22,NA,0,4,Lake
15427,3/22/24,8/20/25,7,8,Cook
15429,5/2/24,NA,8,10,Will
15431,1/1/22,12/10/22,1,1,Lake
15435,1/1/22,8/3/24,3,5,Ogle
15436,11/5/25,6/5/26,10,10,Cook
15437,1/1/22,NA,11,15,Cook
15440,1/1/22,8/6/25,0,3,Cook
15442,3/6/24,5/25/24,11,11,McDonough
15443,6/16/24,NA,7,9,Lake
15444,12/21/24,NA,1,2,Madison
15445,11/26/22,5/14/25,12,14,Cook
15446,1/1/22,2/27/23,14,15,Will
15447,1/1/22,12/5/23,3,4,Cook
15448,1/1/22,6/22/22,11,11,McHenry
15449,1/1/22,4/11/24,7,9,Ogle
15455,1/1/22,NA,7,11,Cook
15457,5/7/22,5/8/22,6,6,DuPage
15461,1/1/22,NA,10,14,Knox
15466,1/20/22,NA,10,14,Cook
15470,1/1/22,11/2/23,6,7,LaSalle
15473,1/1/22,4/7/22,5,5,Will
15474,8/25/23,10/30/23,6,6,Cook
15476,8/4/25,NA,0,0,Livingston
15483,2/18/23,1/30/26,3,5,Cook
15485,6/23/23,1/6/26,12,14,Sangamon
15490,1/1/22,12/22/25,11,14,Lake
15492,1/26/25,NA,12,13,Madison
15493,6/19/23,NA,7,10,Cook
15494,11/16/24,NA,5,6,Macoupin
15497,1/1/22,9/2/24,6,8,Cook
15498,6/23/22,9/26/24,15,17,Cook
15499,9/4/24,NA,11,12,DuPage
15500,4/2/23,7/11/25,12,14,Peoria
15504,6/7/24,NA,13,15,Lake
15506,1/1/22,4/30/25,8,11,DuPage
15507,1/1/22,NA,1,5,Cook
15508,1/1/22,9/9/22,14,14,Will
15510,1/1/22,1/21/26,11,15,Will
15511,8/7/22,4/26/25,10,12,Cass
15512,1/1/22,NA,4,8,Cook
15515,12/16/23,NA,12,14,Adams
15516,12/4/22,1/16/23,12,12,Cook
15517,9/14/23,NA,7,9,Kankakee
15518,1/1/22,6/30/23,12,13,Cook
15523,4/25/25,NA,15,16,Cook
15524,1/1/22,NA,2,6,Cook
15526,2/21/26,NA,8,8,Cook
15527,12/19/22,1/9/23,12,12,McDonough
15529,11/12/23,6/17/25,2,3,Greene
15530,1/1/22,4/11/24,9,11,DuPage
15533,7/19/22,NA,9,12,Cook
15534,1/1/22,8/23/24,11,13,Winnebago
15535,1/1/22,6/30/26,4,8,Kane
15536,1/1/22,7/5/23,10,11,DuPage
15537,1/1/22,NA,5,9,Tazewell
15538,1/1/22,6/8/25,2,5,DuPage
15539,2/1/24,NA,8,10,Whiteside
15542,1/1/22,7/14/22,8,8,Cook
15547,1/1/22,10/25/23,1,2,Ogle
15549,1/1/22,3/13/23,16,17,Cook
15550,1/1/22,3/1/23,11,12,Lake
15551,1/1/22,NA,10,14,Madison
15552,3/2/22,5/20/23,5,6,Cook
15553,1/1/22,NA,6,10,Douglas
15555,1/1/22,1/11/23,6,7,Lake
15558,1/1/22,NA,11,15,McHenry
15564,7/24/23,10/10/23,0,0,Cook
15565,1/1/22,12/30/23,7,8,Winnebago
15570,1/1/22,10/5/22,2,2,Rock Island
15571,1/1/22,NA,11,15,Will
15572,8/2/23,2/25/26,15,17,Knox
15573,1/1/22,3/1/24,10,12,Adams
15574,1/1/22,7/25/23,15,16,Clay
15576,6/20/26,NA,11,11,Winnebago
15578,1/1/22,3/22/25,1,4,McLean
15579,1/1/22,7/15/24,0,2,Cook
15580,1/1/22,3/27/22,0,0,Cook
15582,9/7/25,NA,11,11,Cook
15583,1/1/22,7/20/24,0,2,Jackson
15587,1/1/22,6/22/26,6,10,Lake
15590,2/6/22,NA,7,11,Vermilion
15593,3/13/22,4/28/22,13,13,Cook
15596,3/5/24,4/23/24,3,3,Lake
15597,1/1/22,NA,9,13,Champaign
15598,1/1/22,NA,8,12,Cook
15600,3/23/23,NA,11,14,DuPage
15601,1/1/22,6/15/23,6,7,Kankakee
15606,1/1/22,7/22/22,11,11,Boone
15607,11/17/23,NA,0,2,Henry
15608,1/1/22,9/18/23,13,14,Bond
15612,1/1/22,3/5/24,2,4,Lake
15613,1/1/22,NA,7,11,Shelby
15616,1/1/22,NA,12,16,Kendall
15619,1/1/22,NA,8,12,Lake
15620,1/1/22,5/30/25,10,13,Lake
15621,12/24/22,NA,9,12,Cook
15625,1/2/23,1/17/24,14,15,Sangamon
15627,1/1/22,NA,10,14,Lake
15628,1/1/22,NA,8,12,Will
15630,1/1/22,5/21/22,6,6,Cook
15632,1/1/22,1/16/22,12,12,Lake
15634,8/19/24,4/17/26,0,1,Franklin
15635,3/14/25,NA,2,3,Kane
15638,6/22/23,NA,14,17,Cook
15639,1/1/22,3/15/24,12,14,Lake
15642,1/1/22,5/20/22,13,13,Cook
15644,7/17/22,NA,14,17,DuPage
15648,7/19/24,NA,1,2,Champaign
15651,7/5/24,NA,0,1,Lake
15652,1/1/22,NA,10,14,McLean
15654,7/24/23,NA,15,17,Will
15657,4/28/25,NA,1,2,DeKalb
15658,8/27/25,1/2/26,3,3,Kane
15659,1/1/22,NA,10,14,Cook
15661,3/15/23,3/20/23,7,7,Iroquois
15665,11/29/25,12/26/25,9,9,Cook
15666,10/26/25,NA,14,14,Cook
15667,4/6/22,5/19/22,17,17,Whiteside
15668,1/1/22,3/15/24,1,3,Lake
15669,7/24/22,12/6/24,2,4,Champaign
15670,2/21/26,NA,6,6,Rock Island
15673,1/1/22,11/10/24,9,11,Menard
15675,11/4/24,NA,6,7,Edgar
15676,1/1/22,10/9/22,4,4,Cook
15677,1/1/22,NA,3,7,Winnebago
15678,1/1/22,6/25/22,9,9,Cook
15679,8/14/24,NA,5,6,Will
15680,10/31/25,NA,11,11,Macon
15681,11/12/25,12/6/25,8,8,Lake
15683,2/7/23,2/18/23,1,1,Jersey
15684,1/20/23,3/13/23,11,11,Winnebago
15689,4/3/25,NA,6,7,Lake
15692,3/28/26,NA,17,17,Boone
15693,6/27/24,8/17/25,7,8,DeKalb
15694,1/1/22,4/19/25,4,7,Lake
15696,12/6/24,2/16/25,0,0,DuPage
15698,1/1/22,NA,5,9,Kane
15699,4/20/26,5/19/26,12,12,Ogle
15701,1/1/22,10/19/23,13,14,Kane
15702,6/18/23,NA,7,10,McLean
15703,1/1/22,2/10/22,6,6,Peoria
15704,1/1/22,6/23/25,12,15,St. Clair
15706,1/1/22,NA,5,9,Knox
15707,1/1/22,NA,1,5,Cook
15709,1/1/22,NA,7,11,McHenry
15711,1/1/22,NA,5,9,DuPage
15714,1/1/22,NA,2,6,Will
15717,4/11/22,5/7/22,9,9,DuPage
15718,4/10/24,NA,9,11,Fulton
15719,1/1/22,NA,3,7,Lake
15720,1/1/22,12/6/24,15,17,Kane
15721,1/1/22,9/29/23,16,17,Cook
15722,6/24/26,NA,6,6,Douglas
15723,1/1/22,NA,0,4,Rock Island
15724,7/14/23,NA,5,7,Will
15726,1/1/22,2/3/23,5,6,Cook
15727,1/1/22,NA,12,16,Champaign
15730,9/26/25,NA,2,2,McHenry
15731,4/22/22,5/3/24,6,8,Cook
15735,11/10/24,NA,8,9,Cook
15736,1/1/22,NA,5,9,Will
15737,9/2/23,NA,11,13,Cook
15741,1/1/22,NA,5,9,Will
15744,8/18/24,NA,2,3,Ford
15745,1/1/22,NA,8,12,Cook
15746,1/1/22,3/30/25,0,3,Kendall
15752,6/8/24,NA,1,3,Cook
15753,11/25/23,NA,3,5,Will
15755,1/1/22,10/29/22,16,16,Williamson
15756,1/1/22,9/26/22,16,16,Cook
15757,2/20/23,NA,6,9,Vermilion
15758,9/22/22,12/22/25,10,13,DuPage
15760,8/18/24,NA,1,2,Cook
15762,11/6/23,NA,3,5,Cook
15763,1/5/25,NA,16,17,Winnebago
15765,1/1/22,10/19/22,15,15,Madison
15766,1/25/25,NA,13,14,Cook
15767,1/1/22,12/5/23,13,14,White
15768,6/26/22,7/8/22,10,10,Cook
15772,1/1/22,3/6/26,13,17,Douglas
15776,8/30/22,NA,5,8,St. Clair
15778,1/1/22,11/17/25,11,14,Kane
15779,6/10/22,1/1/26,8,11,DuPage
15780,1/1/22,11/5/23,11,12,DuPage
15781,1/1/22,4/11/24,7,9,Boone
15783,9/21/22,NA,12,15,Bureau
15784,2/20/23,NA,0,3,Will
15785,7/20/24,8/6/24,15,15,Monroe
15786,1/1/22,5/7/23,3,4,Kendall
15788,2/25/23,8/14/23,10,10,Lake
15795,4/4/26,NA,4,4,DuPage
15797,1/1/22,NA,0,4,Piatt
15799,1/1/22,2/15/22,11,11,Cook
15800,12/20/25,NA,9,9,Madison
15802,10/15/23,NA,14,16,Vermilion
15803,9/8/25,11/1/25,3,3,Cook
15805,4/22/23,NA,2,5,Kane
15806,1/1/22,3/15/22,6,6,Cook
15807,5/1/23,NA,12,15,Lake
15808,3/30/26,NA,12,12,Cook
15810,1/1/22,8/31/24,7,9,Will
15811,12/26/22,4/19/23,14,14,Madison
15813,1/1/22,NA,7,11,Effingham
15815,1/1/22,2/17/24,7,9,DuPage
15816,2/19/26,NA,7,7,DuPage
15818,6/22/25,7/4/25,12,12,DuPage
15821,1/1/22,4/12/24,13,15,Cook
15823,1/1/22,2/7/23,5,6,Cook
15824,1/1/22,NA,6,10,DuPage
15825,10/16/24,NA,15,16,Morgan
15826,9/22/25,NA,17,17,Cook
15827,1/7/23,NA,7,10,Will
15831,2/15/24,4/1/24,16,16,Macon
15832,1/1/22,3/16/26,4,8,Boone
15834,8/21/22,2/3/24,10,11,Kane
15835,1/1/22,5/12/23,15,16,DuPage
15841,1/1/22,7/2/22,4,4,Kane
15842,4/14/26,NA,3,3,Cook
15843,3/3/25,3/11/25,11,11,Will
15846,7/16/22,NA,8,11,Cook
15850,10/5/25,NA,15,15,DuPage
15852,12/9/23,5/13/26,11,13,Madison
15860,1/1/22,NA,6,10,Cook
15861,1/1/22,NA,9,13,Lake
15866,1/1/22,1/2/22,17,17,DeKalb
15867,6/8/25,NA,0,1,Cook
15869,6/13/23,7/8/24,11,12,Cook
15871,1/1/22,3/20/23,8,9,Kankakee
15872,5/10/26,NA,10,10,Madison
15875,1/1/22,2/24/24,9,11,Will
15876,12/13/22,7/13/25,15,17,Cook
15879,7/1/25,NA,8,9,Cook
15880,4/9/24,NA,7,9,McHenry
15881,6/29/24,NA,13,15,Cook
15883,4/7/26,NA,4,4,Cook
15886,12/22/24,NA,5,6,Williamson
15888,1/1/22,11/16/24,8,10,DuPage
15890,1/1/22,9/25/23,11,12,Cook
15891,1/1/22,NA,3,7,Warren
15893,1/1/22,NA,12,16,Cook
15895,5/3/24,NA,13,15,Sangamon
15896,12/7/22,11/10/25,7,9,Boone
15898,9/6/22,NA,12,15,Cook
15899,7/21/22,4/4/23,4,4,Grundy
15902,1/1/22,2/13/24,1,3,Kane
15903,1/1/22,NA,12,16,DuPage
15905,4/5/22,6/13/22,9,9,DuPage
15906,1/1/22,NA,9,13,McLean
15908,2/21/24,2/22/24,16,16,Cook
15910,2/21/26,NA,9,9,DuPage
15911,1/1/22,NA,8,12,Kane
15915,1/1/22,11/10/22,1,1,Peoria
15916,1/1/22,8/28/22,3,3,Kane
15917,1/1/22,2/5/25,6,9,St. Clair
15918,1/1/22,1/27/24,10,12,Lake
15919,1/1/22,5/3/22,15,15,Livingston
15922,8/18/22,2/10/25,14,16,Pike
15923,1/1/22,3/21/22,2,2,Peoria
15924,8/10/22,11/28/25,10,13,Cook
15925,4/15/26,NA,13,13,Will
15926,1/1/22,2/22/26,13,17,DeKalb
15927,1/1/22,3/26/25,1,4,Cook
15930,1/1/22,NA,2,6,Lake
15932,1/1/22,NA,5,9,Kane
15934,4/15/24,NA,4,6,Sangamon
15935,1/1/22,NA,2,6,DuPage
15939,6/20/25,9/8/25,2,2,DuPage
15941,3/12/23,NA,2,5,Lake
15942,11/25/25,NA,12,12,DuPage
15944,1/1/22,7/6/25,5,8,McHenry
15945,1/10/23,NA,5,8,Cook
15948,1/1/22,10/10/25,13,16,McHenry
15951,1/1/22,4/9/22,12,12,Lake
15953,2/6/24,7/31/24,8,8,Cook
15956,6/28/24,NA,13,15,Hamilton
15957,3/17/23,NA,8,11,McHenry
15958,1/1/22,4/27/24,5,7,Boone
15960,10/30/22,NA,14,17,Lake
15961,7/26/25,7/28/25,5,5,Bond
15962,2/6/23,7/24/25,7,9,Lake
15963,1/1/22,NA,1,5,Vermilion
15965,1/1/22,11/21/24,2,4,Cook
15966,4/12/24,NA,12,14,Henry
15968,1/1/22,12/12/22,2,2,Cook
15970,2/15/23,2/3/26,0,2,Vermilion
15972,1/1/22,1/24/25,11,14,Kane
15973,1/22/23,1/18/25,12,13,Madison
15977,8/28/25,NA,15,15,Kendall
15978,1/1/22,NA,3,7,DuPage
15980,5/11/26,NA,9,9,Madison
15981,1/1/22,NA,12,16,DuPage
15983,12/14/22,12/15/22,15,15,Kane
15987,1/1/22,1/8/23,6,7,Cook
15991,2/23/23,NA,9,12,DuPage
15994,1/1/22,NA,6,10,Will
15996,12/8/22,NA,8,11,Will
15997,1/1/22,2/15/25,11,14,Tazewell
15998,1/1/22,NA,9,13,Will
16000,1/1/22,NA,0,4,Jackson
16002,2/17/22,2/26/26,9,13,Kane
16003,8/30/24,11/15/24,11,11,Will
16004,1/1/22,1/23/26,9,13,McHenry
16006,6/19/22,11/15/22,9,9,DuPage
16008,4/12/26,NA,14,14,Kane
16009,12/7/24,NA,13,14,Pope
16011,1/1/22,7/15/25,7,10,Bureau
16014,1/1/22,1/28/23,12,13,Kankakee
16016,1/1/22,6/6/26,7,11,Whiteside
16017,1/1/22,NA,1,5,Bureau
16018,1/1/22,NA,11,15,Kane
16019,1/1/22,NA,7,11,Lake
16020,11/4/23,NA,0,2,Sangamon
16021,1/1/22,2/17/24,3,5,Will
16022,1/1/22,7/28/23,3,4,Cook
16026,1/1/22,5/2/25,6,9,Madison
16027,7/19/25,NA,4,4,Lake
16028,1/1/22,11/27/23,14,15,Bond
16029,1/1/22,3/31/23,7,8,Cook
16031,1/1/22,4/18/25,10,13,Lake
16033,1/1/22,11/8/24,2,4,Marion
16035,1/1/22,NA,0,4,DeKalb
16036,11/23/23,NA,14,16,Will
16037,11/2/23,NA,12,14,Cook
16038,1/1/22,8/27/23,4,5,DuPage
16039,1/1/22,4/25/23,1,2,DuPage
16041,1/1/22,11/20/23,11,12,Winnebago
16042,1/1/22,12/20/23,13,14,Cook
16045,5/16/24,NA,0,2,Wayne
16048,1/1/22,4/8/24,12,14,Knox
16049,12/7/22,12/28/22,17,17,DuPage
16050,1/1/22,7/29/24,15,17,Lake
16052,3/25/23,4/17/24,3,4,DuPage
16054,1/1/22,11/28/22,12,12,DuPage
16055,1/1/22,3/27/22,17,17,DuPage
16058,1/1/22,5/30/22,16,16,Christian
16059,1/1/22,1/16/22,6,6,DuPage
16060,1/1/22,NA,9,13,Knox
16062,1/1/22,8/21/23,0,1,Vermilion
16064,2/24/26,NA,13,13,Cook
16067,7/6/25,NA,5,5,Cook
16069,7/6/25,NA,7,7,Winnebago
16071,1/1/22,7/28/23,11,12,Will
16074,11/28/24,NA,16,17,Cook
16075,1/1/22,9/26/23,4,5,Cook
16077,1/1/22,5/12/26,0,4,DuPage
16081,1/1/22,8/8/23,4,5,McHenry
16083,11/13/22,NA,10,13,Jersey
16084,1/1/22,12/16/24,14,16,Lake
16085,1/1/22,4/9/25,7,10,Randolph
16086,1/1/22,2/17/25,14,17,Cook
16087,1/1/22,NA,12,16,Knox
16088,5/24/26,NA,7,7,DuPage
16089,1/1/22,NA,3,7,DuPage
16090,1/2/26,NA,11,11,Cook
16092,1/1/22,NA,9,13,Cook
16093,1/1/22,10/18/23,0,1,Cook
16095,1/1/22,8/12/24,10,12,Cook
16097,3/21/26,NA,14,14,Cook
16100,1/25/22,2/24/22,7,7,Adams
16104,8/17/24,6/7/26,4,5,Cook
16106,6/30/22,NA,11,15,Lake
16108,1/1/22,2/18/25,5,8,Christian
16109,1/1/22,6/14/25,0,3,Cook
16111,5/23/24,NA,7,9,DuPage
16112,1/1/22,NA,12,16,Lake
16114,1/1/22,6/17/24,11,13,Kane
16120,1/1/22,9/13/22,15,15,Bureau
16121,2/6/23,1/5/26,11,13,Will
16126,1/1/22,NA,13,17,Rock Island
16130,5/14/24,6/2/24,5,5,McHenry
16132,1/2/24,NA,8,10,Cook
16133,1/1/22,NA,3,7,Will
16134,1/1/22,9/19/23,15,16,Cook
16135,1/1/22,NA,13,17,Kankakee
16136,11/24/24,NA,14,15,Cook
16137,6/24/22,NA,12,16,Stephenson
16138,12/1/24,NA,6,7,Will
16139,1/1/22,NA,4,8,DuPage
16140,5/7/22,3/16/23,16,16,Tazewell
16141,1/1/22,10/11/24,14,16,Cook
16142,1/1/22,5/28/22,14,14,Cook
16143,1/1/22,NA,6,10,Kane
16144,1/1/22,NA,0,4,Jackson
16145,1/18/25,NA,2,3,Will
16147,1/1/22,NA,5,9,Will
16148,11/10/22,5/18/23,14,14,Cook
16150,1/1/22,9/12/25,7,10,Kendall
16154,1/1/22,11/15/25,9,12,Will
16156,1/1/22,5/26/22,1,1,Cook
16158,1/1/22,12/1/23,3,4,Vermilion
16162,3/6/23,NA,11,14,DuPage
16163,1/1/22,NA,3,7,Will
16164,1/1/22,NA,3,7,DuPage
16166,1/1/22,NA,3,7,Cook
16167,9/7/25,NA,2,2,Grundy
16168,6/13/26,NA,17,17,McHenry
16169,3/5/26,NA,3,3,Jackson
16172,3/7/25,NA,15,16,Cook
16174,12/12/23,NA,3,5,Winnebago
16175,2/2/22,1/3/26,4,7,McHenry
16176,4/12/24,NA,12,14,Fayette
16178,11/5/23,NA,3,5,Kane
16179,7/9/23,6/17/26,1,3,DuPage
16180,1/1/22,NA,3,7,McDonough
16183,1/1/22,3/6/23,15,16,Whiteside
16186,2/1/26,NA,10,10,Lake
16189,6/26/25,NA,5,6,Will
16190,5/29/22,NA,1,5,Kankakee
16196,1/1/22,10/5/22,11,11,DuPage
16197,1/1/22,NA,8,12,Tazewell
16198,1/1/22,12/15/23,12,13,Vermilion
16199,2/1/24,NA,12,14,Lake
16202,8/13/22,NA,10,13,Christian
16205,1/1/22,NA,13,17,Cook
16206,2/6/24,3/26/24,5,5,Tazewell
16209,1/1/22,7/6/23,4,5,Will
16210,1/1/22,3/30/23,10,11,DuPage
16211,10/27/22,NA,6,9,McHenry
16214,1/1/22,NA,9,13,DuPage
16216,3/21/23,NA,14,17,Winnebago
16217,9/1/23,11/4/23,3,3,Christian
16218,1/1/22,10/5/22,4,4,Kane
16220,3/14/23,NA,1,4,McLean
16221,12/10/22,2/8/25,0,2,Lake
16224,5/31/25,NA,16,17,Macon
16225,1/1/22,2/5/23,9,10,Ogle
16228,10/29/24,NA,0,1,Lake
16229,1/1/22,NA,9,13,Will
16232,2/12/25,NA,7,8,Franklin
16233,7/7/25,8/27/25,12,12,Will
16234,1/22/22,10/29/22,3,3,Cook
16235,1/1/22,9/3/22,17,17,Madison
16236,3/11/24,NA,15,17,Rock Island
16238,8/23/22,4/11/24,5,6,Winnebago
16239,1/1/22,NA,2,6,Cook
16242,1/1/22,4/18/22,7,7,Edgar
16243,1/1/22,6/7/25,14,17,Cook
16245,4/27/24,NA,4,6,Jefferson
16246,1/1/22,11/8/22,13,13,Cook
16248,10/22/25,NA,11,11,Boone
16249,1/1/22,2/28/26,7,11,Kane
16251,12/8/23,NA,4,6,Kane
16252,1/1/22,NA,9,13,Tazewell
16254,1/1/22,6/19/25,13,16,DuPage
16255,1/1/22,6/24/22,17,17,Cook
16260,1/1/22,5/1/23,16,17,Cook
16262,1/1/22,8/8/23,16,17,Cook
16263,1/10/25,NA,5,6,Cook
16265,11/14/22,3/1/24,13,14,Warren
16266,1/1/22,NA,9,13,Cook
16270,1/1/22,12/23/22,5,5,DuPage
16272,1/1/22,3/4/25,0,3,St. Clair
16273,1/1/22,NA,5,9,St. Clair
16274,1/1/22,NA,2,6,DuPage
16276,8/20/24,10/18/24,1,1,DuPage
16277,7/25/24,NA,0,1,Lake
16281,10/27/22,10/29/22,0,0,Lake
16282,10/26/25,6/3/26,11,11,Livingston
16284,10/18/22,2/6/26,9,12,Will
16285,3/15/23,NA,1,4,McHenry
16291,1/1/22,NA,8,12,Will
16293,1/1/22,NA,8,12,Will
16294,1/19/26,4/4/26,7,7,Lake
16295,12/25/23,NA,3,5,Cook
16298,10/9/24,NA,4,5,DuPage
16300,1/1/22,NA,2,6,DuPage
16301,1/1/22,NA,5,9,Cook
16304,3/1/23,12/8/23,16,16,Cook
16305,1/1/22,7/18/23,4,5,Mercer
16306,6/1/23,6/8/23,3,3,Lake
16309,6/16/22,NA,13,17,Piatt
16313,5/27/24,5/25/25,15,15,DuPage
16314,1/1/22,4/17/22,1,1,Cook
16321,5/1/25,NA,12,13,Kane
16322,9/24/25,NA,16,16,Lake
16323,8/13/24,NA,9,10,Ogle
16324,1/1/22,NA,12,16,Christian
16326,9/28/22,9/7/23,11,11,McHenry
16327,11/23/25,NA,14,14,Whiteside
16328,11/8/23,NA,2,4,DuPage
16329,1/30/24,NA,12,14,Marion
16332,1/1/22,NA,7,11,Cook
16334,4/29/24,NA,15,17,Cook
16335,1/1/22,2/14/24,8,10,Kane
16338,1/2/22,3/26/25,1,4,Brown
16341,5/12/26,NA,4,4,Will
16342,1/1/22,3/20/26,13,17,Cook
16346,9/11/25,9/27/25,2,2,Cook
16347,1/1/22,10/6/24,2,4,Kankakee
16348,1/1/22,NA,9,13,McLean
16351,1/1/22,3/12/22,16,16,Kane
16352,1/1/22,NA,4,8,Sangamon
16354,1/1/22,NA,0,4,DuPage
16355,3/11/24,7/12/24,11,11,Lake
16357,1/1/22,NA,2,6,DuPage
16358,1/1/22,1/3/26,11,15,McHenry
16359,1/1/22,NA,0,4,Cook
16361,7/31/23,NA,14,16,DuPage
16362,1/1/22,NA,3,7,Jersey
16363,10/2/23,NA,3,5,Greene
16365,1/1/22,NA,9,13,Will
16367,3/20/22,9/5/23,0,1,Cook
16368,1/1/22,3/17/24,10,12,Kane
16377,1/1/22,NA,4,8,Champaign
16378,1/1/22,NA,8,12,Kane
16381,5/2/23,NA,10,13,Will
16382,7/31/25,NA,15,15,DuPage
16385,10/16/23,NA,13,15,Cook
16387,1/1/22,4/4/25,13,16,Cook
16388,1/1/22,2/15/25,10,13,Lake
16390,1/1/22,NA,5,9,Kane
16394,9/18/25,NA,14,14,Cook
16396,1/1/22,3/21/22,1,1,Cook
16397,3/4/24,NA,10,12,DuPage
16398,1/1/22,6/24/22,16,16,Cook
16400,5/24/25,NA,16,17,DuPage
16402,1/1/22,5/22/23,12,13,Cook
16404,1/1/22,1/31/22,10,10,Lake
16407,1/1/22,6/19/22,12,12,Cook
16408,12/6/22,6/1/25,13,15,Kane
16413,11/5/25,2/4/26,8,8,Kane
16415,1/1/22,NA,5,9,Cook
16417,4/14/25,NA,0,1,Fayette
16419,1/1/22,6/21/26,8,12,McHenry
16420,1/1/22,9/29/25,6,9,Cook
16423,5/15/25,NA,9,10,Cook
16425,1/1/22,7/13/22,17,17,Winnebago
16426,1/1/22,1/8/22,4,4,Livingston
16427,1/1/22,12/9/25,10,13,Tazewell
16428,1/19/26,NA,2,2,Lake
16429,1/19/26,NA,4,4,Cook
16431,11/8/23,2/10/26,11,13,Cook
16433,9/6/25,NA,3,3,Will
16434,1/1/22,NA,7,11,Lake
16436,8/8/23,NA,6,8,Macon
16437,1/1/22,12/2/24,9,11,Kankakee
16438,1/1/22,6/22/23,2,3,Lake
16439,1/1/22,7/5/24,9,11,McHenry
16441,9/1/22,3/17/23,16,16,Lake
16442,1/6/25,1/28/25,16,16,Lake
16443,9/8/25,NA,3,3,McHenry
16444,8/4/25,NA,16,16,Crawford
16445,3/11/24,NA,2,4,Will
16446,1/1/22,12/10/23,14,15,McHenry
16448,1/1/22,11/25/23,4,5,DuPage
16452,1/1/22,3/19/23,10,11,Lake
16453,1/1/22,NA,8,12,Lake
16455,4/24/23,6/29/26,12,15,DuPage
16458,1/1/22,1/17/26,13,17,Carroll
16460,1/1/22,5/10/25,5,8,Macoupin
16462,1/1/22,12/26/23,10,11,Tazewell
16464,10/31/22,NA,1,4,Kendall
16465,1/1/22,7/15/24,15,17,Cook
16466,1/1/22,11/5/23,3,4,Cook
16469,12/27/23,3/27/24,2,2,Cook
16470,1/19/23,4/21/24,11,12,Jackson
16474,1/1/22,4/24/26,4,8,Lake
16475,4/18/25,5/20/25,4,4,LaSalle
16477,1/1/22,NA,11,15,Effingham
16478,2/3/23,NA,2,5,McLean
16480,1/1/22,4/18/25,14,17,McHenry
16481,6/7/22,10/19/22,16,16,Cook
16485,2/23/24,NA,10,12,DuPage
16486,5/22/22,NA,13,17,Lake
16488,4/22/22,NA,2,6,Tazewell
16490,3/4/23,NA,1,4,Lake
16491,5/12/26,NA,2,2,Lake
16494,8/26/22,8/12/25,1,3,Kane
16496,1/1/22,7/17/25,0,3,Cook
16498,6/30/23,NA,10,13,Cook
16499,1/1/22,6/9/23,13,14,Madison
16502,3/15/25,NA,14,15,Adams
16505,1/1/22,10/15/22,15,15,McDonough
16506,12/11/22,6/28/23,13,13,Cook
16509,1/1/22,9/29/23,15,16,Winnebago
16511,1/1/22,NA,8,12,Lake
16512,1/1/22,4/24/22,3,3,Kane
16516,8/8/23,11/3/23,11,11,Cook
16518,1/1/22,10/22/24,11,13,DuPage
16519,4/9/25,NA,2,3,DuPage
16521,1/1/22,4/6/23,3,4,Kendall
16522,12/26/23,NA,12,14,Cook
16523,1/1/22,11/15/24,15,17,Cook
16524,1/1/22,3/13/23,14,15,Kane
16525,12/27/22,NA,1,4,Cook
16526,11/28/22,12/17/22,8,8,Lake
16529,2/8/25,NA,11,12,Will
16530,9/30/25,NA,13,13,Will
16531,1/1/22,5/1/22,14,14,Will
16532,12/27/22,NA,10,13,Rock Island
16533,1/1/22,5/20/23,11,12,Wabash
16534,8/13/25,NA,1,1,Boone
16536,1/1/22,8/5/22,8,8,Cook
16537,5/18/24,6/25/24,16,16,Ogle
16539,11/23/25,NA,4,4,Kane
16543,8/14/25,NA,7,7,Madison
16550,1/1/22,NA,2,6,Macon
16551,10/8/25,NA,14,14,Lake
16552,1/1/22,8/6/24,14,16,Grundy
16553,4/7/24,NA,12,14,Cook
16554,1/1/22,4/16/26,9,13,Will
16556,1/1/22,NA,6,10,Cook
16557,1/1/22,2/4/22,17,17,Cook
16559,2/14/26,3/5/26,13,13,Livingston
16564,11/19/23,4/17/24,17,17,Will
16565,1/8/23,10/30/25,8,10,Kane
16568,1/1/22,NA,7,11,Clark
16569,9/23/23,11/5/23,5,5,De Witt
16570,1/1/22,6/2/22,13,13,Madison
16571,1/1/22,NA,8,12,LaSalle
16572,9/27/25,NA,10,10,Cook
16574,1/1/22,NA,12,16,Champaign
16575,1/1/22,NA,7,11,Bureau
16577,1/1/22,4/12/25,0,3,Lake
16578,9/23/24,NA,8,9,Kendall
16580,1/20/23,NA,10,13,Vermilion
16581,9/27/23,8/4/25,1,2,Will
16582,1/20/25,NA,2,3,Whiteside
16585,9/21/24,NA,16,17,Will
16586,8/10/25,NA,16,16,Cook
16588,8/13/25,NA,16,16,Lake
16589,3/8/22,NA,1,5,Will
16590,7/28/23,NA,11,13,Kane
16591,9/19/22,12/25/22,4,4,Lake
16595,1/1/22,3/9/22,7,7,DuPage
16596,1/1/22,1/16/22,16,16,Madison
16597,8/7/25,NA,13,13,McHenry
16598,6/16/26,NA,14,14,Clark
16599,10/9/24,NA,5,6,Cook
16600,3/19/26,NA,2,2,Clark
16602,3/20/24,NA,14,16,Kane
16603,1/1/22,NA,4,8,Rock Island
16605,1/1/22,1/21/22,16,16,Knox
16606,10/8/25,NA,13,13,McLean
16607,4/12/22,5/24/24,9,11,St. Clair
16608,1/23/22,NA,4,8,Edwards
16610,1/1/22,NA,11,15,Jackson
16613,1/1/22,11/12/25,13,16,Peoria
16615,1/1/22,1/7/22,4,4,Cook
16618,3/30/23,NA,10,13,Cook
16619,11/26/23,NA,15,17,Will
16620,1/1/22,2/27/26,6,10,Cook
16622,1/1/22,NA,3,7,Rock Island
16626,1/22/26,NA,0,0,Will
16628,5/13/26,NA,15,15,Cook
16629,9/29/25,NA,0,0,Whiteside
16630,1/1/22,6/7/23,15,16,Douglas
16632,1/1/22,7/16/22,7,7,DuPage
16634,2/17/22,NA,1,5,Cook
16635,9/28/24,NA,4,5,Kendall
16636,1/1/22,NA,5,9,Kane
16637,1/1/22,4/28/23,15,16,Cook
16638,3/16/25,NA,10,11,Kane
16640,1/1/22,4/22/23,1,2,McHenry
16641,12/7/24,NA,3,4,Kane
16643,1/20/25,NA,8,9,Lake
16644,8/9/24,NA,8,9,Lake
16646,1/1/22,4/5/23,10,11,Livingston
16648,1/1/22,10/23/22,6,6,Madison
16652,1/1/22,NA,8,12,Crawford
16653,1/1/22,NA,11,15,Cook
16654,1/1/22,NA,8,12,Kane
16655,1/1/22,9/6/24,9,11,Cook
16656,1/1/22,NA,8,12,McHenry
16657,1/1/22,NA,12,16,DuPage
16659,1/14/26,NA,9,9,Will
16660,7/26/24,NA,8,9,Will
16661,1/1/22,4/16/25,11,14,Adams
16662,7/23/23,8/22/23,17,17,Franklin
16667,1/1/22,10/20/22,17,17,Kane
16669,1/1/22,5/5/26,10,14,Jo Daviess
16670,1/1/22,3/1/23,14,15,DuPage
16672,1/1/22,5/1/24,0,2,McHenry
16673,8/21/25,1/31/26,0,0,McHenry
16674,5/21/25,NA,3,4,McLean
16675,1/1/22,NA,13,17,Cook
16676,8/24/24,10/30/25,13,14,Lake
16678,6/27/22,NA,3,7,Cook
16679,3/18/25,NA,13,14,Will
16681,5/18/23,NA,8,11,Kane
16683,1/1/22,4/19/26,6,10,Cook
16689,1/1/22,2/22/26,2,6,Champaign
16692,2/10/24,5/28/26,11,13,McHenry
16693,1/1/22,9/24/23,1,2,Madison
16695,5/10/26,NA,4,4,DuPage
16696,1/1/22,2/11/25,3,6,Lake
16697,1/1/22,NA,4,8,McHenry
16699,5/25/24,NA,8,10,Edgar
16700,7/20/24,NA,1,2,Lake
16701,1/1/22,11/19/22,2,2,Cook
16702,1/16/25,NA,5,6,DuPage
16703,1/1/22,NA,5,9,Will
16704,1/1/22,9/26/22,4,4,Lake
16706,8/17/25,NA,12,12,DuPage
16707,1/1/22,3/10/24,9,11,DuPage
16708,3/11/22,NA,10,14,Madison
16710,1/1/22,11/18/24,15,17,Ogle
16713,7/23/25,3/31/26,11,11,Will
16714,1/1/22,NA,13,17,Kane
16717,1/1/22,3/21/22,9,9,Will
16719,10/10/22,7/16/25,10,12,Winnebago
16720,1/1/22,NA,4,8,St. Clair
16723,4/7/23,11/14/23,1,1,Cook
16724,5/21/25,NA,6,7,Cook
16727,1/1/22,10/9/24,13,15,Logan
16728,1/1/22,NA,13,17,Lake
16730,6/10/26,NA,9,9,Kane
16731,1/1/22,NA,11,15,Crawford
16733,7/3/23,6/28/26,8,10,Cook
16735,3/20/26,NA,17,17,Cook
16736,1/1/22,3/14/24,14,16,McHenry
16746,8/24/25,NA,15,15,Adams
16747,1/22/26,NA,5,5,Tazewell
16749,11/10/22,11/12/22,4,4,Cook
16750,1/1/22,11/15/23,14,15,Cook
16751,11/27/22,NA,8,11,Kankakee
16752,1/1/22,9/17/23,5,6,Bond
16754,5/31/26,NA,8,8,McHenry
16762,10/2/23,10/25/23,4,4,Lake
16763,1/1/22,NA,9,13,Winnebago
16766,1/1/22,1/1/25,1,4,Knox
16767,1/1/22,9/24/22,1,1,Will
16768,8/30/23,NA,15,17,Will
16771,1/1/22,NA,8,12,Kankakee
16777,3/18/24,NA,6,8,Lake
16778,8/11/23,NA,13,15,Saline
16779,1/27/26,NA,6,6,Cook
16780,1/1/22,NA,8,12,DuPage
16782,1/1/22,NA,2,6,Cook
16783,7/17/25,NA,13,13,DuPage
16785,7/18/22,NA,14,17,Will
16787,1/1/22,NA,2,6,Peoria
16789,11/17/22,5/11/25,10,12,Macon
16790,7/28/22,NA,1,4,Lake
16797,1/1/22,8/29/25,8,11,Cook
16800,1/1/22,12/31/23,4,5,Iroquois
16801,1/1/22,9/6/24,0,2,Christian
16803,10/11/24,NA,5,6,McHenry
16804,1/1/22,NA,13,17,Fulton
16805,11/21/24,3/20/25,15,15,McHenry
16807,1/1/22,6/8/25,8,11,Cook
16810,1/27/25,NA,0,1,Cook
16811,1/1/22,12/16/22,16,16,Madison
16813,1/1/22,9/22/22,10,10,Morgan
16815,1/2/23,NA,11,14,Cook
16817,1/1/22,NA,10,14,Clinton
16819,1/1/22,9/7/22,3,3,Will
16822,2/19/24,5/20/26,15,17,Cook
16823,8/26/25,NA,17,17,Williamson
16825,1/23/25,NA,1,2,Washington
16827,1/5/25,4/6/26,12,13,DeKalb
16830,1/1/22,8/3/24,12,14,DuPage
16832,1/1/22,NA,12,16,Cook
16833,4/3/23,3/29/25,14,15,Cook
16834,1/1/22,1/6/24,9,11,DuPage
16836,1/1/22,12/27/24,3,5,Cook
16841,6/24/26,NA,2,2,Cook
16843,2/14/22,NA,11,15,Cook
16848,6/28/23,NA,11,14,McHenry
16849,3/1/24,5/16/24,15,15,LaSalle
16850,6/20/22,NA,11,15,Cook
16851,1/1/22,5/8/24,5,7,Cook
16852,7/21/22,8/7/25,8,11,Cook
16854,9/5/22,9/25/22,9,9,Cook
16856,2/19/22,3/18/25,12,15,Montgomery
16859,2/26/24,NA,4,6,Cook
16863,3/30/23,10/13/24,10,11,Greene
16866,6/5/25,6/12/25,4,4,Kendall
16872,1/1/22,NA,2,6,DuPage
16878,1/1/22,NA,2,6,DuPage
16879,3/28/26,NA,4,4,Kankakee
16883,1/1/24,4/10/24,5,5,Will
16886,1/1/22,9/8/24,8,10,Will
16891,2/1/22,NA,7,11,DuPage
16892,7/8/25,NA,12,12,Montgomery
16893,1/1/22,NA,8,12,Madison
16896,4/20/25,NA,7,8,Kendall
16901,1/1/22,1/6/25,4,7,DuPage
16903,1/1/22,6/23/24,9,11,Kane
16905,1/1/22,NA,9,13,Bond
16907,1/1/22,11/20/24,11,13,Cook
16909,1/1/22,NA,11,15,Will
16910,12/4/25,NA,16,16,Ogle
16912,1/1/22,3/17/22,3,3,DuPage
16913,6/6/26,NA,15,15,Lake
16916,1/1/22,8/25/24,5,7,Christian
16917,1/12/24,NA,11,13,Cook
16918,1/29/24,NA,11,13,Will
16919,1/1/22,3/12/25,1,4,Lake
16920,1/1/22,NA,12,16,Cook
16924,2/5/23,3/14/23,8,8,Will
16925,1/1/22,9/21/22,1,1,Cook
16926,8/22/25,NA,12,12,Grundy
16927,1/1/22,NA,1,5,St. Clair
16928,1/1/22,7/2/24,2,4,Cook
16930,5/24/25,NA,2,3,Cook
16931,9/5/23,NA,2,4,DuPage
16932,1/1/22,NA,6,10,Saline
16934,8/11/24,NA,13,14,Logan
16935,6/17/26,NA,11,11,Cook
16937,7/30/25,NA,10,10,Lee
16940,1/1/22,3/15/24,10,12,Cook
16944,1/29/24,NA,15,17,Coles
16945,1/1/22,8/1/24,11,13,Cook
16946,2/4/25,NA,14,15,Perry
16947,1/1/22,NA,11,15,Cook
16950,1/1/22,1/10/26,7,11,Kane
16953,10/8/22,4/5/25,13,15,Kendall
16957,5/16/23,NA,12,15,DuPage
16959,1/1/22,NA,11,15,Cook
16963,5/5/26,NA,9,9,Kendall
16964,8/26/25,NA,5,5,DuPage
16967,3/11/24,NA,10,12,Grundy
16972,8/22/25,2/9/26,11,11,Will
16974,1/8/26,6/19/26,11,11,Cumberland
16978,9/13/25,NA,1,1,Cook
16980,5/2/25,NA,6,7,Cook
16983,1/1/22,6/24/26,10,14,Kane
16984,11/20/24,NA,13,14,McHenry
16987,1/1/22,NA,3,7,Cook
16991,1/1/22,9/17/22,3,3,Sangamon
16993,1/1/22,8/17/22,6,6,Cook
16995,1/1/22,9/13/23,16,17,Will
16998,1/1/22,8/30/22,4,4,Iroquois
16999,11/14/25,NA,3,3,Cook
17001,12/22/23,10/30/25,14,15,Bond
17004,1/1/22,NA,4,8,Kankakee
17006,6/4/26,NA,3,3,Grundy
17007,7/14/23,7/16/23,5,5,Cook
17014,1/1/22,NA,12,16,Henderson
17017,4/29/23,10/20/23,10,10,St. Clair
17018,1/1/22,NA,0,4,DuPage
17019,3/29/22,3/18/24,4,5,Vermilion
17020,1/1/22,7/10/24,9,11,Union
17021,1/1/22,NA,9,13,Marion
17023,11/29/23,12/10/23,15,15,Cook
17024,7/31/23,8/31/23,6,6,Cook
17025,1/1/22,5/15/24,4,6,Vermilion
17026,3/6/24,NA,10,12,Stephenson
17028,5/8/26,NA,10,10,Cook
17029,1/1/22,5/15/22,0,0,Cook
17030,9/13/25,NA,7,7,Kendall
17033,11/16/22,4/16/25,15,17,Cook
17035,1/1/22,NA,4,8,Cook
17036,1/1/22,5/14/25,10,13,Livingston
17038,5/10/24,NA,14,16,Cook
17039,1/1/22,5/18/26,8,12,Henry
17040,2/25/25,NA,13,14,Cook
17041,1/1/22,11/10/23,13,14,Lake
17043,1/9/22,NA,2,6,Cook
17045,2/28/24,12/12/25,15,16,Kankakee
17047,1/1/22,9/20/22,8,8,Kane
17050,4/8/22,NA,9,13,Cook
17053,1/7/26,NA,16,16,Lake
17056,11/24/22,3/13/23,1,1,Lake
17057,4/25/24,6/15/24,3,3,Effingham
17061,1/1/22,4/27/22,9,9,Will
17063,8/1/24,NA,5,6,Logan
17065,1/1/22,3/26/25,7,10,Lake
17066,3/22/23,10/6/25,11,13,DeKalb
17068,10/3/25,NA,0,0,Kankakee
17071,7/12/23,NA,0,2,DuPage
17072,5/12/22,1/10/26,12,15,Iroquois
17074,12/16/23,NA,13,15,Will
17075,1/1/22,9/30/25,2,5,DuPage
17076,3/20/26,NA,7,7,Lake
17077,7/25/25,NA,3,3,Will
17078,1/1/22,7/19/24,7,9,Whiteside
17080,1/1/22,3/4/24,0,2,Shelby
17081,1/1/22,3/7/25,10,13,Will
17082,6/19/26,NA,16,16,Lake
17083,1/1/22,5/5/25,4,7,Cook
17084,1/1/22,7/29/23,12,13,Cook
17086,12/26/23,NA,3,5,Kendall
17087,11/4/25,NA,3,3,St. Clair
17089,3/20/24,NA,9,11,Cook
17093,1/1/22,3/29/25,1,4,Cook
17094,1/1/22,NA,11,15,Will
17095,9/1/25,NA,1,1,Cook
17098,1/1/22,NA,6,10,DuPage
17101,6/23/23,NA,14,17,Bureau
17102,1/1/22,11/28/24,11,13,Lake
17103,1/1/22,NA,7,11,Jasper
17104,1/1/22,3/23/22,5,5,Champaign
17106,1/1/22,3/1/23,5,6,Cook
17107,6/13/23,NA,4,7,Kane
17108,1/17/25,7/4/25,1,1,Jackson
17110,2/20/22,5/14/25,13,16,Rock Island
17118,1/1/22,2/10/22,2,2,Will
17119,8/23/23,NA,10,12,Will
17121,7/25/24,7/30/24,7,7,Kane
17122,8/28/23,NA,10,12,Cook
17124,7/16/25,8/18/25,5,5,Monroe
17125,2/7/25,NA,15,16,Cook
17126,12/4/24,NA,8,9,Kane
17128,1/1/22,12/30/24,7,9,Will
17131,12/4/22,6/29/23,14,14,Cook
17132,11/29/24,NA,5,6,Massac
17134,1/1/22,10/10/23,5,6,DuPage
17135,1/1/22,NA,5,9,Cook
17136,1/1/22,NA,3,7,Sangamon
17137,1/14/24,NA,5,7,Kane
17139,1/1/22,NA,6,10,Cook
17140,4/1/26,NA,3,3,DuPage
17141,7/1/23,5/5/25,5,6,Ogle
17142,7/11/25,NA,7,7,Cook
17146,1/19/23,NA,9,12,Cook
17148,1/1/22,NA,7,11,Kendall
17151,7/5/23,NA,13,15,Will
17154,5/29/24,10/21/24,10,10,Lake
17155,1/1/22,9/16/24,11,13,Lake
17157,8/19/23,NA,10,12,Christian
17163,4/16/26,NA,13,13,Jefferson
17164,1/1/22,NA,5,9,Cook
17167,9/23/25,NA,17,17,Kane
17168,2/14/25,NA,11,12,Cook
17169,10/20/23,1/12/24,8,8,Kane
17170,4/30/24,8/19/24,4,4,Cook
17171,5/28/23,7/26/24,15,16,Peoria
17172,4/25/24,NA,4,6,Cook
17174,1/1/22,7/18/23,5,6,Cook
17176,1/1/22,NA,10,14,Peoria
17177,9/30/25,NA,7,7,Lake
17178,1/1/22,1/6/22,13,13,Kane
17180,10/11/23,NA,14,16,Macoupin
17183,2/16/26,NA,2,2,Champaign
17184,7/31/23,NA,11,13,Sangamon
17185,12/26/25,NA,3,3,Kane
17188,1/1/22,11/7/22,11,11,Cook
17189,1/1/22,NA,13,17,Williamson
17190,1/29/22,NA,5,9,Rock Island
17191,1/1/22,5/13/24,10,12,Clinton
17192,9/27/22,NA,9,12,Cook
17200,11/23/25,NA,13,13,Adams
17202,1/1/22,3/27/24,13,15,DuPage
17203,1/1/22,2/4/26,11,15,DuPage
17204,1/1/22,NA,10,14,Monroe
17206,7/15/22,NA,5,8,Cook
17207,1/1/22,10/8/25,8,11,Cook
17209,5/26/22,NA,9,13,Kendall
17210,8/9/25,NA,1,1,Cook
17211,9/10/23,NA,14,16,Vermilion
17212,1/25/23,8/8/25,1,3,Jefferson
17213,3/26/26,NA,1,1,Cook
17214,1/1/22,6/16/22,11,11,Cook
17216,5/16/25,NA,14,15,Macon
17217,8/28/22,NA,11,14,Woodford
17220,1/1/22,NA,8,12,DuPage
17221,1/30/25,NA,0,1,Lake
17222,8/22/24,NA,1,2,Lake
17223,1/1/22,1/7/26,11,15,Winnebago
17225,2/9/25,NA,1,2,DuPage
17226,1/13/25,NA,7,8,Macon
17227,3/4/26,4/5/26,10,10,DuPage
17228,9/13/22,NA,4,7,DuPage
17229,1/27/24,5/4/26,5,7,Cook
17232,1/1/22,10/31/23,6,7,Lake
17233,1/1/22,NA,8,12,Kane
17235,1/18/22,6/17/25,9,12,DuPage
17237,1/31/25,NA,14,15,Cook
17238,3/1/22,3/18/26,1,5,Pulaski
17240,10/20/22,3/3/25,11,13,DuPage
17241,2/18/25,NA,5,6,Kane
17242,1/1/22,NA,11,15,Cook
17245,1/1/22,12/17/23,6,7,Madison
17246,1/1/22,NA,9,13,Will
17247,1/1/22,NA,12,16,Lake
17248,1/1/22,11/4/23,11,12,Lake
17252,1/1/22,9/27/24,5,7,Lake
17255,10/11/23,2/19/25,14,15,Williamson
17256,8/29/24,NA,0,1,Christian
17260,1/1/22,NA,3,7,Peoria
17262,1/4/24,NA,5,7,Lake
17264,11/29/22,1/14/23,13,13,St. Clair
17268,1/1/22,3/13/22,3,3,Will
17270,1/1/22,4/5/22,13,13,Cook
17272,1/1/22,NA,6,10,McLean
17273,1/1/22,7/6/22,4,4,McHenry
17275,1/1/22,NA,7,11,DuPage
17276,1/1/22,5/22/26,4,8,Cook
17280,1/1/22,11/6/22,13,13,Lawrence
17281,1/1/22,3/23/22,2,2,Cumberland
17283,8/5/24,NA,3,4,Cook
17284,5/15/25,NA,12,13,Will
17289,1/1/22,2/11/26,7,11,Moultrie
17294,1/1/22,NA,2,6,Cook
17296,1/1/22,3/9/22,6,6,Lake
17297,1/1/22,4/14/22,5,5,Will
17298,1/1/22,9/7/24,6,8,Lee
17299,1/1/22,6/21/24,2,4,Kane
17300,8/18/22,11/25/25,13,16,Cook
17303,1/1/22,NA,8,12,Grundy
17304,5/31/25,NA,12,13,Adams
17305,1/1/22,NA,0,4,Coles
17308,5/26/24,NA,8,10,Tazewell
17311,11/18/23,NA,11,13,Cook
17312,3/26/25,NA,10,11,Cook
17314,1/1/22,10/29/22,11,11,Adams
17316,1/1/22,10/9/23,7,8,Cook
17318,5/1/25,NA,14,15,Cook
17320,10/18/25,NA,15,15,Kane
17322,1/1/22,NA,10,14,Peoria
17323,1/1/22,7/4/22,0,0,Henry
17326,2/22/22,3/6/22,8,8,Cook
17328,1/1/22,10/3/23,0,1,Cook
17329,1/1/22,NA,5,9,Lake
17331,1/1/22,NA,9,13,Lake
17332,9/15/22,NA,10,13,Kane
17333,1/1/22,NA,7,11,Douglas
17334,1/1/22,NA,5,9,Menard
17336,5/30/23,NA,2,5,Cook
17337,7/5/23,2/18/24,1,1,DuPage
17338,1/1/22,NA,7,11,Williamson
17340,1/1/22,2/10/26,0,4,Cumberland
17342,1/1/22,NA,3,7,Madison
17343,1/1/22,9/4/22,2,2,Cook
17344,4/9/24,NA,11,13,Cook
17346,3/7/26,NA,3,3,DuPage
17347,1/1/22,1/9/24,0,2,DuPage
17348,11/29/24,NA,0,1,DuPage
17349,1/1/22,NA,0,4,LaSalle
17354,1/1/22,8/15/22,15,15,Cook
17355,10/13/23,NA,10,12,Kane
17356,1/1/22,4/18/24,15,17,St. Clair
17357,1/1/22,NA,6,10,Morgan
17358,1/16/24,2/16/24,13,13,St. Clair
17360,1/5/23,NA,8,11,DuPage
17361,12/4/22,2/15/25,9,11,Cook
17363,7/10/25,NA,4,4,Cook
17364,8/10/23,8/23/24,13,14,Cook
17367,8/16/24,11/23/25,3,4,Grundy
17368,4/9/22,5/21/26,7,11,Cook
17374,1/1/22,5/6/22,9,9,DuPage
17376,1/1/22,6/19/23,6,7,Monroe
17377,2/7/24,NA,5,7,Kane
17381,1/27/22,NA,10,14,DeKalb
17382,1/1/22,7/22/22,12,12,Hancock
17385,1/1/22,NA,13,17,St. Clair
17386,1/1/22,1/12/23,16,17,Lake
17391,5/10/24,NA,7,9,Carroll
17392,1/1/22,9/17/24,13,15,Saline
17393,1/1/22,5/16/26,13,17,Will
17394,10/2/23,NA,15,17,Cook
17395,1/8/24,12/19/25,10,11,McHenry
17397,1/1/22,8/28/22,0,0,Vermilion
17398,5/2/25,NA,16,17,Cook
17399,1/1/22,4/28/22,0,0,Kane
17405,1/1/22,3/7/26,5,9,Johnson
17406,1/2/22,3/10/22,10,10,Cook
17413,1/1/22,NA,8,12,Lake
17414,1/26/24,NA,3,5,Cook
17415,1/1/22,NA,3,7,DuPage
17416,1/6/25,NA,10,11,Will
17417,1/5/26,NA,11,11,DuPage
17419,4/29/23,5/17/26,6,9,Kane
17421,1/1/22,7/6/24,15,17,Menard
17423,1/1/22,NA,9,13,McHenry
17424,8/8/24,NA,6,7,Cook
17426,4/18/24,NA,6,8,Kendall
17428,8/15/24,NA,6,7,Madison
17430,1/1/22,NA,11,15,DuPage
17431,8/13/24,NA,0,1,Lake
17434,2/26/23,NA,14,17,DuPage
17438,1/1/22,2/12/25,1,4,Adams
17439,10/19/24,12/9/24,17,17,Kane
17440,3/30/24,1/19/26,2,3,DeKalb
17442,1/1/22,4/22/25,13,16,DuPage
17444,1/1/22,8/3/24,15,17,Cook
17445,3/9/25,NA,16,17,Monroe
17448,1/9/25,NA,10,11,Cook
17450,1/1/22,NA,1,5,Kane
17451,12/12/22,10/2/25,11,13,Richland
17457,9/5/23,NA,0,2,DuPage
17458,10/10/24,NA,12,13,Clay
17460,1/1/22,NA,8,12,Cook
17464,7/13/22,6/2/25,10,12,DuPage
17467,2/16/26,3/8/26,6,6,DuPage
17469,7/4/23,NA,15,17,Jersey
17470,3/24/26,NA,3,3,White
17471,11/24/22,NA,2,5,Rock Island
17472,11/20/22,NA,8,11,DuPage
17473,2/5/25,NA,13,14,Lake
17476,6/11/26,NA,11,11,Cook
17478,4/17/22,NA,12,16,Peoria
17479,1/1/22,1/23/22,8,8,Rock Island
17480,1/1/22,8/23/22,1,1,Will
17481,1/1/22,NA,9,13,Madison
17487,7/19/22,1/28/23,6,6,Sangamon
17488,10/25/23,NA,4,6,Kankakee
17490,7/21/23,NA,13,15,McHenry
17491,1/1/22,4/21/22,5,5,Lake
17492,1/1/22,3/17/22,6,6,Madison
17493,1/1/22,9/21/22,4,4,Knox
17496,2/26/24,NA,11,13,Lake
17497,8/1/25,1/22/26,14,14,Cook
17499,8/31/22,NA,0,3,McHenry
17500,5/20/26,NA,15,15,Will
17502,10/12/25,NA,6,6,Morgan
17503,5/16/24,NA,3,5,DuPage
17504,1/1/22,6/15/22,0,0,Kankakee
17508,1/1/22,10/14/22,12,12,Sangamon
17509,1/1/22,NA,11,15,Madison
17511,9/27/24,NA,12,13,Kane
17512,1/1/22,NA,11,15,Kane
17513,1/1/22,7/2/22,14,14,Knox
17516,1/1/22,2/10/23,14,15,Will
17518,1/1/22,7/19/22,14,14,White
17520,5/22/24,12/18/25,0,1,Cook
17522,1/1/22,NA,4,8,Kane
17523,5/3/25,NA,2,3,Cook
17526,5/2/24,2/3/25,9,9,DuPage
17531,1/1/22,4/11/22,14,14,Whiteside
17533,1/1/22,10/7/23,14,15,Cook
17536,1/1/22,4/13/24,14,16,Kane
17538,3/8/26,NA,10,10,Lake
17543,12/4/25,NA,2,2,DuPage
17544,1/1/22,12/17/25,4,7,Will
17549,1/1/22,1/2/26,5,9,Rock Island
17550,1/1/22,NA,2,6,Pike
17551,7/4/23,NA,8,10,Cook
17553,1/1/22,6/21/22,11,11,Cook
17556,1/1/22,3/5/24,4,6,Kane
17561,1/1/22,8/2/22,15,15,Cook
17566,1/1/22,7/4/22,8,8,Cook
17567,9/24/23,NA,12,14,DuPage
17570,1/1/22,7/4/22,11,11,DuPage
17571,7/3/23,10/10/23,15,15,Champaign
17573,10/10/24,NA,2,3,St. Clair
17578,1/1/22,4/16/26,9,13,Macon
17581,1/22/26,NA,10,10,DuPage
17584,8/22/22,11/9/25,2,5,Cook
17585,1/1/22,NA,6,10,Will
17587,1/1/22,8/19/23,0,1,Kane
17590,1/1/22,6/17/23,7,8,McHenry
17592,11/7/25,NA,11,11,Will
17594,1/12/26,NA,13,13,Cook
17595,4/5/23,NA,0,3,Clinton
17601,1/1/22,NA,0,4,Cumberland
17605,2/2/26,NA,8,8,Ogle
17606,12/24/23,2/5/24,12,12,Grundy
17607,11/28/25,2/12/26,4,4,Lake
17608,9/29/22,11/18/22,15,15,McHenry
17609,4/25/23,3/9/25,6,7,Will
17611,7/28/25,NA,10,10,Cook
17612,3/31/22,NA,10,14,Rock Island
17613,1/1/22,NA,13,17,Whiteside
17615,2/27/22,2/2/26,14,17,Cook
17618,1/1/22,3/4/22,5,5,Woodford
17620,1/1/22,5/5/24,8,10,Lake
17621,1/1/22,4/7/25,0,3,St. Clair
17622,3/19/23,NA,7,10,Champaign
17624,1/1/22,10/31/22,7,7,Madison
17626,1/1/22,2/21/25,7,10,DuPage
17628,12/21/23,5/9/26,15,17,DuPage
17629,1/1/22,5/7/22,15,15,Will
17630,10/13/25,NA,16,16,Cook
17631,5/30/25,8/30/25,0,0,Will
17632,10/15/24,1/11/25,8,8,Kane
17638,1/1/22,NA,9,13,Cook
17639,1/1/22,10/28/22,12,12,Wayne
17640,8/7/25,12/26/25,5,5,Cook
17641,1/1/22,NA,9,13,Kane
17642,1/1/22,1/16/22,17,17,Lake
17646,1/1/22,NA,9,13,Cook
17647,1/1/22,7/9/23,15,16,Lake
17649,1/1/22,5/4/23,8,9,Scott
17651,1/1/22,12/1/24,15,17,Macon
17652,1/1/22,9/24/22,0,0,DuPage
17653,6/26/26,NA,6,6,Iroquois
17654,7/30/23,NA,14,16,Kendall
17657,7/10/25,NA,11,11,Will
17658,1/1/22,NA,11,15,Tazewell
17660,4/25/23,NA,7,10,Winnebago
17663,11/5/23,NA,1,3,Lake
17666,1/1/22,6/23/24,12,14,Will
17667,11/16/23,6/12/25,12,13,Kane
17669,1/1/22,NA,0,4,Champaign
17670,10/4/22,NA,8,11,DuPage
17671,1/26/25,NA,15,16,Kane
17673,4/2/25,NA,14,15,Will
17675,9/20/25,NA,12,12,Kane
17677,2/18/26,NA,6,6,Monroe
17681,10/12/25,NA,4,4,Knox
17682,6/7/23,NA,5,8,Adams
17684,1/1/22,4/17/23,12,13,Cook
17685,1/29/26,NA,4,4,DuPage
17686,1/1/22,4/26/23,15,16,Randolph
17687,1/1/22,3/22/25,14,17,Morgan
17689,1/1/22,2/16/24,9,11,McLean
17690,9/25/25,NA,2,2,Macon
17692,1/1/22,11/3/24,15,17,Kane
17693,9/29/23,NA,4,6,Cook
17694,11/17/22,NA,13,16,DuPage
17695,12/14/24,NA,2,3,Will
17696,8/23/24,NA,15,16,Lake
17697,1/1/22,NA,3,7,Logan
17698,3/17/24,9/15/24,11,11,McLean
17699,1/1/22,1/8/22,0,0,Cook
17700,10/19/25,NA,9,9,Cook
17702,4/10/26,NA,2,2,DuPage
17707,1/1/22,NA,3,7,DuPage
17709,1/1/22,7/20/24,6,8,Adams
17711,3/29/23,NA,6,9,Champaign
17712,1/1/22,1/7/25,2,5,Madison
17713,4/13/26,NA,6,6,Lake
17714,1/15/23,NA,12,15,Cook
17715,6/4/24,NA,2,4,Cook
17717,1/1/22,1/15/23,13,14,Kendall
17719,1/1/22,4/22/23,5,6,DuPage
17720,1/1/22,12/29/24,11,13,Cook
17723,1/1/22,1/24/23,6,7,Kane
17725,1/1/22,10/18/24,1,3,Cook
17726,8/8/24,NA,12,13,Cook
17728,1/1/22,5/2/24,6,8,Cook
17730,11/21/22,11/22/22,2,2,Tazewell
17731,6/8/25,12/2/25,14,14,DeKalb
17735,1/1/22,NA,10,14,Cook
17736,1/1/22,3/2/25,11,14,Kane
17737,1/1/22,8/26/25,5,8,DuPage
17738,4/20/23,NA,0,3,McHenry
17741,1/1/22,NA,5,9,Cook
17744,1/1/22,11/28/23,10,11,Jersey
17745,1/1/22,10/9/22,0,0,Cook
17746,5/12/25,6/14/25,1,1,Cook
17750,1/1/22,8/6/25,1,4,Cook
17752,4/20/22,5/15/25,9,12,DuPage
17753,1/19/25,4/22/26,10,11,Kane
17754,6/27/26,NA,5,5,Cook
17756,1/1/22,2/3/24,6,8,Will
17757,10/29/25,NA,2,2,Will
17759,12/10/24,4/24/25,10,10,Lake
17760,2/20/26,NA,15,15,Menard
17762,1/1/22,NA,13,17,Cook
17765,2/25/23,NA,7,10,Knox
17766,8/23/23,NA,0,2,Cook
17767,1/1/22,8/15/22,5,5,Cook
17768,9/9/24,NA,9,10,Lake
17770,1/1/22,3/27/24,9,11,Champaign
17772,1/12/26,NA,16,16,Cook
17773,1/1/22,4/1/22,1,1,Cook
17777,5/5/22,12/1/22,8,8,Cook
17778,1/1/22,NA,6,10,Cook
17779,1/1/22,6/17/22,2,2,Grundy
17784,1/1/22,1/26/22,13,13,Rock Island
17785,2/9/22,3/14/23,14,15,Kane
17787,1/1/22,4/26/23,14,15,Grundy
17793,5/19/26,NA,0,0,Cook
17797,1/1/22,9/30/25,12,15,Lake
17798,3/24/26,NA,5,5,DuPage
17799,1/1/22,7/6/24,5,7,Cook
17800,6/27/25,NA,4,5,Lake
17802,8/2/23,8/4/25,6,8,Kendall
17804,5/12/25,NA,11,12,DuPage
17807,1/1/22,NA,5,9,McLean
17808,1/1/22,NA,13,17,Cook
17811,10/14/24,NA,7,8,Kankakee
17812,3/16/26,NA,12,12,Will
17814,1/1/22,8/28/22,5,5,Cook
17815,11/26/24,NA,13,14,Kankakee
17817,7/1/24,NA,9,11,Coles
17818,1/6/24,NA,2,4,Kane
17822,8/17/23,NA,14,16,McHenry
17823,1/1/22,6/5/22,8,8,Lake
17824,1/1/22,NA,5,9,Cook
17825,4/29/24,NA,9,11,McLean
17829,1/1/22,1/6/23,11,12,Will
17830,1/1/22,NA,8,12,LaSalle
17831,12/19/22,NA,13,16,Kane
17832,8/1/23,NA,11,13,Lake
17833,4/5/22,7/2/25,10,13,Boone
17835,12/15/22,12/17/22,11,11,Madison
17836,1/1/22,NA,2,6,Cook
17837,11/25/23,NA,15,17,Cook
17838,7/26/25,8/8/25,13,13,Williamson
17840,1/1/22,4/19/23,8,9,Lake
17841,1/1/22,3/18/24,2,4,Will
17843,1/1/22,9/19/22,14,14,DuPage
17845,1/1/22,NA,12,16,McHenry
17847,1/1/22,8/16/22,13,13,Kane
17848,8/21/23,NA,6,8,Cook
17852,1/1/22,7/4/23,12,13,McLean
17855,1/1/22,NA,5,9,DuPage
17860,1/1/22,11/8/23,4,5,Will
17864,1/1/22,11/3/22,6,6,Lake
17867,1/1/22,8/26/23,10,11,Cook
17869,1/1/22,4/30/25,8,11,DuPage
17871,4/21/23,NA,11,14,Cook
17872,1/1/22,NA,13,17,Lake
17874,1/1/22,NA,9,13,McHenry
17875,3/20/24,NA,12,14,Lake
17876,1/1/22,11/19/25,13,16,Lee
17878,1/1/22,2/14/23,8,9,DuPage
17882,1/1/22,1/4/23,13,14,Cook
17887,1/1/22,9/29/24,13,15,Kane
17888,1/1/22,NA,5,9,DuPage
17889,12/19/24,NA,3,4,Iroquois
17891,6/12/22,9/18/23,13,14,McHenry
17893,1/1/22,NA,13,17,Lake
17894,12/13/24,5/10/25,0,0,DuPage
17895,2/22/22,NA,9,13,Cook
17896,1/1/22,NA,4,8,Kane
17897,1/1/22,NA,10,14,DuPage
17898,6/23/24,NA,8,10,Will
17899,1/1/22,2/21/23,12,13,Tazewell
17904,10/7/25,NA,13,13,Cook
17905,1/1/22,6/4/23,15,16,Cook
17911,1/1/22,6/4/25,4,7,Macon
17912,11/5/25,11/28/25,13,13,Cook
17914,1/14/23,3/11/23,1,1,DeKalb
17915,1/1/22,4/10/22,15,15,Cook
17917,7/31/23,NA,11,13,Jackson
17919,1/1/22,3/15/24,0,2,Vermilion
17921,4/14/24,NA,9,11,Marion
17922,10/8/22,NA,12,15,Lake
17925,11/20/24,NA,16,17,DuPage
17927,9/22/25,NA,12,12,Fulton
17928,6/10/22,12/21/24,8,10,DuPage
17929,4/23/25,NA,13,14,Morgan
17930,12/23/22,NA,14,17,Kane
17932,11/18/25,NA,16,16,Kane
17934,1/17/24,NA,7,9,Rock Island
17937,1/1/22,11/12/23,16,17,Lake
17938,1/1/22,4/19/23,8,9,Lake
17945,1/1/22,NA,4,8,Lake
17946,1/1/22,NA,2,6,DuPage
17947,1/1/22,4/23/22,4,4,St. Clair
17949,12/16/22,NA,5,8,DuPage
17951,1/1/22,NA,4,8,Grundy
17952,1/1/22,8/17/24,7,9,Montgomery
17953,12/8/23,NA,7,9,Will
17957,9/14/22,NA,6,9,Cook
17960,1/1/22,3/4/23,10,11,Saline
17963,1/1/22,1/25/22,11,11,Lake
17964,1/1/22,10/13/24,14,16,Adams
17965,1/1/22,2/18/26,13,17,Will
17967,7/15/25,NA,0,0,Will
17968,1/1/22,7/18/24,11,13,Cook
17969,1/1/22,7/2/23,4,5,Cook
17972,9/25/22,3/31/24,11,12,McLean
17973,7/6/22,8/15/22,12,12,Lake
17975,1/1/22,10/21/23,13,14,Cook
17976,1/1/22,NA,5,9,Cook
17977,1/1/22,1/25/22,16,16,Adams
17978,10/24/25,4/1/26,2,2,Rock Island
17981,9/20/24,NA,7,8,Cook
17982,4/19/26,NA,2,2,Champaign
17983,4/11/26,NA,2,2,Cook
17984,2/23/26,NA,3,3,McHenry
17985,11/18/25,NA,10,10,Cook
17987,8/10/25,NA,4,4,McHenry
17992,12/31/22,NA,3,6,Kane
17993,1/1/22,9/30/23,10,11,Will
17994,1/1/22,6/10/23,6,7,DuPage
17996,9/19/24,NA,0,1,Lake
17997,1/1/22,7/31/23,16,17,DuPage
17998,1/1/22,10/14/23,5,6,Cook
17999,1/17/22,NA,3,7,McHenry
18000,1/1/22,11/10/22,9,9,Cook
18002,1/1/22,NA,9,13,Cook
18003,1/1/22,NA,6,10,Will
18004,3/6/24,8/30/24,12,12,Will
18006,4/11/26,NA,10,10,Will
18010,7/22/24,NA,2,3,St. Clair
18011,1/1/22,NA,13,17,Hardin
18012,1/1/22,NA,0,4,Jersey
18013,1/1/22,11/18/22,4,4,Perry
18014,1/1/22,9/25/22,6,6,Madison
18015,1/1/22,NA,13,17,Rock Island
18017,1/20/26,6/23/26,11,11,Hancock
18019,9/10/22,NA,9,12,Cook
18021,3/11/22,NA,13,17,Madison
18022,1/1/22,NA,8,12,Cook
18023,1/1/22,6/25/22,16,16,Will
18024,8/6/22,NA,14,17,Peoria
18026,1/1/22,3/18/24,13,15,Cook
18027,12/9/25,NA,7,7,Cook
18028,1/1/22,6/8/24,8,10,Cook
18029,4/30/22,6/2/24,0,2,DeKalb
18030,1/1/22,1/2/23,2,3,Lake
18032,1/1/22,7/9/22,4,4,McHenry
18033,1/8/24,11/24/24,16,16,Peoria
18034,5/22/24,5/25/24,16,16,DuPage
18036,1/1/22,NA,4,8,Lake
18038,10/6/25,NA,10,10,DuPage
18039,1/19/25,NA,3,4,Kendall
18041,1/1/22,10/13/23,10,11,Kane
18042,2/13/26,NA,15,15,Cook
18043,5/9/25,5/12/25,10,10,DuPage
18045,1/23/22,6/23/25,8,11,Lake
18049,1/1/22,5/6/24,14,16,Will
18050,1/1/22,NA,5,9,Kane
18051,3/20/25,NA,2,3,DuPage
18053,2/22/26,NA,17,17,Lake
18054,8/13/24,NA,7,8,Montgomery
18059,12/21/23,NA,12,14,Kane
18064,4/12/25,NA,14,15,Kane
18065,11/8/23,2/26/24,7,7,DuPage
18066,1/1/22,11/19/23,14,15,Lake
18069,1/1/22,7/14/24,1,3,McLean
18071,1/1/22,NA,3,7,Lake
18074,1/1/22,5/15/22,8,8,Will
18075,9/16/22,5/11/24,10,11,Cook
18076,11/13/24,2/9/25,17,17,Will
18078,5/21/23,6/18/23,4,4,Logan
18079,1/1/22,3/26/24,6,8,Cook
18080,1/22/23,9/30/25,14,16,Lake
18081,1/1/22,6/5/25,0,3,DuPage
18082,1/1/22,6/25/23,7,8,Kane
18086,1/1/22,1/9/23,8,9,Cook
18087,4/26/25,5/9/26,12,13,McLean
18089,12/19/25,NA,9,9,Cook
18091,1/1/22,1/26/22,11,11,DuPage
18092,9/5/25,NA,3,3,DuPage
18093,1/1/22,NA,4,8,Lake
18096,8/28/23,NA,15,17,Lake
18098,4/14/25,10/1/25,3,3,Jasper
18099,1/1/22,5/5/25,13,16,McHenry
18100,1/1/22,9/7/25,2,5,DuPage
18102,1/1/22,NA,10,14,Ogle
18105,6/9/22,8/4/22,4,4,DuPage
18106,1/1/22,10/9/23,16,17,Madison
18108,1/1/22,10/28/23,9,10,Marion
18109,4/6/26,NA,17,17,Whiteside
18110,1/1/22,NA,1,5,Cook
18112,3/20/22,NA,2,6,DuPage
18113,9/3/24,12/18/24,9,9,Will
18116,1/1/22,2/11/23,6,7,Lake
18117,3/10/26,NA,4,4,Whiteside
18119,6/5/25,NA,15,16,Ogle
18120,5/12/24,NA,5,7,Madison
18121,6/19/24,NA,0,2,Will
18122,4/10/22,5/2/22,3,3,DeKalb
18125,1/20/26,NA,2,2,Cook
18126,4/1/25,NA,1,2,DuPage
18127,1/1/22,3/4/24,12,14,Cook
18133,1/1/22,8/12/23,3,4,Tazewell
18134,10/20/23,NA,6,8,Whiteside
18135,9/1/23,12/5/23,17,17,Adams
18136,1/1/22,NA,9,13,DuPage
18137,1/1/22,2/1/24,1,3,Cook
18141,1/1/22,NA,6,10,McHenry
18142,1/1/22,1/21/25,11,14,Sangamon
18143,11/1/25,11/16/25,12,12,Will
18144,1/1/22,6/12/22,14,14,Lake
18145,1/1/22,11/19/24,14,16,DuPage
18146,2/11/26,NA,0,0,Lake
18147,1/1/22,4/6/26,5,9,Lake
18151,4/18/25,NA,16,17,Kane
18154,1/1/22,4/13/23,11,12,Winnebago
18155,9/19/25,NA,10,10,Lake
18156,12/23/25,NA,0,0,Kane
18157,7/7/24,NA,5,6,St. Clair
18158,1/1/22,7/13/22,7,7,Woodford
18159,4/7/23,NA,14,17,Jersey
18161,1/1/22,10/28/24,0,2,Lake
18163,8/17/25,NA,0,0,McLean
18164,6/2/26,NA,4,4,Cook
18165,1/1/22,NA,1,5,Cook
18167,1/1/22,NA,3,7,Kane
18170,6/26/26,NA,17,17,Vermilion
18172,4/21/24,NA,0,2,Peoria
18174,1/1/22,NA,13,17,Kane
18175,1/1/22,NA,6,10,Greene
18176,1/1/22,NA,7,11,Brown
18179,1/1/22,6/2/24,10,12,DuPage
18181,6/5/23,2/22/24,12,12,Cook
18182,8/18/22,NA,11,14,Lake
18185,1/1/22,8/11/23,4,5,Kane
18186,1/1/22,1/25/24,2,4,Tazewell
18188,1/1/22,5/7/22,0,0,St. Clair
18189,1/1/22,4/3/23,14,15,Marion
18190,1/1/22,11/11/24,12,14,Champaign
18191,1/1/22,2/11/23,5,6,DuPage
18193,10/10/24,4/15/25,5,5,DuPage
18197,1/1/22,8/29/24,10,12,Sangamon
18198,1/1/22,1/19/26,9,13,Cook
18199,4/2/26,NA,6,6,DuPage
18200,1/1/22,8/24/24,14,16,Marion
18201,1/1/22,8/28/25,6,9,Cook
18202,1/1/22,6/10/22,0,0,Cook
18204,1/1/22,NA,9,13,Rock Island
18206,9/9/22,11/19/23,1,2,Kane
18207,7/10/24,NA,3,4,Kane
18210,6/18/25,3/5/26,16,16,Kendall
18212,1/26/22,NA,7,11,Winnebago
18215,2/16/22,12/19/25,6,9,Peoria
18217,1/1/22,10/21/23,0,1,DuPage
18224,7/8/25,NA,16,16,Clay
18229,1/1/22,12/19/23,2,3,Piatt
18231,6/7/25,NA,4,5,Cook
18232,5/7/24,NA,1,3,Sangamon
18234,2/10/25,NA,11,12,Lake
18235,5/13/26,NA,3,3,DuPage
18238,5/29/22,9/5/25,13,16,Cook
18240,1/1/22,7/14/22,3,3,Peoria
18246,1/1/22,12/14/25,13,16,Cook
18249,1/1/22,7/2/25,13,16,Cook
18250,1/31/23,7/15/23,15,15,Kendall
18251,4/12/23,NA,3,6,Lake
18252,1/1/22,NA,4,8,Cook
18253,1/1/22,8/29/22,7,7,Fulton
18254,5/27/26,NA,2,2,LaSalle
18255,10/18/24,1/30/25,14,14,Lake
18257,1/1/22,NA,3,7,Cook
18259,1/1/22,5/26/25,8,11,Vermilion
18261,4/23/25,NA,4,5,Kendall
18262,4/5/25,NA,11,12,Lake
18264,8/16/23,NA,3,5,Cook
18265,11/25/22,3/19/23,7,7,Cook
18266,6/4/26,NA,1,1,DuPage
18267,1/1/22,NA,4,8,Cook
18268,1/1/22,NA,8,12,Kane
18269,8/9/22,4/25/23,16,16,Kane
18270,6/6/25,NA,0,1,DuPage
18272,1/1/22,5/13/22,10,10,Randolph
18274,1/1/22,2/20/22,17,17,Kendall
18275,1/1/22,1/24/26,13,17,DuPage
18276,1/1/22,NA,4,8,Kendall
18277,1/31/22,7/29/22,9,9,McHenry
18278,1/1/22,9/17/23,14,15,Lake
18279,1/1/22,6/5/23,0,1,Cook
18280,1/1/22,4/20/26,12,16,Cook
18282,5/23/25,NA,9,10,Cook
18283,10/30/22,7/19/23,11,11,Kane
18284,1/29/26,NA,11,11,Cook
18286,1/1/22,11/18/25,4,7,Cook
18288,12/7/22,NA,9,12,Christian
18289,2/6/23,4/10/26,13,16,Henry
18293,1/1/22,7/24/22,14,14,Williamson
18294,1/1/22,NA,4,8,McHenry
18295,9/21/24,10/30/24,6,6,Champaign
18296,5/24/22,NA,11,15,Macon
18298,4/6/23,NA,13,16,Knox
18299,9/19/23,NA,8,10,St. Clair
18302,3/1/25,NA,4,5,DuPage
18303,8/19/23,NA,7,9,Will
18304,1/1/22,9/12/25,0,3,Kankakee
18309,12/6/23,NA,14,16,Lake
18312,10/27/25,NA,10,10,Kane
18313,1/1/22,3/6/26,3,7,DuPage
18314,1/1/22,2/10/22,0,0,Cook
18315,1/1/22,NA,4,8,DuPage
18316,2/2/23,NA,14,17,Cook
18317,1/1/22,9/3/24,2,4,Cook
18320,1/1/22,3/28/22,5,5,Will
18321,1/1/22,NA,9,13,Bureau
18322,2/24/24,NA,3,5,Kane
18323,4/30/26,NA,10,10,DuPage
18324,1/1/22,NA,1,5,Lake
18325,4/22/25,5/17/25,15,15,Kane
18327,2/13/23,10/30/23,17,17,Cook
18328,1/30/26,NA,5,5,Madison
18330,1/1/22,5/19/23,2,3,Cook
18331,2/22/26,NA,7,7,Cook
18337,10/9/22,NA,2,5,Winnebago
18339,1/1/22,8/15/24,14,16,Cook
18344,7/11/22,8/14/22,6,6,Lake
18348,3/28/25,NA,16,17,Cook
18349,1/1/22,9/12/24,15,17,Kendall
18350,1/1/22,4/3/24,8,10,McHenry
18351,1/1/22,12/27/22,10,10,Cook
18352,1/1/22,4/22/24,11,13,Lake
18353,1/1/22,NA,9,13,Cook
18356,1/1/22,12/25/23,16,17,Lake
18357,1/1/22,NA,7,11,Will
18361,10/28/25,NA,17,17,McHenry
18365,4/25/23,NA,11,14,Cook
18366,1/1/22,3/14/24,14,16,DuPage
18367,1/1/22,8/13/24,6,8,Cook
18368,5/16/24,2/8/26,6,7,DuPage
18369,1/1/22,4/7/22,6,6,LaSalle
18370,12/11/22,5/2/25,7,9,Rock Island
18372,1/1/22,5/17/26,10,14,Tazewell
18373,1/1/22,3/21/26,11,15,Cook
18378,4/8/22,NA,10,14,Cook
18379,1/1/22,9/27/25,2,5,Winnebago
18380,1/1/22,5/2/23,9,10,Lake
18381,9/14/23,NA,12,14,Cook
18382,3/11/23,5/21/23,7,7,Cook
18385,1/1/22,4/26/24,4,6,Cook
18386,1/6/23,2/12/23,5,5,McHenry
18387,1/1/22,4/16/23,10,11,Will
18388,1/1/22,NA,10,14,Will
18389,2/15/26,5/13/26,4,4,Henry
18390,1/1/22,12/29/24,11,13,Cook
18391,1/1/22,NA,12,16,Peoria
18392,1/1/22,NA,7,11,Cook
18393,1/1/22,3/19/22,13,13,Cook
18394,1/1/22,7/24/22,13,13,Cook
18395,1/20/23,2/21/23,15,15,Clinton
18396,10/8/23,NA,12,14,Winnebago
18397,6/1/26,NA,6,6,Will
18402,2/11/22,7/8/24,2,4,Kendall
18405,12/24/22,NA,12,15,Kendall
18406,1/1/22,3/16/22,4,4,McLean
18413,1/1/22,1/10/26,0,4,Christian
18414,12/18/24,NA,9,10,Cook
18415,7/31/22,NA,4,7,Lake
18416,1/1/22,12/15/24,0,2,Cook
18419,9/21/22,NA,0,3,Cook
18421,1/1/22,6/25/22,3,3,St. Clair
18423,6/3/22,NA,12,16,Rock Island
18427,7/21/24,NA,4,5,Lake
18428,1/1/22,3/14/24,2,4,DuPage
18429,1/1/22,NA,6,10,Will
18435,5/21/23,9/10/24,0,1,Cook
18436,1/1/22,11/30/22,7,7,Jackson
18437,1/16/22,12/19/23,5,6,Winnebago
18438,1/15/24,12/29/25,4,5,Cook
18439,1/1/22,4/26/25,12,15,Kane
18443,1/1/22,8/1/24,0,2,Henry
18444,1/1/22,NA,7,11,Cook
18445,1/1/22,4/1/22,12,12,DuPage
18446,1/15/22,NA,10,14,Kankakee
18449,11/8/22,NA,5,8,Cook
18450,1/1/22,1/19/23,15,16,Cook
18452,1/1/22,4/5/23,8,9,Lake
18454,4/25/24,NA,4,6,Cook
18455,1/1/22,NA,2,6,Winnebago
18456,1/1/25,NA,16,17,McHenry
18457,1/1/22,NA,4,8,Lake
18459,1/13/23,7/21/24,3,4,Cook
18460,1/1/22,8/9/22,7,7,Cook
18461,1/1/22,12/23/24,7,9,Lake
18462,1/1/22,NA,13,17,Lake
18463,3/10/23,NA,11,14,Cook
18465,1/1/22,NA,10,14,Cook
18468,11/22/22,12/15/22,17,17,Clinton
18469,1/1/22,NA,10,14,DuPage
18470,3/26/25,NA,16,17,Warren
18472,7/18/23,NA,13,15,Madison
18473,1/1/22,NA,6,10,Grundy
18474,1/1/22,3/27/25,2,5,Lake
18475,4/29/25,NA,9,10,Morgan
18479,10/19/24,10/31/24,13,13,Sangamon
18480,1/1/22,NA,10,14,DuPage
18482,1/1/22,11/28/22,9,9,Madison
18483,1/7/23,NA,4,7,Bureau
18484,8/8/25,NA,7,7,Rock Island
18486,5/28/24,NA,4,6,Madison
18487,1/1/22,10/9/23,12,13,Sangamon
18488,5/13/23,NA,14,17,Cook
18489,1/1/22,7/10/25,4,7,Cook
18491,1/1/22,6/16/26,5,9,Lake
18492,11/20/22,6/14/26,9,12,Will
18493,11/21/24,NA,0,1,Shelby
18494,12/7/24,NA,15,16,Jersey
18500,12/6/22,NA,1,4,McLean
18501,6/4/22,1/12/24,10,11,DuPage
18508,1/1/22,4/25/24,2,4,Will
18512,1/1/22,1/29/22,14,14,Madison
18513,8/25/25,11/5/25,3,3,Stephenson
18514,3/1/23,NA,14,17,Kane
18519,9/10/24,NA,14,15,Cook
18520,1/7/24,6/18/26,12,14,Kendall
18521,4/19/24,8/3/24,1,1,Adams
18523,1/1/22,NA,0,4,Lake
18524,2/20/23,NA,1,4,Cook
18525,1/1/22,9/29/23,5,6,DuPage
18528,5/17/25,NA,5,6,Cook
18529,4/23/26,NA,16,16,Will
18530,1/16/25,NA,7,8,Kane
18531,8/3/23,NA,1,3,Kane
18534,1/1/22,1/3/25,7,10,Franklin
18535,1/1/22,4/24/22,3,3,Lake
18536,2/25/26,NA,11,11,Cook
18537,2/2/25,NA,12,13,Will
18539,7/19/23,1/16/24,3,3,Cook
18544,1/1/22,NA,13,17,Winnebago
18548,7/29/23,9/19/23,4,4,Rock Island
18549,10/22/22,NA,5,8,Cook
18550,5/5/22,NA,9,13,Cook
18553,1/1/22,NA,9,13,Henry
18555,1/1/22,NA,6,10,DuPage
18556,1/1/22,5/21/22,15,15,Cass
18557,1/1/22,12/27/23,1,2,Champaign
18558,9/29/25,NA,6,6,Montgomery
18559,1/1/22,NA,7,11,Sangamon
18560,8/23/25,NA,13,13,DuPage
18561,8/1/25,NA,2,2,Lake
18566,1/1/22,5/15/23,1,2,Cook
18567,4/2/26,NA,8,8,Franklin
18570,3/7/23,10/24/23,11,11,Will
18571,8/7/25,NA,16,16,DuPage
18572,1/1/22,4/7/22,2,2,Tazewell
18575,7/14/25,NA,9,9,Macon
18576,1/1/22,10/2/23,1,2,LaSalle
18577,3/5/24,NA,12,14,Will
18579,2/28/22,NA,0,4,Cook
18581,1/1/22,9/21/23,4,5,Monroe
18583,1/1/22,NA,12,16,Cook
18584,1/1/22,NA,9,13,Adams
18587,5/24/24,10/10/24,5,5,Kane
18588,2/7/22,7/17/22,2,2,Kane
18589,1/1/22,12/13/23,15,16,Rock Island
18590,5/24/25,NA,4,5,Lake
18591,7/16/23,1/3/26,11,13,Tazewell
18593,9/1/22,1/30/25,8,10,Grundy
18597,10/11/24,9/30/25,0,0,Macon
18599,1/1/22,5/8/25,3,6,Lake
18600,1/22/24,7/29/24,9,9,Cook
18601,1/1/22,11/29/24,2,4,Champaign
18602,3/23/25,NA,6,7,Cook
18603,3/13/22,4/12/24,10,12,Cook
18604,6/10/23,7/21/23,10,10,Cook
18605,4/19/23,6/17/23,1,1,Winnebago
18607,9/27/24,NA,6,7,St. Clair
18608,9/14/23,NA,11,13,Cook
18609,12/1/24,NA,14,15,Macon
18610,6/29/24,NA,11,13,Macon
18611,6/17/22,NA,13,17,McHenry
18612,1/1/22,NA,13,17,Crawford
18613,1/1/22,4/28/24,7,9,Cook
18615,1/1/22,10/8/24,1,3,Cook
18616,10/7/23,4/14/24,14,14,Douglas
18618,6/11/26,NA,6,6,Jackson
18619,1/1/22,5/8/25,14,17,DuPage
18620,1/1/22,NA,6,10,Lake
18622,1/1/22,8/10/24,12,14,Warren
18623,12/17/22,NA,5,8,Cook
18626,1/6/26,NA,15,15,Kendall
18628,1/1/22,3/4/24,12,14,Kane
18633,11/23/22,NA,4,7,Clinton
18634,2/3/26,NA,5,5,Rock Island
18635,1/1/22,11/4/25,6,9,McHenry
18638,9/8/23,NA,9,11,Cook
18639,5/20/23,NA,13,16,Will
18640,10/28/22,1/27/23,8,8,Lake
18642,1/1/22,4/29/25,5,8,Cook
18645,1/1/22,NA,6,10,Adams
18646,1/1/22,2/15/25,2,5,DuPage
18648,6/7/26,NA,0,0,McLean
18649,1/1/22,6/12/23,8,9,Will
18650,1/1/22,NA,0,4,Kane
18651,1/1/22,2/6/22,2,2,McHenry
18653,2/2/25,NA,3,4,Cook
18654,8/14/22,5/31/24,5,6,Will
18655,2/16/25,NA,6,7,Cook
18658,1/19/24,10/30/24,13,13,Lake
18659,3/16/25,NA,8,9,Madison
18661,5/5/24,NA,13,15,Kane
18662,5/9/25,NA,13,14,DuPage
18664,8/7/25,NA,6,6,DuPage
18666,1/1/22,5/31/22,0,0,Cook
18668,1/1/22,8/5/22,0,0,DuPage
18669,1/1/22,5/28/22,6,6,Kendall
18670,11/3/24,NA,3,4,Cook
18672,1/1/22,NA,10,14,Lawrence
18673,11/26/25,NA,11,11,DeKalb
18675,12/14/22,2/3/26,11,14,Woodford
18679,1/1/22,NA,9,13,Will
18680,1/1/22,3/17/22,0,0,DuPage
18681,3/4/23,NA,14,17,Will
18683,4/1/24,NA,15,17,Cook
18685,9/26/23,10/31/23,9,9,Cook
18686,1/1/22,6/13/23,5,6,Lake
18688,1/1/22,6/22/25,11,14,Lake
18690,1/11/24,NA,8,10,Winnebago
18692,1/1/22,NA,7,11,Cook
18693,5/3/25,NA,11,12,Will
18697,1/1/22,NA,4,8,Cook
18698,1/1/22,NA,1,5,Kane
18701,1/1/22,9/21/25,10,13,Cook
18702,10/11/22,NA,9,12,DeKalb
18705,1/1/22,NA,10,14,Boone
18706,1/1/22,NA,0,4,Cook
18707,1/1/22,NA,13,17,Kane
18708,11/14/24,NA,6,7,McHenry
18710,1/1/22,12/23/23,14,15,Cook
18711,1/1/22,NA,11,15,St. Clair
18714,9/7/22,3/30/23,13,13,Coles
18715,1/2/23,5/14/24,10,11,Shelby
18718,1/1/22,NA,9,13,Rock Island
18719,5/4/22,12/5/22,14,14,Cook
18720,5/18/26,NA,16,16,Kankakee
18724,3/3/22,1/13/24,4,5,DuPage
18726,1/1/22,NA,10,14,Lake
18727,4/4/22,3/3/26,11,14,Cook
18728,1/1/22,NA,2,6,DuPage
18729,1/30/26,NA,11,11,DuPage
18731,7/19/23,NA,4,6,Will
18735,9/2/25,NA,9,9,Williamson
18736,3/12/24,NA,9,11,Winnebago
18737,1/24/23,NA,1,4,Lake
18739,4/22/22,6/6/22,10,10,LaSalle
18741,1/1/22,7/30/22,15,15,Lake
18742,1/1/22,11/11/25,9,12,Jo Daviess
18743,12/4/22,12/28/24,6,8,Kankakee
18744,1/1/22,4/21/23,13,14,DuPage
18746,5/23/22,6/23/22,16,16,DuPage
18749,4/10/22,10/15/22,16,16,Cook
18750,6/26/23,8/16/25,10,12,Monroe
18751,1/1/22,NA,1,5,Kane
18753,1/1/22,2/6/24,2,4,Livingston
18755,1/1/22,NA,0,4,Scott
18758,1/1/22,1/20/23,9,10,Kane
18760,3/27/26,NA,12,12,DuPage
18764,1/1/22,NA,11,15,Winnebago
18765,1/1/22,NA,13,17,Henry
18766,1/4/23,6/8/24,1,2,Moultrie
18767,1/1/22,NA,4,8,Lake
18768,6/7/23,1/27/25,0,1,Rock Island
18770,1/1/22,2/14/23,3,4,DuPage
18771,1/14/25,12/18/25,1,1,Will
18772,1/1/22,11/3/24,13,15,Cook
18774,1/1/22,4/26/23,11,12,St. Clair
18775,12/7/23,4/25/25,7,8,Lake
18780,1/1/22,5/30/22,12,12,St. Clair
18782,4/26/24,8/7/24,13,13,Shelby
18785,10/27/23,2/23/26,4,6,Cook
18787,1/1/22,NA,6,10,McHenry
18790,11/25/24,NA,11,12,Sangamon
18791,9/4/24,NA,3,4,St. Clair
18792,1/1/22,8/22/22,12,12,Coles
18793,1/1/22,10/21/23,2,3,DeKalb
18795,9/28/24,NA,0,1,Macoupin
18796,10/30/23,NA,8,10,Ford
18801,1/1/22,4/9/24,1,3,Kane
18802,7/23/22,4/22/23,6,6,LaSalle
18804,6/20/26,NA,14,14,Kane
18805,1/1/22,NA,11,15,Cook
18807,1/5/25,NA,5,6,Will
18808,7/17/23,NA,1,3,Cook
18809,1/1/22,NA,8,12,Kane
18810,1/1/22,6/29/23,11,12,Cook
18815,11/15/22,1/12/23,11,11,Rock Island
18816,6/1/26,NA,13,13,Cook
18818,1/1/22,12/7/22,3,3,Cook
18819,3/28/26,NA,0,0,Jefferson
18821,1/22/22,8/16/25,13,16,Lawrence
18822,10/11/25,NA,11,11,DuPage
18823,6/19/23,NA,11,14,McLean
18827,1/1/22,4/21/23,16,17,Winnebago
18828,1/1/22,9/5/24,3,5,McHenry
18829,10/4/22,NA,7,10,Macoupin
18830,1/15/26,NA,4,4,LaSalle
18832,1/1/22,7/6/25,3,6,DuPage
18835,11/13/24,NA,15,16,Cook
18837,6/28/22,11/13/24,0,2,Lake
18841,1/1/22,3/16/24,13,15,Lake
18843,4/28/26,NA,5,5,McLean
18845,1/16/26,NA,10,10,Sangamon
18849,11/30/22,NA,9,12,Kane
18850,9/3/25,NA,4,4,Will
18855,1/1/22,6/16/25,13,16,Cook
18857,4/6/22,NA,6,10,Will
18859,1/1/22,6/3/23,12,13,Peoria
18863,4/19/25,NA,11,12,DuPage
18864,1/1/22,NA,9,13,Kendall
18865,1/1/22,8/14/23,2,3,Kankakee
18866,1/1/22,3/25/22,0,0,Lake
18867,8/18/23,NA,15,17,DuPage
18868,11/5/23,NA,8,10,Cook
18869,1/1/22,8/13/23,14,15,Will
18870,6/28/22,3/18/23,3,3,Rock Island
18872,4/29/22,NA,1,5,Will
18875,10/9/25,NA,0,0,Morgan
18876,1/1/22,NA,12,16,Cook
18877,3/30/25,NA,4,5,Christian
18880,1/1/22,12/13/22,15,15,Kane
18881,1/1/22,NA,12,16,Tazewell
18883,10/14/23,2/2/25,6,7,Lake
18884,3/8/24,4/26/24,9,9,DuPage
18886,1/1/22,NA,9,13,Lake
18887,1/1/22,5/16/26,0,4,DuPage
18888,2/16/22,NA,9,13,Cook
18890,2/27/25,NA,15,16,DuPage
18894,9/5/22,12/25/22,3,3,DuPage
18895,12/19/24,NA,0,1,DuPage
18899,3/3/25,4/11/25,14,14,Cook
18902,1/5/24,3/20/24,16,16,Peoria
18904,1/1/22,6/14/22,3,3,Lake
18907,2/2/26,NA,9,9,Kane
18908,1/1/22,NA,13,17,Cook
18909,1/1/22,1/29/24,3,5,Cook
18911,7/25/25,10/9/25,9,9,Cook
18914,7/22/25,NA,10,10,Cook
18916,8/3/24,NA,3,4,Saline
18920,12/16/23,NA,5,7,Will
18921,1/16/25,NA,13,14,DeKalb
18923,1/13/26,NA,3,3,Kane
18924,1/1/22,6/28/26,1,5,Cook
18925,1/1/22,10/16/24,3,5,Cook
18926,11/15/22,NA,9,12,Lake
18930,9/22/22,NA,13,16,Cook
18932,9/25/24,NA,7,8,DeKalb
18935,1/1/22,7/16/24,10,12,Will
18937,1/1/22,8/31/22,8,8,Kane
18939,1/1/22,9/5/23,8,9,Randolph
18941,1/8/22,NA,2,6,Cook
18942,7/19/24,NA,9,10,Cook
18945,3/5/23,4/6/23,13,13,Kane
18947,1/1/22,5/10/22,5,5,Cook
18950,2/16/23,2/16/25,12,14,DuPage
18957,1/1/22,5/14/24,10,12,Cook
18958,10/16/22,NA,12,15,Cook
18959,1/1/22,7/12/23,9,10,Kane
18960,12/7/24,NA,10,11,Cook
18961,5/3/25,NA,13,14,McHenry
18962,6/19/24,NA,7,9,Rock Island
18964,9/8/23,10/12/23,1,1,Lake
18965,7/15/22,1/3/23,17,17,Kendall
18966,8/24/25,NA,9,9,Cook
18967,2/12/24,NA,2,4,Kane
18971,4/11/25,10/8/25,13,13,DuPage
18972,1/14/26,2/4/26,0,0,Cook
18974,1/1/22,NA,7,11,DuPage
18975,1/1/22,5/1/23,7,8,Kane
18976,1/1/22,5/12/24,15,17,Lake
18977,1/1/22,NA,2,6,McLean
18979,6/8/26,NA,4,4,Jersey
18983,1/1/22,6/4/24,11,13,Will
18984,1/1/22,1/17/25,1,4,DuPage
18987,1/1/22,7/28/22,9,9,Rock Island
18988,1/5/22,NA,12,16,Will
18989,12/1/23,3/7/24,13,13,Cook
18990,1/1/22,9/26/22,1,1,DuPage
18991,1/1/22,1/28/25,5,8,Cook
18992,1/1/22,NA,4,8,Cook
18993,1/18/23,NA,10,13,McLean
18994,1/1/22,9/20/25,9,12,Rock Island
18995,1/1/22,NA,1,5,Lake
18996,5/28/26,6/15/26,1,1,Cook
18997,11/28/24,NA,3,4,Boone
18998,1/1/22,NA,8,12,Stark
18999,1/1/22,11/13/22,4,4,Cook
19000,3/27/24,NA,12,14,Will
19001,1/1/22,9/2/23,13,14,Macon
19003,3/3/22,3/9/23,12,13,Will
19004,1/1/22,6/23/22,17,17,DuPage
19005,1/1/22,8/5/22,3,3,Will
19007,4/22/25,NA,12,13,DuPage
19009,1/1/22,NA,7,11,Richland
19010,1/1/22,5/25/26,0,4,St. Clair
19011,5/9/26,NA,2,2,Sangamon
19013,3/2/25,NA,10,11,Cook
19015,5/1/25,NA,0,1,Lake
19017,5/21/24,NA,7,9,Will
19020,6/29/23,6/30/23,2,2,Cook
19021,1/10/26,NA,10,10,DuPage
19022,1/1/22,4/29/26,13,17,Cook
19024,11/10/25,NA,9,9,Lake
19025,7/1/25,NA,4,5,Cook
19027,9/28/23,NA,10,12,Will
19029,2/28/25,NA,2,3,Monroe
19032,7/6/24,NA,16,17,Will
19033,12/22/22,6/15/25,4,6,Lake
19034,5/24/26,NA,15,15,DuPage
19037,1/1/22,6/1/22,16,16,Cook
19038,8/19/23,NA,3,5,Cook
19041,12/30/22,NA,5,8,LaSalle
19043,1/13/22,1/2/23,7,7,Union
19045,2/3/23,9/5/23,13,13,Lee
19046,1/1/22,8/17/24,14,16,DuPage
19048,1/1/22,11/5/22,2,2,DuPage
19049,11/28/22,NA,13,16,DuPage
19054,12/23/25,NA,15,15,DuPage
19055,4/24/23,NA,2,5,McHenry
19056,1/1/22,NA,8,12,McLean
19057,1/1/22,8/22/22,6,6,Cook
19059,1/1/22,9/11/24,13,15,Will
19060,1/1/22,NA,10,14,Cook
19061,1/12/25,NA,14,15,Winnebago
19063,3/20/26,NA,5,5,Crawford
19064,3/21/25,NA,5,6,Hancock
19066,1/1/22,8/8/22,7,7,Effingham
19067,1/1/22,NA,12,16,Will
19068,1/1/22,NA,4,8,Lake
19072,1/1/22,NA,8,12,Lake
19073,5/30/22,NA,7,11,Saline
19074,1/27/22,NA,9,13,Madison
19075,1/1/22,NA,9,13,Lake
19077,1/1/22,5/30/23,10,11,Will
19079,1/1/22,7/25/24,3,5,Sangamon
19081,1/25/26,2/4/26,4,4,Rock Island
19083,1/1/22,NA,10,14,Will
19084,1/1/22,6/24/22,14,14,Lake
19085,1/23/22,NA,5,9,Lake
19086,4/20/22,4/18/24,8,9,Madison
19087,1/1/22,NA,5,9,St. Clair
19089,2/21/23,6/6/26,7,10,Cook
19090,1/1/22,8/27/23,14,15,Will
19096,1/1/22,3/5/23,4,5,Will
19097,1/1/22,NA,13,17,Cook
19101,1/1/22,8/9/24,13,15,DuPage
19102,1/1/22,NA,10,14,Cook
19103,1/1/22,NA,12,16,Cook
19104,1/1/22,NA,12,16,Grundy
19106,1/1/22,3/30/22,11,11,DuPage
19113,1/6/24,3/10/24,3,3,Cook
19114,1/1/22,NA,9,13,McLean
19115,1/1/22,11/4/22,2,2,Peoria
19117,2/10/24,9/1/25,12,13,Will
19119,1/1/22,1/20/23,6,7,Will
19120,1/1/22,4/22/23,9,10,Sangamon
19122,12/19/24,NA,9,10,Clinton
19123,1/1/22,NA,3,7,Williamson
19126,1/1/22,NA,13,17,Will
19130,8/25/25,8/26/25,11,11,Macon
19132,1/1/22,NA,6,10,Cook
19134,1/1/22,3/22/22,13,13,Lake
19136,4/19/26,NA,5,5,Lake
19137,10/18/25,NA,15,15,Cook
19139,6/1/22,10/30/24,13,15,Cook
19140,1/1/22,3/10/22,3,3,Lake
19141,1/1/22,12/24/22,12,12,Cook
19142,7/25/25,1/15/26,16,16,Macoupin
19143,1/1/22,NA,9,13,Kane
19146,5/4/24,NA,8,10,Will
19147,1/1/22,8/7/24,6,8,Will
19148,8/31/24,NA,15,16,Cook
19149,4/1/24,3/11/25,5,5,Sangamon
19150,5/6/22,NA,11,15,St. Clair
19152,6/3/23,8/4/23,9,9,Cook
19153,12/1/22,NA,13,16,McHenry
19155,3/21/24,NA,3,5,McLean
19157,1/1/22,3/13/22,12,12,DuPage
19158,12/1/23,NA,8,10,St. Clair
19159,11/9/25,NA,4,4,Kane
19161,1/1/22,1/21/22,7,7,DuPage
19162,1/1/22,NA,5,9,Christian
19163,1/1/22,NA,8,12,Cook
19164,4/8/22,NA,8,12,Jefferson
19167,1/1/22,4/9/22,8,8,Vermilion
19168,4/6/24,4/7/24,6,6,DuPage
19172,7/13/24,NA,9,10,Lake
19173,10/13/23,NA,9,11,Will
19174,1/1/22,NA,13,17,Kane
19175,2/21/22,NA,9,13,Cook
19177,1/1/22,NA,7,11,DuPage
19179,6/8/22,9/23/25,2,5,Cook
19181,9/24/25,NA,1,1,Cook
19183,5/6/24,7/25/24,6,6,Moultrie
19185,7/2/24,9/18/24,8,8,DuPage
19186,6/21/23,6/28/23,6,6,Logan
19188,1/1/22,1/5/25,5,8,Tazewell
19189,1/1/22,NA,10,14,Lake
19192,3/20/22,NA,2,6,Macon
19196,7/23/25,10/29/25,3,3,DuPage
19198,1/1/22,11/30/22,14,14,Kankakee
19199,10/14/25,NA,14,14,Cook
19202,1/2/22,1/31/26,1,5,Cook
19204,11/25/23,NA,6,8,Clay
19205,7/29/25,8/1/25,3,3,Cook
19206,12/11/23,NA,11,13,Kane
19207,4/14/24,NA,5,7,Madison
19210,3/7/26,3/19/26,16,16,DuPage
19211,11/7/23,NA,0,2,Will
19212,9/16/22,NA,4,7,Stephenson
19213,1/1/22,8/12/24,4,6,Will
19214,7/4/25,NA,1,1,Cook
19215,1/1/22,2/5/24,10,12,DuPage
19218,1/1/22,6/17/22,6,6,Peoria
19220,12/24/22,NA,0,3,Cook
19222,2/24/26,NA,16,16,Morgan
19225,9/29/25,10/15/25,0,0,Madison
19227,8/16/25,NA,17,17,Lake
19228,1/1/22,1/20/22,2,2,Cook
19232,6/7/25,NA,6,7,Randolph
19235,2/26/26,NA,1,1,Cook
19236,11/11/22,NA,9,12,Rock Island
19237,11/3/24,NA,12,13,Cook
19238,1/1/22,6/18/22,11,11,DuPage
19240,1/1/22,NA,13,17,Marshall
19243,7/28/24,NA,13,14,Kendall
19245,3/11/26,5/9/26,6,6,Winnebago
19247,4/12/24,NA,0,2,DuPage
19252,1/1/22,3/12/22,0,0,Cook
19254,1/1/22,NA,12,16,DuPage
19257,8/19/25,12/31/25,0,0,Kane
19261,12/31/23,NA,12,14,LaSalle
19264,2/19/22,NA,7,11,DuPage
19265,1/1/22,NA,10,14,DuPage
19266,3/17/24,4/21/24,14,14,Jersey
19267,3/29/24,NA,3,5,Will
19269,1/1/22,3/19/22,5,5,Clark
19272,1/1/22,12/11/25,10,13,Whiteside
19273,1/1/22,NA,4,8,White
19275,1/1/22,NA,5,9,Cook
19277,1/1/22,4/6/22,13,13,DuPage
19279,6/26/26,NA,13,13,Jo Daviess
19280,1/1/22,12/31/22,0,0,McLean
19283,10/21/23,2/25/26,11,13,Massac
19284,9/28/23,NA,13,15,De Witt
19285,1/1/22,7/13/22,7,7,Rock Island
19286,1/1/22,NA,9,13,Lake
19289,1/1/22,3/21/24,12,14,Winnebago
19291,1/1/22,1/4/22,8,8,DuPage
19292,1/25/24,NA,2,4,DuPage
19296,9/16/25,12/31/25,8,8,Boone
19305,6/3/23,5/19/24,6,6,St. Clair
19307,1/1/22,12/18/25,14,17,Kankakee
19312,1/1/22,12/9/22,7,7,DuPage
19313,2/14/23,NA,11,14,McLean
19315,1/1/22,1/18/25,5,8,McHenry
19318,7/8/24,NA,15,16,Cook
19319,11/29/25,NA,8,8,DuPage
19321,1/17/23,3/6/25,15,17,Coles
19324,1/1/22,10/6/23,10,11,LaSalle
19327,1/26/22,NA,5,9,Cook
19328,1/1/22,10/2/24,13,15,Sangamon
19329,1/1/22,NA,4,8,Marion
19330,1/1/22,12/5/23,11,12,Woodford
19331,1/1/22,2/7/22,7,7,Cook
19332,1/1/22,12/26/24,15,17,Pike
19333,5/28/22,NA,4,8,Effingham
19334,11/13/24,3/2/25,0,0,DuPage
19335,1/1/22,NA,9,13,Monroe
19337,5/23/25,NA,3,4,Adams
19339,1/1/22,8/14/25,4,7,Lake
19343,1/1/22,NA,2,6,Cook
19344,3/29/26,NA,17,17,Knox
19345,11/27/23,2/27/24,16,16,DuPage
19346,10/22/25,5/9/26,11,11,Cook
19347,1/1/22,NA,10,14,Williamson
19348,1/1/22,1/7/22,2,2,Cumberland
19349,10/7/22,4/5/26,8,11,Cook
19351,1/1/22,9/29/24,11,13,Cook
19352,8/28/22,10/25/22,11,11,McLean
19354,6/29/25,NA,10,11,Stephenson
19355,1/1/22,7/30/23,16,17,Cook
19356,1/1/22,12/5/22,9,9,Will
19358,10/2/24,NA,15,16,DuPage
19360,6/8/26,NA,4,4,Williamson
19361,1/1/22,5/3/23,6,7,Will
19362,1/1/22,10/9/23,7,8,Cook
19363,12/22/25,NA,4,4,DuPage
19364,5/22/24,NA,11,13,Vermilion
19366,1/1/22,11/23/24,14,16,Cook
19368,9/5/24,NA,0,1,Lake
19371,1/1/22,NA,3,7,Kane
19376,1/1/22,NA,7,11,Will
19380,1/1/22,NA,7,11,Madison
19384,1/3/25,NA,5,6,Will
19385,1/1/22,7/8/24,6,8,Kane
19386,4/28/23,NA,4,7,Whiteside
19387,7/20/24,NA,0,1,DuPage
19388,10/11/22,NA,12,15,Cook
19393,10/15/22,11/24/22,14,14,Tazewell
19395,1/1/22,6/16/23,2,3,Kankakee
19396,11/11/23,NA,8,10,Stephenson
19397,1/1/22,2/18/25,13,16,Cook
19403,2/26/26,NA,3,3,Cook
19406,1/1/22,6/14/24,14,16,Kane
19410,11/19/22,11/16/23,4,4,Knox
19414,5/6/23,NA,1,4,Lake
19417,2/11/22,4/25/22,17,17,Cook
19418,1/1/22,1/20/23,0,1,Lake
19419,1/1/22,1/27/24,9,11,Lake
19420,1/1/22,9/19/23,15,16,Will
19422,1/1/22,5/5/22,0,0,Cook
19424,1/1/22,3/30/22,13,13,Will
19425,6/22/26,NA,15,15,DuPage
19427,1/1/22,12/15/22,17,17,Will
19428,1/1/22,NA,13,17,Livingston
19429,1/1/22,11/8/22,10,10,Will
19430,3/16/24,NA,11,13,Kendall
19433,2/20/23,4/4/25,5,7,Cook
19435,1/1/22,4/18/24,7,9,St. Clair
19436,2/16/23,NA,1,4,DeKalb
19438,1/1/22,5/4/22,3,3,Cook
19443,1/1/22,5/21/22,10,10,Cook
19445,10/4/24,NA,4,5,Kane
19446,6/15/25,12/17/25,0,0,Macon
19448,1/1/22,NA,13,17,Rock Island
19449,6/12/25,8/8/25,0,0,DuPage
19451,1/1/22,2/22/22,14,14,DeKalb
19452,1/1/22,5/20/23,15,16,Lake
19453,1/1/22,NA,0,4,Cook
19454,12/20/24,NA,15,16,Kane
19456,1/1/22,NA,12,16,Williamson
19457,4/5/24,NA,15,17,LaSalle
19458,1/1/22,4/7/26,11,15,Cook
19459,1/1/22,NA,4,8,Cook
19460,1/1/22,8/9/23,16,17,Union
19462,3/25/26,NA,9,9,Cook
19464,2/22/24,NA,0,2,Cook
19466,9/2/25,NA,10,10,Lake
19467,8/6/25,NA,12,12,Kankakee
19469,8/16/23,12/23/23,10,10,Grundy
19470,2/21/24,3/12/26,6,8,McHenry
19472,1/1/22,NA,12,16,Lake
19473,11/5/25,NA,8,8,Cook
19474,1/1/22,NA,0,4,Macoupin
19475,1/1/22,9/12/23,14,15,Henry
19478,5/18/22,6/22/22,5,5,DuPage
19480,10/17/23,NA,5,7,Will
19482,6/3/22,NA,7,11,Will
19483,1/1/22,4/25/24,8,10,Macon
19484,1/1/22,NA,12,16,Fulton
19485,9/1/22,4/22/24,15,16,Kane
19486,1/1/22,NA,6,10,Williamson
19490,1/1/22,NA,10,14,DeKalb
19493,1/1/22,NA,6,10,DuPage
19500,1/1/22,NA,8,12,Will
19501,1/1/22,NA,13,17,DuPage
19503,1/1/22,3/7/23,15,16,Knox
19504,8/5/22,NA,9,12,Kendall
19505,2/21/23,5/3/23,1,1,Lake
19512,8/5/23,NA,7,9,Stark
19513,1/1/22,NA,12,16,St. Clair
19514,3/17/24,NA,15,17,Cook
19515,1/1/22,3/25/22,3,3,McLean
19518,2/5/23,NA,7,10,DuPage
19519,11/21/23,4/11/24,14,14,DeKalb
19520,1/1/22,2/27/22,12,12,DuPage
19523,1/1/22,5/26/26,13,17,DuPage
19527,1/1/22,8/18/22,8,8,Cook
19529,1/1/22,2/20/23,5,6,Kane
19530,3/30/26,4/19/26,17,17,Cook
19531,1/1/22,1/16/22,8,8,DuPage
19533,5/3/26,NA,8,8,DuPage
19535,1/1/22,NA,11,15,Vermilion
19537,8/25/25,NA,3,3,Cook
19538,1/31/22,2/3/22,10,10,DuPage
19539,1/1/22,9/15/23,12,13,Lake
19543,9/8/24,10/5/24,16,16,Union
19544,3/29/23,NA,10,13,DuPage
19545,1/1/22,11/26/22,16,16,LaSalle
19546,1/1/22,2/20/25,12,15,Cook
19551,4/25/22,11/15/23,5,6,Will
19556,3/18/26,NA,17,17,Will
19557,4/30/25,NA,11,12,Clinton
19558,1/1/22,11/23/22,14,14,Lake
19559,6/14/23,NA,6,9,Will
19560,8/21/22,NA,9,12,Lake
19561,12/18/23,NA,10,12,Kendall
19562,1/1/22,7/7/25,14,17,Cook
19566,1/1/22,4/17/22,14,14,St. Clair
19567,1/1/22,7/18/24,13,15,Winnebago
19568,11/30/23,12/25/23,15,15,Winnebago
19569,4/7/26,NA,1,1,Will
19570,1/1/22,6/22/23,5,6,DuPage
19572,1/1/22,NA,9,13,Lake
19574,1/1/22,NA,1,5,Cook
19576,1/1/22,10/25/25,14,17,DuPage
19577,2/8/26,NA,0,0,Cook
19579,2/8/25,NA,10,11,Will
19581,1/1/22,9/10/25,12,15,DuPage
19583,1/1/22,9/12/24,11,13,Cook
19584,8/7/22,9/9/25,5,8,Sangamon
19586,4/19/22,7/26/24,10,12,DuPage
19587,1/1/22,NA,13,17,Lake
19588,8/30/24,NA,2,3,Kendall
19591,8/15/24,NA,14,15,Cook
19592,6/13/23,9/11/24,3,4,Cook
19594,1/28/23,NA,6,9,Mason
19595,4/6/22,NA,4,8,Pike
19596,8/19/24,2/14/25,0,0,Peoria
19604,8/17/24,NA,3,4,Cook
19607,1/1/22,6/30/25,8,11,Lawrence
19608,1/1/22,2/16/24,0,2,Peoria
19610,4/15/26,NA,13,13,Monroe
19615,3/25/23,NA,14,17,Cook
19617,1/8/22,1/16/22,0,0,DuPage
19625,1/1/22,NA,11,15,McHenry
19626,1/1/22,5/16/22,3,3,DuPage
19627,2/18/26,NA,8,8,Peoria
19629,1/1/22,2/23/23,13,14,Cook
19630,10/21/23,12/12/23,13,13,Woodford
19631,1/4/22,NA,0,4,Kankakee
19633,1/1/22,4/12/22,15,15,Clinton
19635,12/11/23,NA,13,15,Jersey
19636,10/24/25,NA,4,4,DuPage
19637,1/1/22,10/27/25,8,11,Cook
19640,10/4/25,NA,6,6,Cook
19641,4/29/23,5/18/26,10,13,Cook
19645,3/31/23,NA,1,4,Will
19647,1/1/22,3/6/23,7,8,Tazewell
19651,2/18/26,NA,13,13,Knox
19652,1/1/22,11/22/23,13,14,Cook
19654,1/1/22,5/26/24,15,17,Rock Island
19655,1/1/22,5/19/24,2,4,De Witt
19656,1/1/22,11/29/23,4,5,DuPage
19659,10/18/23,NA,8,10,Kendall
19660,5/14/25,NA,9,10,Kane
19661,1/1/22,2/4/24,6,8,Cook
19664,1/1/22,11/22/25,12,15,Lake
19665,1/1/22,NA,10,14,McLean
19666,5/6/23,NA,7,10,DeKalb
19667,1/1/22,1/28/22,6,6,Kane
19668,1/1/22,NA,13,17,Macoupin
19669,1/1/22,NA,9,13,Cook
19670,1/1/22,3/23/25,13,16,Lake
19671,1/12/22,4/22/22,1,1,Will
19673,1/25/26,NA,8,8,Macon
19676,1/1/22,8/16/22,13,13,DuPage
19677,6/14/24,5/21/25,9,9,Kane
19678,10/25/25,NA,5,5,Cook
19679,2/3/23,4/17/26,2,5,DeKalb
19681,9/15/25,NA,1,1,Kane
19682,3/24/25,NA,2,3,DuPage
19683,5/22/22,NA,7,11,DeKalb
19685,5/1/25,NA,3,4,McHenry
19686,1/1/22,5/26/23,5,6,Union
19690,1/1/22,NA,9,13,Cook
19694,7/12/24,NA,15,16,Cook
19695,6/2/26,NA,10,10,Lake
19696,1/1/22,2/18/23,3,4,Kankakee
19697,10/6/24,NA,6,7,Kane
19700,4/8/25,NA,5,6,Cook
19702,2/15/23,NA,11,14,Cook
19705,12/4/24,11/10/25,16,16,Coles
19707,1/1/22,NA,9,13,Cook
19710,1/1/22,NA,0,4,McLean
19711,2/7/26,NA,1,1,Lake
19713,11/8/24,3/30/25,15,15,Morgan
19714,1/1/22,4/4/22,15,15,McHenry
19716,1/1/22,2/11/23,10,11,Cook
19717,1/1/22,9/16/24,10,12,Will
19718,1/1/22,NA,0,4,St. Clair
19719,1/1/22,1/19/26,10,14,Will
19721,3/13/26,NA,9,9,McHenry
19722,1/1/22,4/28/26,11,15,Will
19726,1/16/24,NA,10,12,Grundy
19728,6/4/24,NA,13,15,DuPage
19731,6/16/24,12/7/24,11,11,Lake
19732,1/1/22,6/26/26,13,17,DeKalb
19733,1/1/22,6/5/22,13,13,Henry
19735,8/24/22,12/13/25,0,3,Kane
19736,8/6/22,2/1/25,7,9,DuPage
19741,1/1/22,NA,2,6,Kane
19742,1/1/22,NA,2,6,DuPage
19743,11/6/23,12/13/23,3,3,Cook
19744,6/3/23,NA,10,13,Will
19745,11/22/24,NA,5,6,Cook
19747,11/15/22,NA,13,16,Cook
19748,11/25/25,NA,7,7,Cook
19749,1/1/22,3/28/24,8,10,DuPage
19750,1/1/22,10/8/23,15,16,DuPage
19756,1/1/22,4/15/24,13,15,Knox
19757,7/20/22,8/4/25,12,15,DuPage
19758,7/10/22,1/14/25,8,10,Shelby
19759,9/14/22,NA,12,15,Will
19760,12/16/24,NA,8,9,Knox
19765,6/23/26,NA,3,3,DuPage
19766,9/24/23,NA,13,15,DuPage
19768,1/1/22,11/7/23,12,13,Cook
19769,1/1/22,2/7/24,1,3,McHenry
19773,1/1/22,10/9/24,7,9,Cook
19778,9/28/24,NA,16,17,Kane
19781,1/1/22,6/21/24,14,16,Cook
19783,5/9/23,NA,1,4,Cook
19785,1/1/22,9/13/24,3,5,DuPage
19788,5/11/22,NA,8,12,Kane
19789,1/1/22,8/11/23,13,14,St. Clair
19790,1/1/22,2/2/23,14,15,Cook
19791,12/19/24,NA,8,9,Lake
19792,1/1/22,9/27/23,4,5,Cook
19794,3/15/22,3/25/25,3,6,Cook
19796,3/13/22,3/16/22,14,14,Peoria
19797,1/1/22,9/24/24,4,6,Will
19798,1/1/22,6/2/24,14,16,DuPage
19801,7/21/22,NA,1,4,Macon
19802,1/1/22,5/8/24,4,6,Lake
19804,1/1/22,1/5/23,6,7,Cook
19805,1/1/22,10/19/23,7,8,Cook
19807,7/1/24,NA,4,6,Mercer
19813,1/1/22,12/30/22,13,13,Will
19814,1/1/22,NA,11,15,Will
19817,1/1/22,8/6/25,2,5,St. Clair
19818,5/17/25,NA,3,4,LaSalle
19820,1/1/22,12/15/23,0,1,St. Clair
19821,9/3/23,11/28/23,3,3,Macoupin
19822,4/23/23,NA,11,14,Cook
19827,10/23/22,NA,14,17,DuPage
19829,5/23/22,NA,9,13,Franklin
19830,1/1/22,2/23/23,7,8,DuPage
19831,1/1/22,2/19/24,11,13,Logan
19833,1/1/22,NA,0,4,DuPage
19835,9/10/24,12/20/24,8,8,McLean
19838,1/1/22,1/7/24,6,8,Will
19839,7/7/22,NA,12,15,Kane
19840,1/1/22,3/10/24,5,7,Will
19843,1/29/24,6/2/25,13,14,Will
19844,5/2/23,9/9/23,7,7,Lake
19847,5/23/24,NA,6,8,Kane
19848,9/19/23,NA,12,14,DuPage
19851,1/19/23,1/6/26,15,17,McLean
19852,7/3/24,1/31/25,11,11,Winnebago
19854,1/1/22,11/9/23,4,5,Kane
19855,2/9/22,3/31/22,6,6,DuPage
19856,1/1/22,NA,2,6,Rock Island
19858,3/13/22,4/20/22,4,4,Jackson
19859,3/4/24,NA,8,10,Lake
19860,1/1/22,3/5/25,13,16,Lake
19862,1/1/22,NA,11,15,Henry
19865,1/1/22,10/20/23,6,7,Lake
19866,1/1/22,6/26/22,6,6,Will
19869,7/13/23,2/22/26,5,7,Will
19872,1/5/26,NA,5,5,Cook
19873,9/2/25,NA,11,11,Lake
19875,1/1/22,7/23/23,11,12,Will
19876,6/21/26,NA,11,11,Kane
19877,1/1/22,8/1/22,2,2,Madison
19878,1/1/22,NA,10,14,Madison
19879,8/14/22,NA,10,13,Woodford
19882,1/12/24,7/15/24,7,7,Winnebago
19884,7/30/23,NA,7,9,Will
19887,1/1/22,12/20/23,15,16,DuPage
19890,1/14/23,NA,4,7,Cook
19891,10/18/23,NA,6,8,Cook
19893,7/10/23,NA,5,7,Will
19896,5/9/26,NA,5,5,Will
19897,3/23/23,NA,13,16,Cook
19900,1/8/24,NA,4,6,DuPage
19902,9/28/22,3/25/26,7,10,Cook
19906,5/6/25,NA,7,8,DuPage
19909,1/1/22,8/29/25,0,3,Cook
19910,1/1/22,3/20/22,0,0,Lake
19913,1/1/22,9/18/23,3,4,Cook
19914,1/1/22,10/10/23,5,6,Cook
19915,1/1/22,2/18/23,16,17,Henry
19916,11/18/23,NA,9,11,Cook
19917,6/20/24,NA,5,7,Cook
19918,7/31/22,9/13/22,0,0,DuPage
19919,1/1/22,NA,12,16,DuPage
19921,2/6/24,4/4/24,12,12,Kankakee
19922,1/1/22,3/18/22,2,2,Kane
19923,1/1/22,9/6/22,16,16,Cook
19926,1/1/22,NA,12,16,Tazewell
19927,5/16/23,NA,3,6,Bureau
19928,1/1/22,NA,0,4,DuPage
19929,1/6/24,NA,0,2,Sangamon
19930,1/1/22,NA,12,16,Cook
19931,1/21/24,NA,5,7,Adams
19932,1/19/24,3/4/24,13,13,DuPage
19934,3/22/25,7/13/25,0,0,Peoria
19942,4/22/26,NA,6,6,Cook
19951,1/1/22,12/22/25,12,15,Whiteside
19952,1/1/22,3/15/22,6,6,Vermilion
19953,1/1/22,NA,5,9,Grundy
19955,1/1/22,9/22/25,7,10,Cook
19959,3/21/23,NA,2,5,Cook
19960,1/1/22,4/17/23,9,10,DuPage
19961,4/6/24,NA,11,13,DuPage
19963,1/27/25,NA,0,1,Cook
19967,1/1/22,NA,0,4,Kendall
19968,1/1/22,6/21/22,15,15,Cook
19973,1/1/22,11/24/24,2,4,Williamson
19974,4/26/23,NA,13,16,Will
19976,7/4/22,NA,2,5,Peoria
19980,1/1/22,NA,3,7,Iroquois
19983,1/1/22,5/1/24,14,16,Kane
19984,12/20/23,NA,2,4,Jersey
19985,1/1/22,5/10/23,5,6,DuPage
19986,1/1/22,NA,8,12,DuPage
19987,1/1/22,3/7/23,15,16,Richland
19988,1/1/22,NA,6,10,DuPage
19994,1/1/22,NA,7,11,DeKalb
19995,1/1/22,8/3/22,13,13,DuPage
19996,1/1/22,7/11/23,8,9,St. Clair
20001,3/8/22,7/30/22,9,9,Peoria
20002,1/1/22,10/4/23,16,17,DuPage
20003,1/1/22,NA,0,4,Cook
20006,1/1/22,6/6/25,14,17,Lake
20007,5/27/25,NA,2,3,Kane
20008,1/1/22,7/12/22,16,16,Lake
20009,8/10/24,NA,0,1,DuPage
20010,2/9/24,NA,14,16,Will
20012,1/1/22,12/15/25,12,15,Cook
20013,4/16/24,NA,8,10,DuPage
20014,1/1/22,2/23/23,6,7,Cook
20015,1/18/26,NA,9,9,Will
20018,1/1/22,10/3/25,11,14,Lake
20020,9/8/25,NA,2,2,Lawrence
20021,8/1/24,NA,11,12,Cook
20023,8/6/25,NA,13,13,McLean
20025,1/19/26,NA,15,15,Will
20026,1/1/22,10/16/22,10,10,Cook
20027,9/21/25,NA,9,9,Cook
20029,1/1/22,6/7/22,1,1,McLean
20033,8/2/25,11/26/25,4,4,Will
20034,1/1/22,10/13/22,8,8,Woodford
20036,1/1/22,2/16/24,12,14,Madison
20037,1/1/22,3/2/22,0,0,Will
20042,10/29/24,NA,9,10,DuPage
20046,4/1/23,10/29/24,12,13,Lake
20047,11/24/24,NA,7,8,Cook
20048,4/12/24,NA,11,13,Lake
20049,12/20/25,NA,15,15,DuPage
20050,1/1/22,2/22/25,14,17,Fayette
20051,4/11/23,5/19/23,17,17,DuPage
20054,1/1/22,5/10/25,5,8,Rock Island
20055,10/7/24,NA,0,1,Cook
20056,1/1/22,8/16/22,6,6,Lake
20057,7/5/22,6/4/26,3,6,Cook
20060,10/20/23,5/16/26,11,13,Macoupin
20061,1/1/22,NA,0,4,Lake
20062,1/1/22,9/21/24,4,6,DuPage
20063,1/1/22,2/21/23,5,6,Lake
20065,1/1/22,11/13/24,0,2,Cook
20067,11/17/23,12/20/23,8,8,McHenry
20068,8/3/22,10/3/22,12,12,Kankakee
20070,9/29/25,NA,8,8,Jefferson
20071,9/9/24,11/23/24,11,11,McHenry
20072,1/1/22,1/15/25,2,5,McHenry
20074,1/1/22,3/4/25,0,3,Winnebago
20076,1/1/22,4/25/26,5,9,Montgomery
20078,1/1/22,8/9/25,2,5,Jasper
20079,1/31/24,NA,0,2,DuPage
20080,5/23/23,2/17/24,11,11,DuPage
20082,12/8/24,NA,16,17,Lee
20083,5/17/22,NA,8,12,Lake
20085,9/29/24,5/14/26,14,15,Champaign
20087,1/1/22,10/22/24,12,14,Boone
20088,2/15/23,NA,1,4,Cook
20097,1/1/22,9/13/23,7,8,Whiteside
20103,1/1/22,NA,10,14,Winnebago
20105,11/23/23,NA,7,9,Cook
20106,9/26/22,NA,11,14,Cook
20108,7/11/25,NA,10,10,Lake
20109,1/1/22,6/20/24,6,8,Williamson
20110,1/1/22,3/11/24,12,14,DuPage
20113,1/1/22,3/31/23,12,13,DuPage
20114,1/1/22,NA,4,8,Livingston
20116,11/1/22,5/16/23,17,17,Lake
20118,1/28/25,NA,14,15,Kane
20119,1/1/22,1/8/25,0,3,DuPage
20122,1/18/22,NA,8,12,Cook
20123,1/1/22,10/2/23,2,3,Cook
20124,1/3/26,NA,14,14,Will
20125,4/25/23,NA,8,11,Crawford
20126,1/1/22,NA,12,16,Lake
20127,1/1/22,3/7/25,11,14,Boone
20128,1/1/22,NA,13,17,Cook
20129,1/1/22,NA,2,6,Sangamon
20130,6/18/22,1/18/25,14,16,DuPage
20133,1/1/22,2/23/23,0,1,Will
20134,12/22/24,3/18/25,0,0,Cook
20136,6/12/24,NA,4,6,Kankakee
20137,1/1/22,3/12/26,11,15,Lee
20138,12/5/25,NA,9,9,Sangamon
20139,3/1/23,7/30/24,0,1,Cook
20140,2/14/22,3/7/23,16,17,Fayette
20141,9/25/24,NA,16,17,Cook
20146,1/1/22,NA,10,14,DeKalb
20147,12/17/22,10/5/24,9,10,Madison
20150,4/7/26,NA,7,7,Lake
20151,1/1/22,5/29/22,14,14,Sangamon
20152,7/2/23,10/3/23,17,17,Lake
20153,1/1/22,8/13/23,4,5,Kane
20156,5/18/24,NA,9,11,DuPage
20157,8/13/24,NA,10,11,McLean
20158,1/1/22,4/7/22,10,10,DuPage
20161,11/26/24,NA,6,7,Henry
20162,9/6/24,NA,4,5,Lake
20163,1/1/22,1/22/23,3,4,Will
20164,11/5/23,NA,5,7,Monroe
20167,7/15/24,5/28/25,7,7,Winnebago
20173,10/29/22,NA,9,12,Cook
20174,8/30/22,11/26/22,13,13,Winnebago
20175,1/1/22,NA,11,15,DuPage
20176,1/1/22,NA,7,11,Washington
20177,1/14/22,3/5/22,4,4,Lake
20179,1/1/22,6/4/24,14,16,Winnebago
20181,7/19/22,NA,10,13,Cook
20186,1/1/22,10/26/24,8,10,Cook
20189,11/21/23,NA,13,15,Jersey
20191,5/20/24,NA,5,7,Kane
20192,1/1/22,10/5/23,16,17,Lake
20193,1/1/22,3/31/23,2,3,Kane
20195,1/1/22,NA,11,15,Cook
20196,12/14/23,NA,14,16,Will
20197,1/1/22,3/17/22,8,8,Cook
20198,1/1/22,NA,13,17,DuPage
20199,11/17/22,NA,10,13,Tazewell
20201,11/18/23,NA,4,6,Madison
20202,1/1/22,3/16/26,0,4,Mercer
20205,1/1/22,5/24/23,13,14,Cook
20206,6/13/26,NA,6,6,Will
20207,1/1/22,NA,11,15,Will
20209,1/1/22,12/14/22,4,4,Kane
20210,9/27/25,NA,14,14,Will
20213,10/1/24,NA,13,14,Cook
20215,12/19/22,NA,2,5,Kendall
20218,1/1/22,6/23/23,10,11,Livingston
20222,3/15/25,NA,5,6,DuPage
20223,12/19/23,2/12/25,7,8,Peoria
20224,11/18/23,NA,15,17,Montgomery
20226,1/1/22,3/4/24,1,3,Cook
20227,2/21/23,3/31/23,0,0,Will
20228,1/1/22,6/13/22,16,16,DuPage
20229,1/1/22,7/22/24,7,9,Will
20230,8/13/22,NA,11,14,Lake
20232,4/16/23,5/21/23,4,4,Boone
20238,2/5/25,NA,6,7,Cook
20239,2/21/26,NA,16,16,Knox
20241,1/1/22,2/22/25,6,9,Lake
20242,1/1/22,NA,9,13,McHenry
20244,11/17/22,11/19/22,5,5,Cook
20245,1/4/26,NA,14,14,Macoupin
20248,7/8/22,NA,3,6,McLean
20251,3/23/25,NA,10,11,Will
20252,7/27/25,NA,17,17,McHenry
20254,1/1/22,3/2/25,3,6,Wayne
20255,1/1/22,2/17/23,0,1,Macon
20256,7/22/25,10/15/25,4,4,Shelby
20258,11/12/25,5/8/26,9,9,Winnebago
20259,10/29/22,5/18/25,8,10,Will
20260,1/17/26,NA,5,5,Jo Daviess
20262,1/1/22,NA,9,13,Winnebago
20263,3/17/25,8/12/25,12,12,DuPage
20264,9/9/22,NA,7,10,DuPage
20265,12/31/25,NA,0,0,Cook
20268,1/1/22,8/6/22,7,7,Will
20271,7/2/24,NA,12,13,Will
20273,1/1/22,NA,5,9,Cook
20274,1/1/22,NA,6,10,Rock Island
20276,9/22/23,3/27/24,1,1,Cook
20277,1/1/22,4/14/23,1,2,DuPage
20278,1/1/22,NA,10,14,Lake
20280,10/3/23,NA,0,2,Fulton
20282,1/1/22,NA,2,6,McLean
20283,11/27/25,NA,5,5,Ogle
20285,1/1/22,1/11/25,12,15,Lake
20289,12/23/25,NA,8,8,Kendall
20290,1/1/22,5/31/23,1,2,Cook
20291,5/18/24,NA,14,16,Will
20295,11/15/25,NA,16,16,Marion
20296,1/1/22,1/10/22,13,13,DuPage
20297,1/1/22,5/6/23,15,16,DuPage
20301,10/18/24,2/13/25,6,6,Lake
20302,9/21/22,NA,12,15,Monroe
20303,1/1/22,12/22/23,14,15,Madison
20305,11/19/22,NA,11,14,Lake
20306,2/19/25,NA,2,3,Adams
20310,5/1/26,NA,11,11,DuPage
20311,1/1/22,5/3/24,9,11,Lake
20313,1/1/22,11/16/25,9,12,Cook
20314,1/1/22,6/17/22,17,17,Cook
20315,7/20/22,3/20/25,4,6,St. Clair
20316,10/16/25,NA,0,0,Hamilton
20318,9/4/22,NA,6,9,Adams
20321,1/1/22,NA,0,4,St. Clair
20326,1/15/22,NA,9,13,Will
20327,1/1/22,12/6/22,13,13,Cook
20328,1/1/22,NA,9,13,Johnson
20329,1/1/22,1/10/23,9,10,Williamson
20330,1/1/22,4/22/23,15,16,Richland
20331,3/22/22,5/28/22,15,15,Will
20332,1/1/22,NA,9,13,Sangamon
20334,3/10/24,6/2/26,1,3,Macon
20335,1/9/23,8/26/24,1,2,Will
20336,2/25/24,NA,6,8,Will
20337,1/1/22,NA,8,12,Kendall
20339,4/28/23,9/3/23,12,12,Will
20340,10/12/24,NA,3,4,DuPage
20341,4/8/22,8/24/24,7,9,Will
20342,1/1/22,11/16/22,17,17,Kane
20343,1/1/22,2/18/23,13,14,Winnebago
20345,10/2/23,NA,6,8,Crawford
20348,7/20/23,9/9/25,11,13,DuPage
20352,1/15/25,NA,15,16,DuPage
20353,12/11/23,9/22/25,7,8,DuPage
20354,1/1/22,4/2/26,2,6,Lake
20355,3/21/22,NA,1,5,Lake
20357,12/31/24,NA,3,4,Lake
20362,5/16/24,NA,9,11,Kane
20363,8/24/23,12/31/24,9,10,Lake
20367,1/1/22,8/28/22,0,0,Lake
20368,10/17/22,1/27/26,5,8,DuPage
20371,3/27/25,NA,8,9,McHenry
20373,1/1/22,10/6/23,14,15,Cook
20374,7/6/24,NA,12,13,Cook
20381,12/14/25,NA,16,16,Cook
20382,1/1/22,NA,6,10,Cook
20384,1/1/22,NA,8,12,St. Clair
20387,1/1/22,NA,1,5,Carroll
20388,7/19/24,NA,13,14,Macon
20389,8/7/23,NA,12,14,Winnebago
20390,1/1/22,3/16/23,5,6,St. Clair
20391,1/1/22,11/7/23,4,5,DuPage
20392,1/1/22,5/10/23,2,3,McLean
20393,4/30/22,9/23/22,11,11,Lake
20394,9/25/22,NA,8,11,Cook
20395,6/6/26,NA,11,11,LaSalle
20396,12/10/23,5/16/24,2,2,Knox
20397,1/1/22,NA,4,8,Lake
20398,1/1/22,NA,12,16,McLean
20400,1/1/22,9/8/22,16,16,Kane
20401,5/31/26,NA,0,0,Franklin
20403,5/8/26,NA,2,2,Lake
20405,1/1/22,12/18/25,1,4,Lake
20406,3/6/23,4/2/23,16,16,DuPage
20407,10/16/25,NA,10,10,Cook
20408,1/14/23,NA,9,12,Champaign
20411,1/1/22,4/16/22,3,3,Monroe
20412,1/1/22,7/4/24,14,16,Kane
20417,4/22/22,5/3/24,9,11,Cook
20418,6/12/26,NA,11,11,Jefferson
20419,3/7/23,NA,14,17,Lake
20420,1/1/22,NA,1,5,Cook
20422,2/25/26,NA,7,7,Marion
20423,2/13/26,NA,17,17,Lake
20425,6/16/22,NA,6,10,Lake
20427,12/5/23,NA,14,16,Lake
20432,1/1/22,NA,10,14,DuPage
20433,3/23/26,NA,15,15,Cook
20435,1/1/22,1/6/22,5,5,Macon
20436,8/30/25,NA,8,8,Boone
20437,1/7/22,3/2/26,13,17,Cook
20441,1/1/22,4/9/23,0,1,Will
20442,4/15/24,10/23/24,12,12,DuPage
20443,3/2/22,NA,3,7,Cook
20444,5/5/25,NA,13,14,Kankakee
20445,10/24/22,NA,5,8,DuPage
20447,1/1/22,NA,11,15,Will
20449,4/16/22,6/13/25,10,13,Cook
20450,7/5/22,NA,5,8,Will
20451,3/23/24,NA,7,9,Jackson
20453,6/10/24,5/18/26,11,12,Cook
20455,6/6/26,NA,15,15,Henderson
20457,9/24/25,NA,8,8,LaSalle
20460,7/27/24,NA,13,14,DuPage
20464,1/1/22,1/30/23,11,12,Rock Island
20466,4/19/26,NA,13,13,Will
20468,4/19/22,NA,12,16,Cook
20469,5/16/23,NA,3,6,McHenry
20470,1/1/22,NA,8,12,Lake
20471,7/15/24,1/5/26,1,2,Stark
20472,8/23/23,NA,7,9,Lake
20475,11/29/25,NA,0,0,Cook
20478,1/1/22,NA,8,12,Cook
20481,12/25/24,NA,12,13,DuPage
20482,8/10/25,10/18/25,2,2,Cook
20483,2/15/24,NA,13,15,Cook
20486,1/1/22,6/3/23,11,12,Will
20487,5/26/23,NA,14,17,Lake
20490,1/1/22,4/25/26,12,16,DuPage
20491,8/14/25,11/29/25,2,2,Lake
20492,12/2/23,NA,13,15,Kane
20493,1/1/22,8/7/23,2,3,Cook
20495,4/11/23,NA,9,12,Cook
20496,9/5/23,5/10/26,6,8,Washington
20497,1/1/22,10/13/23,12,13,Cook
20498,3/15/22,10/25/22,13,13,Kane
20499,1/1/22,NA,7,11,Iroquois
20501,6/2/26,NA,9,9,Cumberland
20504,1/1/22,NA,4,8,Kane
20506,1/1/22,NA,9,13,Macon
20509,1/1/22,6/15/23,4,5,Cook
20510,1/1/22,8/27/24,1,3,Cook
20514,1/1/22,12/25/24,8,10,Cook
20515,10/30/23,NA,10,12,Cook
20519,10/11/22,NA,10,13,DuPage
20520,4/14/22,5/26/23,8,9,McHenry
20521,7/3/23,NA,9,11,Cook
20523,11/14/23,NA,2,4,DuPage
20524,1/1/22,NA,12,16,Cook
20529,1/1/22,2/29/24,2,4,McLean
20531,1/1/22,NA,12,16,Stephenson
20533,1/1/22,NA,12,16,Kankakee
20535,1/1/22,NA,1,5,Kane
20536,2/6/26,NA,15,15,Winnebago
20537,11/3/22,11/29/22,9,9,Sangamon
20539,2/23/25,NA,7,8,Lake
20540,2/21/24,NA,6,8,Cook
20541,1/21/24,1/11/26,2,3,DuPage
20542,1/15/24,NA,5,7,Lake
20544,1/1/22,NA,13,17,Cook
20545,1/1/22,2/21/26,4,8,Cook
20546,1/1/22,NA,8,12,McLean
20547,1/1/22,NA,8,12,Will
20549,1/1/22,4/7/24,13,15,Vermilion
20552,1/1/22,NA,12,16,Winnebago
20553,12/5/25,NA,1,1,Will
20554,1/1/22,2/27/26,10,14,Stephenson
20556,1/1/22,NA,5,9,Kankakee
20558,2/8/22,NA,5,9,Lake
20560,1/1/22,7/15/24,5,7,Menard
20561,1/1/22,10/31/23,11,12,Cook
20562,1/1/22,1/21/26,8,12,Clark
20566,1/1/22,2/9/24,13,15,Will
20567,1/1/22,NA,1,5,DuPage
20568,7/1/25,8/26/25,4,4,Stephenson
20572,6/12/22,7/2/25,3,6,Kendall
20573,6/18/24,NA,2,4,Kane
20577,1/1/22,NA,11,15,DuPage
20579,10/18/25,NA,13,13,Will
20582,1/1/22,6/17/23,9,10,Sangamon
20583,3/23/26,NA,17,17,Will
20585,1/1/22,1/15/23,2,3,Will
20590,1/1/22,3/18/24,4,6,Will
20591,12/19/25,NA,10,10,McHenry
20593,1/1/22,NA,0,4,Will
20595,1/1/22,NA,12,16,Cook
20598,1/1/22,NA,1,5,Will
20600,11/7/23,NA,11,13,Clinton
20602,1/1/22,5/30/23,12,13,Cook
20603,1/5/23,NA,3,6,Will
20604,1/1/22,4/5/23,7,8,Knox
20605,6/13/24,NA,10,12,DuPage
20606,1/1/22,12/17/23,9,10,Kane
20607,1/1/22,7/21/22,9,9,Will
20608,1/1/22,1/5/23,15,16,Peoria
20610,1/1/22,2/21/24,11,13,Will
20611,1/1/22,NA,12,16,Mercer
20612,11/2/24,NA,0,1,Shelby
20614,9/5/24,11/28/24,3,3,Kane
20615,1/1/22,10/26/23,14,15,Cook
20616,12/21/24,NA,7,8,DuPage
20617,3/13/22,2/21/26,9,12,Hamilton
20619,7/28/22,6/8/25,11,13,Lake
20620,3/4/24,NA,0,2,Cook
20621,1/1/22,NA,7,11,DuPage
20622,1/1/22,NA,5,9,Kane
20627,10/9/24,NA,5,6,Cook
20630,1/1/22,NA,9,13,Cook
20635,1/1/22,1/13/23,3,4,DuPage
20636,1/1/22,10/7/22,13,13,DuPage
20638,9/28/24,10/10/24,15,15,Cook
20639,1/1/22,3/2/26,11,15,Kankakee
20640,1/1/22,1/18/23,7,8,LaSalle
20641,9/22/22,7/5/25,4,6,St. Clair
20642,1/1/22,NA,11,15,Cook
20643,8/22/25,NA,16,16,Winnebago
20644,1/1/22,NA,3,7,Peoria
20648,5/24/24,9/16/24,9,9,DuPage
20651,8/17/22,9/13/22,5,5,Lake
20652,1/1/22,11/18/22,4,4,Cook
20653,1/1/22,4/25/25,2,5,Will
20655,1/1/22,NA,11,15,Cook
20656,1/1/22,NA,7,11,DeKalb
20657,1/1/22,NA,3,7,Lake
20659,10/11/22,NA,9,12,Iroquois
20667,1/1/22,7/27/23,12,13,Rock Island
20669,1/1/22,2/2/24,15,17,Lake
20672,3/25/23,NA,5,8,DeKalb
20673,1/1/22,12/25/24,14,16,Lake
20675,1/1/22,7/30/24,6,8,Lake
20676,1/1/22,12/24/22,15,15,Madison
20677,10/25/23,NA,12,14,Lake
20681,1/12/22,NA,4,8,Kendall
20682,1/1/22,NA,12,16,Lake
20684,1/1/22,8/6/23,9,10,Winnebago
20685,2/19/23,NA,11,14,Will
20688,7/10/22,NA,13,16,Jefferson
20690,4/27/23,NA,11,14,Iroquois
20691,11/6/24,5/4/25,17,17,Warren
20692,1/1/22,2/13/25,9,12,Cook
20693,1/1/22,NA,0,4,Lake
20695,1/5/22,12/30/24,9,11,Lake
20696,12/19/24,NA,11,12,Cook
20697,5/18/26,NA,9,9,Will
20698,3/27/25,NA,14,15,Logan
20699,6/8/22,4/17/25,11,13,Cook
20700,11/23/24,NA,14,15,Winnebago
20701,1/1/22,NA,8,12,Cook
20703,1/1/22,5/13/24,15,17,DuPage
20704,1/20/24,NA,3,5,Kane
20708,12/22/25,NA,13,13,Cook
20713,7/5/25,NA,0,0,Winnebago
20714,5/30/26,NA,5,5,McHenry
20715,1/1/22,3/15/23,9,10,Henry
20719,2/17/24,NA,3,5,Cook
20720,12/2/22,4/2/23,1,1,DuPage
20721,4/25/24,NA,9,11,Lake
20722,1/1/22,NA,12,16,Randolph
20724,1/1/22,1/17/22,0,0,Cook
20726,2/8/25,NA,2,3,Cook
20732,3/26/22,1/24/25,3,5,Champaign
20735,1/1/22,2/1/22,10,10,Cook
20736,12/28/22,NA,2,5,Ford
20737,2/22/22,NA,11,15,Cook
20738,1/1/22,9/10/22,15,15,Will
20740,7/13/25,NA,16,16,Knox
20744,1/1/22,12/3/23,5,6,DuPage
20750,3/24/24,5/19/24,2,2,McHenry
20752,9/9/24,NA,2,3,Kane
20753,1/1/22,NA,3,7,Lake
20755,1/1/22,8/26/24,5,7,Douglas
20760,7/5/25,NA,9,9,Lake
20762,1/28/24,NA,13,15,DuPage
20763,1/1/22,3/23/23,6,7,Jo Daviess
20768,8/3/23,3/14/26,14,16,Cook
20769,1/1/22,9/22/23,11,12,Clinton
20770,8/15/23,NA,6,8,DuPage
20771,12/31/22,9/21/23,11,11,Cook
20773,1/1/22,9/12/23,13,14,Cook
20774,1/1/22,NA,11,15,Cook
20781,1/1/22,3/31/22,3,3,Cook
20782,2/11/25,NA,1,2,Ogle
20783,4/2/23,NA,11,14,Lake
20784,1/1/22,6/24/22,11,11,Kendall
20785,12/29/22,6/25/26,12,15,Montgomery
20787,1/1/22,4/3/24,4,6,DuPage
20788,1/1/22,10/25/25,14,17,Rock Island
20789,1/19/23,2/28/26,14,17,Winnebago
20791,10/14/23,NA,2,4,DuPage
20793,1/1/22,6/17/25,6,9,Cook
20796,1/1/22,1/20/23,12,13,Lake
20797,1/1/22,6/25/26,6,10,DuPage
20798,1/1/22,9/24/22,4,4,Will
20802,5/28/22,NA,7,11,Winnebago
20803,11/4/23,1/13/24,12,12,DuPage
20804,1/1/22,11/7/23,9,10,Will
20805,1/1/22,NA,8,12,Lake
20807,1/1/22,4/23/23,6,7,Cook
20809,1/1/22,7/31/23,6,7,Cook
20810,1/1/22,4/11/23,9,10,Whiteside
20811,1/1/22,11/16/24,11,13,Will
20812,1/1/22,NA,4,8,Coles
20813,5/3/26,NA,0,0,Whiteside
20818,11/6/25,NA,8,8,Cook
20819,9/5/25,NA,13,13,Champaign
20820,1/1/22,3/27/23,7,8,Lake
20821,1/1/22,1/13/24,14,16,Kane
20822,11/1/22,1/6/23,10,10,Peoria
20823,7/10/25,NA,15,15,Morgan
20825,1/1/22,6/21/24,15,17,DeKalb
20827,7/25/24,11/11/24,11,11,Douglas
20828,1/1/22,NA,12,16,DuPage
20829,7/16/24,NA,9,10,Cook
20830,10/10/24,NA,16,17,Cook
20831,1/1/22,NA,13,17,Rock Island
20832,12/10/23,NA,1,3,McLean
20833,9/17/25,1/25/26,8,8,Will
20834,3/28/26,NA,16,16,Cook
20835,1/1/22,NA,10,14,Cook
20836,3/28/23,9/24/25,11,13,Cook
20837,1/21/26,NA,4,4,Schuyler
20838,1/1/22,NA,0,4,LaSalle
20839,9/30/25,10/29/25,16,16,Will
20840,8/10/22,12/2/24,0,2,Cook
20842,1/1/22,6/29/24,9,11,DuPage
20843,1/1/22,9/5/23,5,6,Cook
20845,9/25/24,NA,14,15,Champaign
20846,1/1/22,11/23/25,8,11,Lake
20847,6/9/24,12/2/24,17,17,Clinton
20848,1/1/22,4/6/22,17,17,Lake
20849,3/13/23,NA,11,14,Lake
20851,12/3/22,11/11/23,10,10,Cook
20853,2/26/23,6/1/23,6,6,Will
20854,1/1/22,7/20/25,10,13,St. Clair
20855,7/23/23,4/7/24,13,13,Tazewell
20856,1/13/22,3/21/22,6,6,Cook
20858,8/28/22,NA,9,12,Kane
20860,1/1/22,7/20/25,12,15,Lake
20861,1/1/22,1/26/24,15,17,Champaign
20865,4/14/26,NA,1,1,Lake
20866,9/30/24,NA,14,15,Will
20871,1/1/22,NA,13,17,Peoria
20872,1/1/22,1/5/23,10,11,DuPage
20873,1/1/22,2/19/24,7,9,Will
20874,1/1/22,4/26/26,12,16,Cook
20875,1/9/22,5/12/24,15,17,Lake
20881,1/1/22,NA,10,14,Jefferson
20882,1/1/22,1/8/26,10,14,Perry
20884,1/1/22,NA,6,10,Kane
20886,7/29/24,3/3/26,15,16,McLean
20887,1/1/22,NA,6,10,Jo Daviess
20890,1/1/22,NA,6,10,Rock Island
20891,7/29/23,12/29/24,8,9,Shelby
20893,1/1/22,NA,8,12,Madison
20894,1/1/22,6/5/22,7,7,DuPage
20895,1/1/22,10/18/22,16,16,Kendall
20897,1/1/22,NA,11,15,Will
20898,1/3/24,NA,13,15,Effingham
20900,1/1/22,NA,5,9,McDonough
20901,3/1/23,NA,8,11,Will
20904,6/19/26,NA,6,6,Lake
20906,11/11/24,NA,2,3,Kane
20907,11/13/25,NA,16,16,Kendall
20908,1/1/22,NA,1,5,Pike
20912,1/1/22,3/4/25,12,15,Will
20913,1/1/22,NA,5,9,DuPage
20915,6/12/24,NA,1,3,Williamson
20916,11/27/25,NA,8,8,Jefferson
20920,3/20/26,NA,13,13,McHenry
20922,9/13/22,NA,13,16,DuPage
20927,1/1/22,NA,9,13,Lake
20929,7/28/25,9/18/25,4,4,Hancock
20931,1/1/22,12/22/24,9,11,Will
20932,8/5/22,NA,2,5,DuPage
20933,1/1/22,2/5/22,16,16,Lake
20934,1/1/22,1/17/25,13,16,Cook
20936,12/30/25,NA,6,6,Will
20938,1/1/22,NA,2,6,Jackson
20942,6/20/25,NA,2,3,Cook
20943,1/1/22,5/26/26,2,6,Adams
20944,1/1/22,5/29/25,10,13,DuPage
20945,1/1/22,NA,0,4,Kendall
20947,1/1/22,8/7/22,7,7,Winnebago
20949,1/1/22,NA,3,7,McHenry
20952,1/1/22,1/15/24,14,16,McHenry
20955,1/1/22,8/24/24,14,16,Kane
20958,11/12/23,NA,15,17,Madison
20960,1/1/22,5/26/23,5,6,White
20961,11/30/25,NA,2,2,Boone
20962,1/1/22,NA,7,11,Cook
20965,1/1/22,9/26/22,10,10,Will
20966,1/1/22,NA,9,13,Cook
20967,11/26/23,NA,10,12,Lake
20968,2/10/22,NA,2,6,Cook
20969,12/14/23,NA,10,12,Cook
20970,1/1/22,4/11/24,9,11,Adams
20971,10/28/23,NA,11,13,Bond
20973,1/14/26,NA,8,8,Lake
20974,5/18/25,6/25/25,14,14,Lake
20975,11/29/24,NA,4,5,Lake
20981,5/22/23,9/22/25,14,16,Lake
20983,5/10/26,NA,9,9,Piatt
20984,1/1/22,11/8/24,11,13,Rock Island
20985,1/1/22,6/12/23,11,12,DuPage
20987,1/1/22,NA,6,10,Will
20989,9/24/22,NA,3,6,Massac
20998,4/1/24,6/21/24,9,9,Kane
20999,1/1/22,12/21/23,1,2,Cook
21002,1/1/22,10/12/24,14,16,Cook
21003,4/2/23,5/22/23,2,2,Livingston
21004,1/28/26,NA,3,3,Williamson
21005,4/6/24,NA,3,5,McHenry
21006,7/8/25,3/17/26,12,12,Cook
21007,1/1/22,10/28/24,3,5,DuPage
21008,6/17/23,NA,1,4,Cook
21009,3/23/24,NA,15,17,Lake
21011,1/1/22,11/9/23,13,14,Kankakee
21013,1/1/22,NA,5,9,Effingham
21014,4/6/22,12/4/24,3,5,Williamson
21018,1/1/22,8/23/23,16,17,Crawford
21019,1/1/22,7/10/24,12,14,Lake
21023,1/30/22,8/3/24,11,13,Cook
21027,1/1/22,9/3/24,14,16,DuPage
21029,4/7/25,NA,12,13,Hardin
21030,6/13/23,NA,14,17,Lake
21032,2/3/23,9/2/25,11,13,Brown
21033,1/1/22,8/25/24,12,14,Kendall
21034,1/1/22,NA,10,14,DuPage
21037,3/5/22,9/10/23,6,7,Effingham
21040,3/11/25,NA,8,9,Will
21042,1/1/22,NA,12,16,Tazewell
21043,1/1/22,NA,7,11,DuPage
21045,6/22/24,7/17/25,14,15,Union
21046,11/7/22,10/13/24,5,6,Will
21047,3/31/25,NA,15,16,Cook
21054,11/20/25,NA,5,5,Kankakee
21056,1/1/22,NA,10,14,Cook
21058,1/1/22,8/4/22,3,3,Kane
21068,11/30/22,NA,8,11,Winnebago
21069,9/9/23,NA,15,17,Kane
21070,5/7/25,NA,14,15,Will
21072,5/10/24,5/14/24,2,2,Montgomery
21073,1/1/22,5/8/25,11,14,Cook
21075,9/6/24,NA,4,5,Cook
21076,1/16/23,11/23/25,9,11,DuPage
21078,4/5/25,2/23/26,11,11,DuPage
21080,6/6/24,6/27/24,12,12,Marion
21081,10/30/25,NA,13,13,Kane
21082,1/1/22,2/12/26,0,4,Cook
21083,1/1/22,NA,8,12,Cook
21084,1/1/22,10/27/22,7,7,Cook
21085,7/16/25,NA,6,6,Grundy
21089,11/27/24,NA,12,13,Cook
21090,1/1/22,NA,10,14,DuPage
21091,3/8/24,6/25/25,15,16,Will
21096,12/24/24,NA,2,3,DuPage
21098,1/1/22,7/20/24,14,16,Coles
21101,12/3/25,NA,2,2,Clinton
21103,1/1/22,4/15/22,10,10,Jefferson
21106,1/1/22,7/2/23,2,3,Macon
21107,1/1/22,9/11/25,8,11,Jefferson
21108,1/15/22,3/23/22,8,8,Lake
21109,11/14/25,NA,10,10,Lake
21110,1/4/26,NA,4,4,Lake
21111,1/1/22,4/1/24,8,10,Will
21114,1/1/22,5/17/26,3,7,Cook
21120,1/1/22,3/7/24,15,17,Kendall
21121,1/1/22,1/12/26,10,14,DuPage
21122,3/3/25,5/2/25,15,15,Whiteside
21126,6/25/26,NA,4,4,Brown
21129,1/1/22,NA,13,17,Cook
21131,1/1/22,NA,5,9,Will
21132,5/20/25,NA,11,12,Madison
21133,11/16/22,NA,7,10,Vermilion
21134,2/2/23,7/24/24,7,8,Peoria
21135,7/29/25,NA,12,12,Lake
21140,1/1/22,NA,11,15,McDonough
21142,1/30/26,NA,13,13,Champaign
21143,3/16/23,NA,9,12,DuPage
21146,1/11/23,NA,9,12,Will
21147,11/17/25,NA,10,10,Wayne
21149,6/6/23,3/29/25,13,14,Christian
21156,8/30/22,NA,12,15,Cook
21157,10/5/24,NA,16,17,DuPage
21159,12/6/22,NA,11,14,DuPage
21160,1/1/22,NA,0,4,Cook
21162,4/5/26,NA,1,1,Piatt
21163,1/1/22,NA,1,5,Tazewell
21164,11/18/22,NA,11,14,Madison
21166,7/8/25,NA,13,13,Lake
21167,1/1/22,7/5/22,17,17,DuPage
21171,1/1/22,2/17/25,13,16,Randolph
21172,1/1/22,12/5/22,7,7,Lake
21173,1/1/22,NA,1,5,Kane
21174,1/1/22,NA,8,12,Will
21176,3/18/23,2/2/25,2,3,Randolph
21178,1/1/22,6/7/26,12,16,Will
21180,1/1/22,1/10/22,12,12,McLean
21181,1/1/22,NA,12,16,Cook
21183,1/1/22,7/15/22,6,6,Lake
21185,1/11/25,2/20/25,13,13,Woodford
21187,8/7/25,NA,8,8,Peoria
21188,1/1/22,3/3/25,5,8,Macon
21189,6/29/22,5/22/23,11,11,DuPage
21191,1/1/22,8/26/24,10,12,Cook
21192,11/14/22,4/21/24,6,7,Bond
21196,1/1/22,NA,5,9,Will
21199,10/11/25,NA,4,4,Kane
21202,1/1/22,NA,11,15,Cook
21203,11/19/24,9/24/25,4,4,Cook
21206,3/10/25,NA,15,16,Cook
21208,1/1/22,NA,8,12,DuPage
21209,4/13/26,NA,0,0,Kane
21210,5/16/24,NA,1,3,Cook
21215,7/22/24,1/24/25,11,11,DuPage
21216,2/27/26,NA,13,13,Cook
21217,2/18/22,NA,12,16,Cook
21218,1/1/22,7/6/22,6,6,Will
21219,1/1/22,NA,5,9,DuPage
21221,1/1/22,4/27/22,13,13,Rock Island
21222,8/13/23,6/6/24,7,7,Crawford
21224,1/1/22,NA,3,7,Cook
21231,1/1/22,5/22/26,4,8,Pike
21235,8/4/25,NA,5,5,Cook
21236,1/1/22,NA,13,17,Rock Island
21237,9/24/25,NA,1,1,DuPage
21238,8/6/24,8/23/25,1,2,DuPage
21239,9/27/23,NA,12,14,Cook
21243,1/1/22,1/30/22,9,9,Cook
21246,1/1/22,NA,2,6,Peoria
21248,1/1/22,6/28/23,13,14,DuPage
21250,1/1/22,9/1/22,6,6,Kendall
21251,12/13/22,NA,10,13,Cook
21253,1/1/22,12/18/23,1,2,Cook
21254,1/1/22,3/16/23,5,6,Champaign
21255,10/14/25,4/24/26,17,17,DuPage
21256,1/1/22,4/28/23,7,8,DuPage
21257,2/2/23,2/27/23,4,4,Grundy
21260,8/17/22,10/24/23,15,16,Cook
21265,9/10/25,9/15/25,10,10,Lake
21267,8/20/24,NA,1,2,Cook
21269,1/1/22,9/19/22,5,5,Will
21272,3/12/24,4/13/26,13,15,Pike
21274,1/1/22,2/8/22,12,12,Winnebago
21275,5/9/22,12/29/22,0,0,Clinton
21276,2/15/24,NA,7,9,Rock Island
21278,1/1/22,5/8/25,3,6,Will
21279,3/28/26,NA,1,1,Clinton
21283,1/1/22,NA,11,15,Will
21284,1/1/22,3/7/22,15,15,LaSalle
21287,1/1/22,8/8/24,2,4,Will
21288,1/1/22,11/28/25,10,13,Cook
21291,6/9/26,NA,14,14,Kane
21293,1/1/22,NA,9,13,Lake
21294,1/1/22,NA,4,8,Will
21296,6/26/24,NA,5,7,McHenry
21297,12/15/22,2/9/25,1,3,DuPage
21300,1/1/22,4/17/23,2,3,Will
21302,1/1/22,NA,5,9,Cook
21304,8/22/24,NA,3,4,Cook
21306,1/1/22,10/29/24,2,4,Cook
21307,1/1/22,1/31/23,9,10,Cook
21308,10/26/23,NA,9,11,Cook
21310,1/1/22,4/24/23,8,9,Whiteside
21312,1/1/22,3/28/22,9,9,Lake
21313,1/1/22,NA,13,17,Kane
21317,1/1/22,10/9/23,10,11,Kane
21318,5/27/24,NA,4,6,Cook
21320,2/16/25,NA,4,5,Kankakee
21321,1/1/22,6/15/22,14,14,Kane
21323,1/1/22,NA,10,14,Kankakee
21325,1/1/22,NA,4,8,Lake
21326,1/1/22,4/17/25,5,8,McHenry
21327,11/11/24,NA,1,2,Sangamon
21329,11/4/25,NA,9,9,St. Clair
21333,1/1/22,3/11/23,14,15,Johnson
21334,1/1/22,8/20/23,8,9,DuPage
21336,3/10/26,NA,5,5,Cook
21337,1/1/22,NA,2,6,Lake
21341,8/24/25,NA,5,5,DuPage
21342,12/19/22,NA,4,7,Lake
21345,1/1/22,NA,8,12,Lake
21347,1/1/22,8/30/22,9,9,McLean
21351,1/1/22,4/10/26,0,4,Cook
21352,1/1/22,6/9/26,8,12,Cook
21354,1/1/22,10/18/22,1,1,Will
21355,1/1/22,NA,12,16,Monroe
21356,1/1/22,NA,1,5,DuPage
21357,2/9/23,10/8/25,1,3,DuPage
21366,4/4/26,NA,14,14,Menard
21367,6/13/24,NA,11,13,Will
21369,1/1/22,10/30/24,10,12,Cook
21370,11/18/22,9/13/25,11,13,Cook
21371,10/13/25,NA,8,8,Logan
21374,5/23/22,6/7/25,3,6,Will
21375,1/15/26,4/6/26,7,7,Whiteside
21377,1/1/22,5/23/26,4,8,Adams
21378,5/4/26,NA,7,7,Kankakee
21380,2/11/25,NA,2,3,Kane
21382,1/1/22,12/7/25,0,3,Kane
21383,1/1/22,11/11/22,16,16,Will
21384,2/20/23,NA,11,14,Cook
21385,11/20/23,NA,7,9,McHenry
21386,9/26/22,7/26/24,13,14,Knox
21387,2/7/26,NA,11,11,Peoria
21388,7/27/23,NA,6,8,Cook
21392,1/1/22,3/31/26,10,14,Lake
21393,6/5/22,9/14/22,10,10,Peoria
21394,1/1/22,4/30/26,9,13,Cook
21395,1/1/22,2/16/24,13,15,Winnebago
21397,1/1/22,12/25/22,3,3,Kendall
21398,1/1/22,NA,12,16,Stephenson
21400,1/1/22,4/1/26,11,15,Cook
21402,10/11/23,3/30/24,5,5,DuPage
21403,9/2/25,9/23/25,16,16,Boone
21405,2/3/23,9/13/24,0,1,DuPage
21408,1/1/22,NA,9,13,Jackson
21409,1/1/22,NA,4,8,McHenry
21410,1/1/22,NA,0,4,DuPage
21412,9/19/22,NA,5,8,McHenry
21413,1/1/22,2/18/26,2,6,Cook
21415,11/4/23,7/15/25,7,8,Christian
21416,1/1/22,NA,3,7,Clinton
21418,1/1/22,NA,13,17,Madison
21421,5/28/25,NA,0,1,Bond
21423,1/1/22,7/27/24,2,4,Kane
21425,1/1/22,8/31/22,13,13,LaSalle
21427,4/30/26,NA,8,8,DeKalb
21428,1/1/22,NA,13,17,DuPage
21433,1/1/22,5/25/23,0,1,DuPage
21436,1/1/22,8/21/24,4,6,Cook
21437,11/14/23,NA,7,9,Ogle
21438,7/3/24,NA,12,13,Champaign
21439,6/22/26,NA,6,6,Cook
21440,5/1/26,NA,4,4,Grundy
21441,1/1/22,7/8/22,0,0,McHenry
21442,1/1/22,NA,11,15,Kane
21443,1/1/22,2/4/25,10,13,Cook
21448,1/1/22,5/14/23,2,3,DuPage
21452,7/20/23,NA,13,15,Kane
21454,3/4/26,NA,12,12,Hancock
21455,11/21/24,NA,10,11,Cook
21457,1/1/22,NA,13,17,Will
21458,8/22/25,NA,7,7,Lake
21459,1/1/22,9/9/22,14,14,Will
21461,1/1/22,2/4/22,11,11,Cook
21462,1/1/22,8/27/25,5,8,Ogle
21463,2/20/22,NA,10,14,DuPage
21464,1/1/22,8/3/24,3,5,Will
21466,1/1/22,10/9/22,16,16,Cook
21467,4/4/24,NA,6,8,McDonough
21469,7/16/22,6/15/24,9,10,Kendall
21470,1/1/22,NA,12,16,Lake
21472,1/1/22,3/29/26,5,9,DuPage
21473,2/24/22,NA,9,13,Kendall
21476,5/23/22,2/2/23,10,10,Cook
21477,1/1/22,5/18/26,3,7,DuPage
21478,11/25/25,NA,2,2,Monroe
21479,1/30/24,NA,15,17,Will
21480,6/21/25,9/10/25,5,5,Perry
21481,10/15/22,3/16/26,3,6,Kankakee
21483,1/1/22,NA,13,17,Ogle
21485,10/7/22,4/17/25,4,6,Kane
21488,1/1/22,1/26/22,0,0,Cook
21490,1/1/22,NA,4,8,Will
21492,1/1/22,5/19/26,11,15,Marion
21495,1/1/22,NA,9,13,Cook
21496,12/6/22,3/31/24,5,6,Cook
21497,1/1/22,1/22/25,11,14,McHenry
21500,7/22/24,9/24/24,6,6,Will
21501,2/28/25,NA,6,7,Wabash
21502,1/1/22,NA,0,4,Kankakee
21505,1/1/22,NA,3,7,Kankakee
21509,1/1/22,12/19/24,1,3,Lake
21511,4/20/22,NA,8,12,Alexander
21513,1/1/22,3/31/24,1,3,Lake
21514,1/1/22,NA,5,9,Richland
21516,7/20/25,NA,9,9,Kane
21523,11/10/22,2/15/23,10,10,Sangamon
21527,3/6/25,3/22/25,16,16,Winnebago
21528,1/1/22,9/20/24,4,6,Adams
21530,3/22/23,NA,4,7,Winnebago
21531,1/1/22,10/22/24,2,4,Cook
21533,12/4/25,NA,6,6,Cook
21534,1/1/22,7/26/22,15,15,Morgan
21537,1/1/22,8/23/25,12,15,Lake
21540,1/5/26,NA,13,13,McLean
21541,1/1/22,NA,4,8,McHenry
21542,1/1/22,NA,9,13,Bond
21543,1/1/22,10/12/23,12,13,Champaign
21544,3/24/22,NA,4,8,Cook
21545,7/3/25,7/7/25,3,3,Lake
21546,1/1/22,2/17/22,14,14,Winnebago
21549,10/31/25,NA,16,16,DuPage
21550,1/1/22,10/13/23,7,8,Kane
21553,9/13/24,3/3/26,5,6,Cook
21555,1/1/22,3/6/24,10,12,Iroquois
21562,9/23/25,NA,13,13,Cook
21563,1/1/22,1/7/25,5,8,DuPage
21564,5/5/22,5/27/22,0,0,Will
21565,1/1/22,6/3/22,16,16,Will
21566,7/5/25,NA,9,9,DuPage
21568,1/1/22,5/12/23,6,7,Cook
21569,3/19/22,NA,8,12,Champaign
21570,1/1/22,12/8/22,0,0,Lake
21571,3/9/24,NA,1,3,McLean
21577,1/1/22,10/13/23,1,2,McHenry
21578,8/16/24,NA,12,13,Cook
21579,9/1/24,NA,9,10,Will
21582,1/1/22,11/11/23,13,14,McHenry
21583,1/1/22,NA,5,9,DuPage
21584,1/1/22,8/28/25,0,3,Kendall
21586,1/8/26,NA,8,8,Marion
21588,5/24/25,NA,8,9,Lake
21590,1/6/26,NA,16,16,Lake
21592,3/4/26,NA,5,5,Will
21593,1/25/23,9/22/25,4,6,Cook
21597,12/31/24,NA,16,17,DuPage
21599,8/1/24,NA,15,16,Cook
21601,1/1/22,12/7/24,14,16,Lake
21602,1/1/22,4/13/22,7,7,Lake
21604,1/1/22,NA,11,15,Cook
21607,1/1/22,9/9/22,4,4,Cook
21608,8/17/22,3/2/23,4,4,Winnebago
21609,1/1/22,NA,11,15,Lake
21611,1/1/22,7/3/23,6,7,Cook
21614,7/8/23,11/18/25,7,9,Will
21615,1/1/22,11/3/22,1,1,DuPage
21616,1/1/22,2/23/26,3,7,Cook
21617,1/1/22,NA,13,17,Cook
21618,7/10/22,12/2/25,3,6,Will
21620,1/1/22,4/10/25,0,3,Cook
21621,1/1/22,NA,1,5,Will
21623,3/17/22,NA,4,8,DuPage
21625,8/22/24,12/16/24,13,13,Williamson
21626,9/30/25,NA,15,15,DuPage
21627,10/9/22,3/9/25,8,10,Will
21628,1/1/22,9/9/25,6,9,DuPage
21630,1/1/22,3/21/23,1,2,DuPage
21633,7/17/25,NA,14,14,Lake
21636,11/7/25,NA,7,7,McLean
21639,1/1/22,9/29/23,16,17,Cook
21640,1/1/22,12/16/22,6,6,Kendall
21641,7/2/23,NA,11,13,Kane
21645,1/1/22,5/18/24,13,15,DuPage
21647,12/9/22,3/1/25,7,9,Rock Island
21648,4/6/24,NA,15,17,DuPage
21649,1/1/22,NA,7,11,Cook
21653,10/17/24,NA,3,4,Lake
21654,12/20/24,4/30/25,4,4,Cook
21655,1/1/22,2/10/23,1,2,Cook
21656,1/1/22,2/20/25,6,9,Menard
21657,1/1/22,8/28/22,4,4,Cook
21659,1/1/22,10/30/22,15,15,Kane
21660,11/11/24,11/28/24,10,10,St. Clair
21661,8/4/25,8/26/25,1,1,Will
21662,1/1/22,NA,1,5,Lake
21663,1/1/22,12/29/24,8,10,Lake
21666,5/23/23,11/1/23,5,5,Will
21667,6/30/22,11/19/25,12,15,St. Clair
21669,1/1/22,7/15/22,10,10,Clay
21671,12/28/22,NA,0,3,Will
21672,10/10/22,8/19/25,7,9,Will
21673,1/1/22,3/6/23,6,7,DuPage
21674,1/1/22,NA,8,12,Cook
21675,4/26/26,NA,2,2,DuPage
21676,4/24/22,6/3/22,15,15,DuPage
21680,1/1/22,9/1/25,3,6,Lake
21681,1/1/22,3/31/22,16,16,Will
21682,8/1/22,7/14/23,15,15,Lake
21684,1/1/22,NA,8,12,Lake
21687,1/1/22,9/15/25,4,7,Cook
21689,1/1/22,8/19/23,12,13,Cook
21692,11/23/25,NA,8,8,Stephenson
21693,6/7/22,NA,12,16,Kane
21694,1/1/22,4/30/24,9,11,Will
21700,8/18/24,NA,3,4,McHenry
21701,1/1/22,12/24/22,3,3,Cook
21705,4/25/22,NA,0,4,Will
21707,1/1/22,9/30/23,16,17,Champaign
21710,12/24/24,NA,6,7,Cook
21711,1/1/22,1/24/22,4,4,McLean
21714,1/1/22,NA,9,13,Rock Island
21717,7/10/22,9/22/22,9,9,Lake
21721,2/12/25,NA,4,5,Macon
21723,7/5/23,11/12/24,10,11,Winnebago
21724,10/8/25,NA,14,14,McHenry
21725,6/15/25,NA,3,4,Cook
21727,6/27/25,10/7/25,12,12,Rock Island
21729,1/1/22,2/2/22,6,6,Lake
21734,7/14/23,5/13/24,17,17,Cook
21735,1/1/22,NA,6,10,Cook
21736,12/9/23,6/29/24,13,13,LaSalle
21737,1/1/22,3/31/25,2,5,Cook
21738,1/1/22,9/3/25,13,16,Will
21739,5/2/23,7/1/23,9,9,Lake
21741,2/22/26,NA,4,4,Will
21748,1/1/22,6/18/25,12,15,Kane
21749,9/24/22,1/25/23,6,6,Bond
21750,2/23/23,NA,14,17,Cook
21751,9/19/25,NA,13,13,Lake
21752,1/1/22,NA,11,15,Lake
21753,4/24/24,5/1/24,12,12,Jackson
21760,10/29/22,NA,13,16,Cook
21761,1/1/22,1/18/25,3,6,Cook
21762,1/1/22,NA,3,7,DuPage
21763,3/10/23,NA,5,8,DuPage
21764,1/1/22,8/7/22,12,12,Macoupin
21766,1/1/22,9/28/22,7,7,Kane
21771,12/14/25,NA,2,2,Cook
21774,1/1/22,NA,3,7,Cook
21775,5/19/26,NA,4,4,Cook
21776,1/1/22,8/31/22,10,10,Boone
21777,1/1/22,3/25/26,3,7,Lake
21778,5/13/24,NA,5,7,Richland
21779,1/1/22,8/23/22,1,1,Kendall
21780,1/1/22,12/5/24,3,5,DuPage
21783,1/1/22,NA,6,10,Woodford
21784,1/1/22,NA,12,16,McLean
21785,1/1/22,NA,6,10,Edwards
21788,9/12/24,3/5/26,16,17,Cook
21790,9/16/25,NA,7,7,LaSalle
21791,1/12/26,NA,15,15,Massac
21792,1/1/22,11/28/23,0,1,Sangamon
21793,1/1/22,10/19/23,12,13,Kankakee
21795,1/1/22,6/13/23,10,11,Massac
21796,9/2/25,NA,7,7,DuPage
21797,8/17/25,11/6/25,8,8,Lake
21798,1/1/22,6/19/22,6,6,Cook
21801,1/1/22,2/1/24,1,3,Lake
21802,11/2/22,NA,0,3,Lake
21803,1/1/22,10/21/25,7,10,Kane
21804,1/1/22,8/29/24,13,15,Lake
21805,5/20/24,NA,2,4,Cook
21807,1/1/22,3/13/22,10,10,Winnebago
21809,4/15/23,1/20/26,9,11,Cook
21810,1/1/22,6/12/24,15,17,Cook
21812,12/15/22,7/16/24,0,1,Wayne
21813,1/1/22,NA,11,15,Will
21814,7/29/22,NA,14,17,DuPage
21817,1/1/22,10/2/25,8,11,Cook
21820,1/1/22,6/24/24,12,14,DuPage
21821,6/24/24,9/24/25,4,5,Clinton
21823,6/30/26,NA,8,8,Cook
21826,1/1/22,10/12/22,16,16,Lake
21827,1/1/22,NA,7,11,Kane
21828,1/1/22,1/4/25,6,9,Will
21832,1/1/22,NA,1,5,Champaign
21833,1/1/22,NA,12,16,Tazewell
21834,1/1/22,4/23/25,7,10,Lake
21837,1/1/22,NA,13,17,Cook
21838,7/25/24,9/5/24,6,6,Will
21839,1/1/22,1/29/25,2,5,DuPage
21840,8/9/23,NA,4,6,Adams
21843,10/27/23,NA,13,15,DuPage
21844,1/1/22,NA,7,11,Will
21850,1/1/22,NA,1,5,Cook
21852,1/1/22,11/26/25,1,4,DuPage
21853,10/23/23,12/11/23,11,11,Whiteside
21854,1/1/22,2/6/25,10,13,Will
21855,1/1/22,NA,11,15,Will
21856,1/1/22,6/22/23,11,12,Cook
21858,10/8/22,11/25/22,3,3,DuPage
21859,1/1/22,4/22/23,14,15,Kane
21860,1/1/22,11/8/23,4,5,Champaign
21861,5/25/22,8/8/25,11,14,Cook
21863,1/20/23,NA,4,7,Cook
21865,1/1/22,NA,9,13,Fulton
21868,1/1/22,7/26/22,9,9,Cook
21869,1/1/22,7/5/24,12,14,Cook
21870,5/28/22,NA,10,14,DuPage
21871,1/2/24,NA,13,15,Winnebago
21875,7/13/24,NA,10,11,Will
21876,1/1/22,6/27/26,13,17,DuPage
21878,1/1/22,3/28/22,8,8,Cook
21879,10/6/22,NA,0,3,Pike
21882,1/19/23,NA,3,6,Sangamon
21885,11/9/25,NA,9,9,Lake
21886,8/26/22,NA,6,9,Cook
21887,4/3/22,12/2/24,6,8,Madison
21891,1/1/22,NA,9,13,Kane
21892,1/1/22,11/1/24,6,8,McLean
21893,12/5/23,NA,12,14,Sangamon
21896,1/26/25,NA,3,4,Kane
21897,11/27/23,1/30/24,10,10,Cook
21899,1/1/22,2/16/22,11,11,St. Clair
21901,1/1/22,12/23/22,11,11,Cook
21904,11/13/23,NA,11,13,Moultrie
21905,1/1/22,NA,9,13,Perry
21909,12/9/24,NA,5,6,Williamson
21912,4/10/26,NA,3,3,DuPage
21913,2/21/24,NA,2,4,Kane
21914,3/17/22,NA,1,5,DuPage
21915,11/5/25,NA,6,6,Piatt
21921,1/26/26,NA,16,16,Grundy
21922,7/2/25,NA,3,3,Champaign
21923,5/26/24,NA,11,13,Macon
21924,3/3/25,NA,7,8,Rock Island
21929,1/1/22,10/9/22,1,1,DuPage
21930,2/8/22,4/30/22,10,10,Woodford
21933,11/19/25,NA,7,7,Cook
21935,8/27/25,NA,15,15,Kane
21936,2/1/23,NA,9,12,DuPage
21937,1/1/22,5/18/24,1,3,Peoria
21938,7/9/24,NA,4,5,McHenry
21942,7/10/22,8/21/24,7,9,Lake
21948,1/1/22,4/3/24,2,4,Ogle
21949,1/1/22,12/8/22,1,1,Kane
21950,1/1/22,10/27/24,2,4,Grundy
21951,1/1/22,12/2/24,11,13,Will
21952,12/30/23,NA,15,17,McLean
21953,1/1/22,NA,0,4,DuPage
21954,1/1/22,7/16/24,12,14,DuPage
21957,1/1/22,NA,9,13,Massac
21959,2/16/26,NA,4,4,Jasper
21963,5/29/24,6/11/24,13,13,DuPage
21966,1/1/22,NA,4,8,McHenry
21967,4/1/25,NA,2,3,Lake
21972,11/6/22,2/15/25,12,14,Greene
21974,10/26/24,3/13/26,15,16,Livingston
21975,4/5/26,NA,2,2,Will
21976,1/1/22,NA,1,5,Will
21977,1/1/22,5/29/22,2,2,Lake
21979,1/1/22,NA,10,14,Macoupin
21980,9/18/23,NA,1,3,Bureau
21981,1/1/22,NA,12,16,DuPage
21985,1/28/23,5/25/23,7,7,Jackson
21986,1/1/22,3/1/26,9,13,Will
21987,1/19/23,NA,4,7,McHenry
21988,1/1/22,NA,5,9,Lake
21990,1/24/26,NA,1,1,Cook
21991,7/3/22,NA,10,13,Cook
21997,5/6/22,8/29/23,12,13,Cook
21998,1/1/22,2/26/24,14,16,Lake
21999,1/1/22,3/12/24,11,13,Kendall
22002,1/1/22,5/4/22,16,16,DuPage
22005,1/1/22,10/16/24,9,11,Lake
22007,1/1/22,NA,1,5,DeKalb
22015,1/1/22,4/1/24,13,15,Macon
22016,1/1/22,1/6/22,15,15,Lake
22017,9/6/22,4/9/23,16,16,Sangamon
22018,1/1/22,2/12/24,11,13,Will
22021,1/1/22,NA,10,14,Cook
22022,1/10/26,5/18/26,2,2,Cook
22024,2/22/23,8/15/23,13,13,Cook
22027,4/15/24,NA,9,11,Kane
22030,1/1/22,4/1/24,5,7,Richland
22031,1/1/22,8/31/24,12,14,Cook
22032,1/1/22,4/16/23,0,1,Champaign
22035,1/1/22,2/5/22,0,0,Cook
22036,5/27/25,NA,12,13,Marshall
22037,9/9/22,2/27/23,5,5,Carroll
22039,2/6/24,3/4/24,8,8,St. Clair
22041,1/1/22,NA,3,7,Kankakee
22042,6/16/25,NA,2,3,Lake
22043,1/1/22,NA,2,6,Rock Island
22044,1/1/22,5/29/25,5,8,Madison
22045,10/1/25,2/18/26,15,15,Cook
22046,1/1/22,NA,2,6,Will
22047,1/1/22,9/7/22,6,6,Sangamon
22049,4/8/22,4/15/22,14,14,Cook
22050,7/21/25,9/17/25,4,4,St. Clair
22055,10/19/24,NA,11,12,Grundy
22060,11/24/25,NA,9,9,Will
22063,1/9/26,NA,16,16,DuPage
22065,1/1/22,NA,13,17,Macon
22069,1/1/22,4/26/23,10,11,Lake
22071,7/3/24,NA,7,8,Knox
22072,1/1/22,4/9/22,17,17,McHenry
22074,5/25/22,3/13/24,12,13,Will
22076,1/1/22,11/23/22,6,6,Will
22079,1/14/25,NA,9,10,Clark
22082,11/4/22,NA,3,6,Madison
22083,12/17/25,12/21/25,6,6,Boone
22084,5/16/23,9/25/23,10,10,Lake
22085,1/1/22,NA,6,10,Monroe
22087,1/1/22,11/18/25,7,10,Cook
22089,3/28/23,9/27/23,10,10,Lake
22090,4/24/26,NA,0,0,Madison
22092,1/1/22,3/2/23,1,2,Lake
22093,6/28/25,NA,9,10,Cook
22094,11/4/24,NA,5,6,Cook
22098,1/10/22,NA,3,7,Madison
22102,3/16/22,11/9/22,14,14,Winnebago
22104,1/1/22,5/30/22,14,14,Lake
22106,1/1/22,NA,3,7,Kane
22107,1/1/22,9/26/24,14,16,Lake
22112,1/1/22,6/18/23,16,17,Will
22113,3/3/26,NA,4,4,Jackson
22114,10/8/25,NA,5,5,DuPage
22115,9/16/24,NA,5,6,Madison
22120,10/13/22,NA,12,15,Lake
22121,4/1/23,4/6/25,8,10,Kane
22122,6/19/26,NA,12,12,Pike
22125,1/1/22,NA,5,9,Kane
22128,1/1/22,5/11/22,0,0,Cook
22129,1/1/22,12/20/22,4,4,Clinton
22131,7/5/22,8/4/22,0,0,DuPage
22132,1/1/22,5/17/24,3,5,Jackson
22136,5/11/25,NA,9,10,Cook
22137,2/9/22,5/9/22,8,8,Cook
22140,1/1/22,4/10/23,3,4,Cook
22142,6/7/24,NA,1,3,Grundy
22143,1/1/22,6/8/26,3,7,Lake
22144,1/1/22,2/4/22,2,2,Coles
22147,1/1/22,6/11/26,7,11,DuPage
22148,12/23/24,NA,3,4,Lake
22150,1/1/22,11/5/23,0,1,DuPage
22151,10/19/23,1/2/24,10,10,Will
22152,1/1/22,11/13/23,9,10,Cook
22154,1/1/22,2/19/25,8,11,DeKalb
22155,9/21/23,3/5/26,11,13,Lake
22157,1/1/22,NA,3,7,Rock Island
22158,1/1/22,NA,2,6,Henry
22159,3/21/25,NA,12,13,Clinton
22160,1/1/22,1/20/25,1,4,Lake
22161,8/29/22,NA,8,11,Kane
22163,1/1/22,6/21/26,9,13,Cook
22164,6/11/25,7/17/25,10,10,Cook
22165,5/13/22,3/11/23,4,4,Cook
22166,5/6/22,7/26/22,8,8,Cook
22167,1/1/22,NA,9,13,Cook
22168,10/20/22,3/18/25,6,8,DuPage
22170,9/12/24,NA,14,15,Cook
22171,1/1/22,NA,9,13,Cook
22175,1/1/22,NA,2,6,Cook
22176,3/16/25,NA,15,16,Cook
22177,2/10/25,NA,1,2,Cook
22178,4/22/22,NA,10,14,Kane
22179,10/15/25,NA,15,15,Cook
22180,3/7/23,NA,1,4,Kendall
22181,1/1/22,3/28/22,14,14,Pike
22183,5/9/22,1/30/23,15,15,St. Clair
22184,1/1/22,2/24/24,2,4,Edgar
22185,1/1/22,NA,3,7,Marion
22186,12/21/22,NA,3,6,Henderson
22187,1/1/22,4/6/22,8,8,Cook
22188,2/15/24,3/2/24,4,4,LaSalle
22189,1/1/22,NA,0,4,St. Clair
22190,1/1/22,1/13/26,5,9,Lake
22191,1/1/22,NA,11,15,St. Clair
22193,4/3/25,10/26/25,8,8,Cook
22195,7/2/25,NA,13,13,Cook
22196,5/15/22,11/10/22,2,2,Cook
22198,11/20/25,NA,12,12,St. Clair
22199,1/1/22,11/28/24,2,4,DuPage
22203,1/1/22,2/23/25,12,15,DuPage
22206,1/1/22,NA,5,9,Marion
22208,1/1/22,7/9/23,10,11,Will
22209,1/18/23,6/26/23,8,8,Sangamon
22211,1/1/22,8/8/23,16,17,McLean
22212,1/1/22,9/12/22,14,14,Tazewell
22213,3/23/25,12/30/25,17,17,Will
22215,1/1/22,12/12/22,17,17,Lake
22216,5/4/25,NA,9,10,Will
22217,1/1/22,5/1/23,16,17,Cook
22219,4/9/25,NA,9,10,McHenry
22220,11/23/25,NA,6,6,McHenry
22223,1/1/22,3/30/23,9,10,Cook
22225,5/5/25,NA,9,10,Lake
22228,5/5/26,NA,15,15,DuPage
22230,9/12/24,NA,11,12,Lake
22233,5/29/22,NA,6,10,LaSalle
22234,7/8/24,NA,1,2,Mason
22235,11/9/23,NA,7,9,Will
22236,1/1/22,6/30/23,6,7,DeKalb
22239,5/16/24,NA,12,14,Piatt
22240,10/13/23,7/4/25,1,2,Lake
22242,1/1/22,2/1/22,14,14,Clinton
22244,1/1/22,2/26/23,3,4,Cook
22245,1/1/22,4/6/25,7,10,Madison
22247,1/1/22,NA,3,7,Lake
22248,3/4/25,NA,1,2,DuPage
22250,1/18/24,NA,9,11,Boone
22251,1/1/22,NA,0,4,Kane
22255,4/13/24,NA,9,11,McLean
22258,12/10/25,NA,7,7,Lake
22259,1/1/22,8/12/23,0,1,McHenry
22261,7/13/24,NA,13,14,Fulton
22262,5/15/25,NA,14,15,Grundy
22263,11/9/23,NA,3,5,Jasper
22268,1/1/22,12/28/22,14,14,Lake
22270,1/1/22,NA,5,9,Coles
22273,1/1/22,2/11/22,2,2,Lake
22274,1/1/22,9/4/23,7,8,Cook
22275,9/2/22,NA,1,4,Lake
22276,6/9/22,NA,2,6,Will
22277,1/1/22,NA,11,15,Kankakee
22279,1/1/22,8/7/22,14,14,Cook
22280,1/1/22,3/24/24,9,11,Lake
22281,4/1/26,NA,10,10,Lake
22283,7/25/22,1/12/24,0,1,Kankakee
22284,1/1/22,9/6/24,2,4,Will
22285,8/7/22,7/7/25,0,2,Cook
22287,1/1/22,4/29/22,13,13,Will
22289,2/9/24,NA,5,7,Cook
22290,5/27/26,6/17/26,14,14,Franklin
22291,10/13/24,NA,0,1,Kane
22292,1/1/22,4/17/23,8,9,Randolph
22294,1/1/22,8/18/22,8,8,Kankakee
22295,1/1/22,NA,7,11,McLean
22296,1/1/22,NA,1,5,DuPage
22297,9/15/24,NA,0,1,Kankakee
22298,7/18/25,NA,9,9,DuPage
22299,3/27/24,3/29/24,8,8,DuPage
22302,1/1/22,12/1/22,4,4,Cook
22304,5/10/25,NA,10,11,Lake
22305,5/8/22,5/16/22,16,16,McLean
22307,1/1/22,10/24/23,7,8,Tazewell
22308,5/20/26,NA,7,7,Cook
22313,1/1/22,6/5/23,10,11,Ford
22314,1/1/22,4/19/25,6,9,Winnebago
22316,1/1/22,8/5/25,10,13,Williamson
22318,1/1/22,1/21/23,0,1,Morgan
22319,1/1/22,12/10/25,12,15,Kane
22320,1/1/22,1/5/23,1,2,DuPage
22322,9/4/22,NA,10,13,Kankakee
22323,4/21/22,NA,1,5,Peoria
22324,1/1/22,1/19/22,9,9,Henry
22325,2/21/25,8/15/25,9,9,Lake
22326,10/9/25,NA,1,1,Whiteside
22327,8/20/23,NA,15,17,McLean
22328,1/1/22,3/7/26,0,4,Lake
22332,7/15/22,NA,3,6,Cook
22334,1/1/22,11/29/25,10,13,Kane
22335,1/1/22,2/17/24,5,7,Winnebago
22337,11/18/22,2/13/26,13,16,Cook
22340,1/1/22,NA,1,5,Jefferson
22343,1/1/22,5/15/23,2,3,Cook
22344,1/1/22,2/11/26,0,4,Piatt
22346,1/1/22,8/10/23,8,9,Cook
22347,3/2/22,NA,10,14,Cook
22348,1/1/22,4/9/23,7,8,Will
22349,4/2/23,4/3/26,8,11,Kendall
22351,1/1/22,10/11/24,14,16,Lake
22353,2/2/25,NA,3,4,DuPage
22354,4/27/23,NA,10,13,Kendall
22355,7/28/25,NA,8,8,St. Clair
22360,2/25/24,4/17/24,0,0,Rock Island
22361,1/1/22,12/24/23,2,3,Lake
22365,12/20/23,4/3/24,1,1,Cook
22366,7/5/22,11/5/22,15,15,Lake
22369,1/1/22,NA,5,9,DuPage
22371,7/25/22,7/25/24,8,10,Sangamon
22372,1/1/22,12/5/23,14,15,Kane
22373,4/12/24,NA,8,10,Kankakee
22375,1/1/22,5/16/25,12,15,Will
22376,1/1/22,6/11/26,11,15,McHenry
22378,1/1/22,8/26/23,0,1,Winnebago
22379,1/1/22,10/8/24,12,14,Madison
22380,1/4/22,5/26/25,9,12,Cook
22383,5/29/22,NA,8,12,McLean
22384,1/1/22,NA,3,7,DuPage
22386,1/1/22,NA,5,9,McHenry
22391,6/16/23,5/22/26,3,5,Kendall
22393,1/1/22,NA,11,15,Will
22394,1/1/22,NA,4,8,Sangamon
22395,1/1/22,NA,5,9,Vermilion
22398,3/11/26,4/2/26,15,15,Lake
22399,1/1/22,6/17/23,7,8,Peoria
22400,1/1/22,4/18/24,5,7,Montgomery
22401,3/24/26,NA,11,11,LaSalle
22402,7/21/25,3/6/26,13,13,Crawford
22403,6/18/24,NA,5,7,Knox
22406,1/1/22,6/28/22,1,1,Cook
22407,9/16/25,10/15/25,14,14,Kendall
22410,11/12/22,10/12/25,7,9,DeKalb
22412,1/1/22,NA,5,9,Lake
22413,6/19/26,NA,5,5,Whiteside
22418,1/1/22,NA,6,10,Cook
22420,6/14/22,NA,3,7,Will
22421,7/23/25,NA,5,5,DuPage
22422,1/1/22,NA,3,7,Kane
22423,11/30/23,NA,7,9,Cook
22424,4/1/24,NA,13,15,Richland
22428,4/17/26,NA,8,8,Lake
22429,1/1/22,6/11/23,15,16,Tazewell
22430,7/25/24,NA,14,15,DuPage
22431,1/14/25,NA,8,9,Will
22432,1/9/23,NA,8,11,Lake
22433,2/14/22,3/23/23,16,17,Kendall
22434,3/23/24,6/6/26,6,8,Cook
22436,4/23/22,NA,7,11,Lake
22437,4/7/22,NA,7,11,DuPage
22440,11/29/22,7/31/25,12,14,Tazewell
22441,1/1/22,NA,9,13,McLean
22442,4/21/24,NA,12,14,Peoria
22444,3/5/25,3/19/25,3,3,Kane
22446,4/3/24,NA,9,11,Alexander
22447,1/1/22,8/26/22,5,5,DuPage
22449,1/1/22,9/8/25,10,13,Lake
22450,1/1/22,11/17/23,6,7,Whiteside
22455,12/24/24,NA,2,3,Lake
22456,1/1/22,NA,4,8,Cook
22458,1/1/22,NA,4,8,Cook
22460,1/1/22,NA,11,15,Madison
22461,1/1/22,8/8/23,15,16,Jackson
22462,1/1/22,8/26/23,2,3,Douglas
22463,6/29/22,NA,10,14,Will
22469,1/1/22,NA,8,12,DuPage
22471,1/28/22,1/30/26,2,6,Cook
22472,1/1/22,2/17/24,6,8,McLean
22474,8/30/22,NA,4,7,Cook
22476,1/1/22,1/11/25,3,6,DuPage
22477,1/1/22,NA,2,6,Will
22478,1/1/22,6/3/22,13,13,Will
22479,4/9/24,NA,14,16,DuPage
22482,2/22/24,NA,8,10,Macon
22483,1/1/22,NA,11,15,DuPage
22484,1/1/22,NA,6,10,Cook
22485,7/25/24,NA,9,10,Cook
22487,1/1/22,5/28/23,0,1,DuPage
22488,12/2/23,NA,5,7,Cook
22494,9/8/25,NA,11,11,St. Clair
22497,3/16/22,NA,6,10,Will
22498,1/1/22,NA,2,6,Winnebago
22500,1/1/22,2/20/24,5,7,Cook
22504,1/1/22,NA,7,11,Macon
22507,1/1/22,5/24/23,16,17,Cook
22510,5/13/24,NA,0,2,Franklin
22511,1/1/22,3/6/25,9,12,Cook
22512,10/29/24,12/3/24,5,5,LaSalle
22513,11/22/24,1/2/25,1,1,Cook
22516,3/7/22,NA,1,5,Cook
22517,1/1/22,NA,9,13,Cook
22520,1/1/22,3/26/22,5,5,Kane
22525,9/12/24,NA,14,15,Winnebago
22526,1/1/22,NA,10,14,DuPage
22528,8/18/23,NA,9,11,Will
22530,1/1/22,2/3/23,13,14,Will
22531,8/19/22,NA,1,4,DuPage
22534,11/21/25,NA,4,4,Vermilion
22535,3/24/24,8/4/24,0,0,Monroe
22536,1/1/22,NA,5,9,McHenry
22537,12/17/25,NA,3,3,DuPage
22538,1/1/22,NA,7,11,Kane
22542,1/1/22,6/3/25,14,17,Winnebago
22546,9/14/22,NA,2,5,Will
22547,1/1/22,5/7/25,13,16,McHenry
22548,6/19/26,NA,17,17,Winnebago
22551,1/1/22,NA,6,10,Knox
22553,1/8/26,NA,2,2,Cook
22555,1/1/22,NA,7,11,Grundy
22556,1/1/22,NA,11,15,DuPage
22558,2/6/24,7/5/24,4,4,Williamson
22559,1/1/22,6/10/23,0,1,Jersey
22560,1/1/22,NA,4,8,Cook
22561,3/19/25,NA,15,16,Rock Island
22562,1/1/22,7/7/25,6,9,Kane
22563,2/24/26,NA,0,0,Cook
22564,1/1/22,NA,3,7,DuPage
22565,11/21/25,NA,0,0,Cook
22568,1/1/22,NA,6,10,Cook
22569,1/1/22,7/5/23,12,13,Cook
22570,8/28/23,NA,6,8,McHenry
22573,1/1/22,3/11/26,7,11,Champaign
22576,1/1/22,NA,0,4,McLean
22577,1/1/22,NA,12,16,Winnebago
22579,12/16/25,NA,8,8,Cook
22581,1/1/22,NA,12,16,DuPage
22582,1/1/22,10/16/23,9,10,Shelby
22585,1/1/22,11/22/22,17,17,DuPage
22586,1/21/22,NA,3,7,Cook
22587,10/11/25,NA,6,6,Boone
22589,6/21/22,3/9/23,4,4,Whiteside
22590,7/15/25,NA,4,4,Lake
22592,1/1/22,3/22/22,14,14,Madison
22593,1/1/22,NA,7,11,Will
22594,7/31/22,12/4/23,7,8,Cook
22595,4/17/22,6/29/22,9,9,McLean
22596,1/1/22,NA,3,7,Williamson
22597,1/1/22,NA,8,12,Lake
22599,1/1/22,NA,0,4,Lake
22600,1/1/22,6/26/26,13,17,Cook
22602,7/19/23,NA,3,5,Cook
22607,1/1/22,4/5/25,9,12,DuPage
22608,6/30/23,NA,3,6,Cook
22609,1/1/22,NA,10,14,Cook
22610,1/1/22,9/6/22,0,0,Kane
22613,3/10/23,10/12/25,5,7,Madison
22614,1/1/22,12/14/23,8,9,DuPage
22616,1/1/22,10/30/23,7,8,Effingham
22617,9/30/23,NA,10,12,DuPage
22618,1/1/22,11/17/24,10,12,Kane
22619,1/1/22,NA,6,10,Winnebago
22624,8/16/25,NA,12,12,Macon
22626,1/1/22,NA,7,11,Lake
22629,1/1/22,1/30/24,4,6,DuPage
22635,1/1/22,5/22/22,8,8,Kane
22637,5/16/26,NA,10,10,Lake
22638,4/13/23,NA,8,11,Kane
22641,5/14/24,NA,13,15,Lake
22643,1/1/22,NA,10,14,Fayette
22646,1/1/22,7/5/23,11,12,Cook
22647,1/1/22,2/13/25,4,7,DuPage
22648,10/15/24,NA,8,9,Will
22649,1/1/22,1/25/22,5,5,Madison
22652,1/1/22,NA,11,15,Madison
22653,12/7/22,NA,13,16,Cook
22656,11/23/24,NA,13,14,Sangamon
22657,1/1/22,1/16/23,6,7,DuPage
22658,1/1/22,NA,9,13,Livingston
22665,6/7/24,7/20/24,7,7,Will
22667,1/1/22,NA,4,8,Cook
22671,2/25/26,NA,12,12,DuPage
22672,6/4/25,NA,5,6,Rock Island
22674,1/1/22,NA,12,16,Will
22678,1/1/22,NA,13,17,Peoria
22680,4/10/23,NA,4,7,DuPage
22681,1/1/22,8/8/23,16,17,Lake
22682,4/12/25,12/28/25,12,12,Rock Island
22683,2/2/23,4/15/26,14,17,Champaign
22684,1/1/22,NA,12,16,Cook
22687,1/1/22,3/18/24,7,9,Cook
22688,1/1/22,NA,10,14,Will
22690,1/1/22,8/28/23,12,13,Kane
22691,12/11/25,3/10/26,2,2,Cook
22694,5/2/26,NA,10,10,Cook
22696,12/17/22,NA,10,13,Cook
22698,11/23/25,NA,16,16,McHenry
22700,4/26/22,NA,7,11,Champaign
22701,1/1/22,NA,8,12,Fayette
22706,1/1/22,2/23/25,13,16,Will
22707,5/14/22,NA,10,14,Iroquois
22709,1/1/22,12/23/24,4,6,Lake
22710,3/22/25,NA,8,9,Cook
22713,1/1/22,8/31/24,10,12,Cook
22714,1/1/22,NA,5,9,Kendall
22715,1/1/22,7/11/25,2,5,Edgar
22717,1/1/22,11/18/22,12,12,Lake
22718,11/29/25,4/14/26,12,12,Lake
22721,5/20/23,9/27/25,4,6,Will
22722,9/2/23,10/1/23,7,7,Randolph
22723,1/1/22,6/12/25,7,10,Cook
22724,1/1/22,3/4/22,12,12,Cook
22725,5/28/25,NA,2,3,McLean
22726,1/1/22,5/14/22,4,4,Cook
22728,1/4/25,NA,9,10,DuPage
22729,2/19/22,8/20/22,14,14,Ogle
22730,6/20/24,NA,14,16,McLean
22731,1/1/22,NA,12,16,DuPage
22732,1/1/22,NA,9,13,Lake
22734,9/22/24,4/26/26,7,8,Will
22736,1/1/22,NA,3,7,Cook
22737,7/14/25,NA,9,9,Kane
22738,7/17/25,8/24/25,2,2,McHenry
22742,1/1/22,1/1/25,9,12,Lake
22743,1/1/22,12/28/23,12,13,Champaign
22746,1/1/22,10/31/22,17,17,Morgan
22750,1/1/22,NA,11,15,Will
22752,1/1/22,4/8/26,3,7,Lake
22753,1/1/22,NA,5,9,Kendall
22754,1/1/22,4/20/26,6,10,DuPage
22759,11/25/24,NA,0,1,DuPage
22760,5/14/23,9/7/23,9,9,Cook
22761,1/1/22,1/3/23,3,4,Marion
22762,1/17/25,6/15/25,15,15,Washington
22763,11/19/22,5/28/24,6,7,Lake
22766,1/1/22,NA,9,13,Will
22768,1/1/22,12/15/24,10,12,DuPage
22769,11/20/25,NA,13,13,Cook
22772,1/1/22,NA,8,12,Grundy
22774,1/1/22,NA,11,15,Lake
22776,10/17/23,NA,12,14,Knox
22777,1/1/22,4/20/26,10,14,McHenry
22778,2/23/23,NA,0,3,Sangamon
22781,1/1/22,NA,11,15,Cook
22782,5/9/26,NA,3,3,Kane
22783,1/1/22,NA,9,13,Cook
22785,1/1/22,NA,9,13,Jo Daviess
22786,1/1/22,NA,0,4,Lake
22787,1/1/22,NA,13,17,Cook
22791,4/5/24,NA,13,15,Kane
22797,3/7/23,5/26/25,9,11,Henry
22799,3/21/22,8/29/23,3,4,Cook
22802,7/12/24,8/17/24,9,9,Hancock
22803,2/28/25,NA,12,13,Ogle
22807,7/18/23,NA,12,14,Will
22809,1/1/22,5/1/23,10,11,Boone
22812,1/1/22,11/16/22,3,3,Champaign
22813,1/1/22,NA,4,8,Pulaski
22815,10/1/22,4/16/26,12,15,Champaign
22816,1/1/22,5/9/22,14,14,Will
22818,3/2/22,12/26/24,5,7,Clinton
22819,11/12/22,11/26/22,15,15,Cook
22820,2/25/26,NA,5,5,Cook
22821,11/12/25,NA,6,6,Cook
22823,1/1/22,NA,12,16,Tazewell
22824,4/15/23,NA,0,3,St. Clair
22827,1/1/22,5/3/23,13,14,Cook
22829,1/1/22,NA,9,13,Fulton
22830,1/1/22,5/7/23,2,3,Ford
22832,10/3/22,10/7/22,12,12,Tazewell
22833,1/1/22,NA,1,5,DuPage
22834,1/1/22,7/18/22,8,8,Will
22835,8/14/24,NA,3,4,Lake
22839,1/1/22,5/21/24,2,4,Cook
22841,11/25/25,NA,0,0,Kane
22843,2/11/25,NA,7,8,DuPage
22844,1/1/22,1/11/22,13,13,Cook
22847,1/1/22,4/24/26,11,15,Cook
22848,1/1/22,NA,0,4,Lake
22849,1/1/22,5/31/22,17,17,DuPage
22853,1/1/22,1/22/23,3,4,Will
22854,1/1/22,NA,10,14,Lake
22855,5/9/22,10/7/24,13,15,Lake
22856,1/1/22,9/18/22,13,13,Cook
22857,1/1/22,5/15/22,3,3,Massac
22859,9/20/23,NA,15,17,Kane
22863,9/26/25,NA,17,17,Cook
22865,1/13/26,NA,8,8,Will
22866,1/1/22,1/19/23,13,14,Will
22868,1/1/22,2/19/25,0,3,Will
22870,1/1/22,8/19/22,11,11,Macoupin
22871,1/1/22,3/22/23,16,17,Cook
22872,1/1/22,3/11/25,6,9,Cook
22873,5/24/25,NA,7,8,Cook
22875,1/1/22,5/13/24,12,14,Lake
22879,1/1/22,11/7/24,15,17,Cook
22880,3/11/26,NA,0,0,Clark
22881,4/18/23,NA,5,8,Cook
22883,12/28/24,NA,8,9,Cook
22884,1/1/22,12/12/25,9,12,Will
22885,1/1/22,5/2/23,0,1,Cook
22889,7/11/22,2/11/26,11,14,Lake
22891,1/1/22,NA,8,12,Cook
22892,1/1/22,12/27/22,0,0,DuPage
22896,4/21/23,5/8/23,0,0,Rock Island
22897,5/14/24,2/21/26,8,9,DuPage
22898,1/1/22,12/28/24,5,7,Cook
22900,10/20/22,NA,14,17,Cook
22901,1/1/22,3/18/23,5,6,Madison
22903,1/1/22,NA,3,7,DuPage
22904,5/21/22,7/24/22,7,7,DuPage
22906,2/3/26,NA,17,17,Cook
22907,1/1/22,NA,12,16,Lake
22908,1/1/22,2/19/22,9,9,Winnebago
22910,1/1/22,4/12/22,15,15,DeKalb
22911,11/22/24,NA,16,17,Randolph
22913,1/1/22,NA,3,7,Kane
22914,1/4/22,1/17/26,8,12,Winnebago
22915,3/17/24,NA,6,8,Cook
22917,1/1/22,8/3/22,13,13,Livingston
22919,1/1/22,1/27/26,8,12,DuPage
22922,1/1/22,10/22/23,15,16,DuPage
22923,3/14/24,NA,3,5,Peoria
22927,1/1/22,NA,10,14,Cook
22928,1/1/22,2/11/25,10,13,Mercer
22929,1/1/22,12/26/22,11,11,Adams
22936,1/16/23,NA,7,10,Cook
22939,1/1/22,7/2/23,3,4,Cook
22941,1/1/22,1/9/22,13,13,Lake
22943,10/26/25,NA,8,8,Cook
22945,12/24/23,NA,4,6,Will
22946,5/6/23,NA,4,7,Kankakee
22949,1/1/22,NA,12,16,Cook
22950,2/18/24,7/10/24,15,15,Lake
22952,1/1/22,2/19/23,1,2,Cook
22953,12/4/22,NA,13,16,Cook
22955,1/1/22,NA,3,7,Richland
22957,1/1/22,9/21/25,8,11,Madison
22960,12/22/22,3/28/25,5,7,Montgomery
22961,7/15/22,6/23/25,10,12,Kane
22963,12/15/25,1/25/26,1,1,Cook
22965,1/1/22,4/27/25,12,15,Whiteside
22967,2/21/22,NA,1,5,Cook
22968,4/26/26,NA,12,12,Tazewell
22969,6/24/24,NA,5,7,Lake
22970,11/2/23,2/8/24,2,2,Cook
22971,2/23/25,NA,14,15,Winnebago
22980,9/2/22,NA,1,4,McHenry
22981,1/1/22,6/4/26,2,6,Lake
22983,1/27/22,NA,10,14,DeKalb
22986,10/18/22,NA,2,5,Henry
22987,3/20/22,5/25/26,11,15,Cass
22992,3/17/24,9/26/24,13,13,Lake
22993,12/27/24,NA,12,13,DuPage
22997,11/9/22,NA,3,6,Cook
23001,1/1/22,NA,4,8,Wabash
23004,10/20/23,NA,13,15,McDonough
23005,1/1/22,NA,4,8,Saline
23007,7/22/24,NA,10,11,Lake
23010,8/7/25,10/24/25,15,15,Kankakee
23011,1/1/22,3/4/25,14,17,Lake
23012,6/8/25,6/13/25,14,14,Cook
23013,1/1/22,7/17/23,11,12,Lake
23014,1/1/22,12/16/22,17,17,Union
23018,1/1/22,NA,4,8,Will
23019,12/24/25,NA,16,16,Madison
23021,1/1/22,3/1/26,9,13,Cook
23022,1/9/26,2/12/26,5,5,Will
23023,1/1/22,5/26/24,6,8,Sangamon
23024,1/1/22,3/25/23,7,8,Will
23026,1/1/22,10/20/25,7,10,Peoria
23027,1/1/22,NA,0,4,Kane
23028,1/1/22,NA,1,5,Rock Island
23030,5/23/23,2/4/24,1,1,Champaign
23032,1/1/22,9/17/23,9,10,DuPage
23033,1/1/22,5/6/24,8,10,St. Clair
23034,10/16/24,NA,16,17,Kane
23035,1/1/22,5/10/26,5,9,Macoupin
23037,3/25/22,NA,0,4,Cook
23038,1/1/22,NA,9,13,Lake
23041,1/1/22,9/14/22,13,13,McLean
23043,5/4/23,NA,9,12,Cook
23044,10/13/25,NA,17,17,Cook
23045,1/1/22,NA,6,10,McLean
23047,1/1/22,8/14/25,10,13,Livingston
23048,7/9/22,11/4/22,8,8,Will
23049,1/1/22,3/31/23,3,4,Cook
23051,1/1/22,NA,2,6,Sangamon
23053,1/1/22,2/13/24,6,8,Cook
23055,3/26/24,NA,4,6,McHenry
23056,1/1/22,12/23/23,9,10,Kane
23058,11/22/22,5/7/25,3,5,Cook
23060,2/27/23,NA,0,3,Cook
23061,2/23/24,6/25/24,3,3,Cook
23066,4/7/22,NA,12,16,Cook
23070,1/1/22,1/7/24,11,13,DuPage
23072,7/22/22,NA,10,13,Macon
23075,2/11/26,NA,11,11,Cook
23078,3/1/22,NA,10,14,Mercer
23079,1/27/22,4/7/24,13,15,Will
23080,1/1/22,6/13/22,3,3,Lake
23081,1/1/22,10/14/23,0,1,Will
23082,12/17/22,4/17/23,14,14,Adams
23083,1/1/22,4/22/22,0,0,Cook
23086,11/5/24,3/28/25,11,11,Cook
23088,2/19/22,5/22/22,9,9,Logan
23089,12/28/23,NA,7,9,Union
23091,12/4/23,1/26/24,7,7,Lake
23093,1/1/22,NA,13,17,Will
23094,7/27/22,6/7/23,14,14,Lake
23095,1/30/24,NA,4,6,Cook
23097,1/1/22,NA,4,8,Sangamon
23098,1/22/23,NA,3,6,Winnebago
23099,1/1/22,NA,12,16,Will
23100,8/26/25,NA,5,5,Cook
23101,1/1/22,3/19/25,9,12,Rock Island
23103,4/16/24,NA,11,13,Will
23107,1/1/22,3/31/24,14,16,Cook
23108,4/27/22,NA,6,10,Kane
23109,1/1/22,10/4/22,10,10,Lake
23115,1/1/22,8/31/23,11,12,Macoupin
23117,1/1/22,NA,7,11,Henry
23119,1/1/22,1/19/22,13,13,DuPage
23123,3/15/25,NA,1,2,DuPage
23124,11/17/23,NA,8,10,DuPage
23125,1/1/22,10/22/22,8,8,Will
23126,9/21/24,NA,6,7,Kane
23130,1/1/22,3/20/25,14,17,Will
23131,3/31/23,NA,10,13,Tazewell
23132,1/1/22,10/8/24,13,15,Cook
23135,1/1/22,1/26/24,1,3,Carroll
23141,1/1/22,10/14/22,13,13,McLean
23146,4/20/26,NA,0,0,Jo Daviess
23148,1/1/22,5/1/22,6,6,Will
23149,12/7/22,1/23/26,4,7,Adams
23150,12/21/25,6/25/26,5,5,Carroll
23151,1/1/22,NA,6,10,Cook
23152,1/1/22,10/23/23,12,13,Cook
23155,3/30/26,NA,6,6,Williamson
23156,1/1/22,NA,9,13,McHenry
23157,5/11/25,5/19/25,6,6,Kankakee
23158,2/12/22,5/7/24,0,2,Peoria
23161,9/3/24,NA,12,13,DuPage
23162,1/1/22,NA,3,7,DuPage
23163,1/1/22,4/1/23,14,15,DuPage
23164,1/1/22,NA,9,13,Cook
23165,1/1/22,1/26/23,13,14,Cook
23166,1/1/22,1/13/24,4,6,Kane
23167,1/1/22,NA,3,7,Will
23169,1/1/22,NA,8,12,DuPage
23171,12/30/25,NA,4,4,Will
23175,1/1/22,12/4/24,13,15,Will
23176,1/1/22,NA,7,11,Cook
23177,1/1/22,10/9/25,5,8,Lake
23180,1/1/22,3/9/23,8,9,Cook
23185,9/27/22,3/20/24,16,17,Lake
23186,8/22/25,NA,3,3,Kane
23189,2/5/22,1/17/25,10,12,Cook
23190,1/1/22,7/30/25,0,3,Cook
23196,1/1/22,NA,8,12,DuPage
23199,1/1/22,9/26/24,14,16,Lake
23200,1/1/22,2/24/24,15,17,Cook
23201,1/17/24,4/2/24,1,1,Whiteside
23203,1/1/22,9/27/22,5,5,DuPage
23205,5/30/23,NA,8,11,DuPage
23206,1/1/22,NA,2,6,Madison
23207,1/1/22,11/27/22,14,14,Kane
23208,1/1/22,8/16/24,7,9,Cook
23209,11/5/22,NA,4,7,Rock Island
23211,5/8/22,NA,11,15,Lake
23215,7/3/24,NA,14,15,Cook
23216,12/8/25,NA,16,16,Tazewell
23221,3/11/22,NA,8,12,Woodford
23223,4/21/24,NA,11,13,Logan
23224,1/1/22,6/2/23,14,15,Vermilion
23227,5/1/23,NA,3,6,Will
23229,9/25/25,NA,3,3,Marion
23230,1/1/22,1/28/24,7,9,DuPage
23231,1/1/22,11/27/24,13,15,DuPage
23234,1/20/26,NA,5,5,St. Clair
23235,1/1/22,NA,1,5,Cook
23239,3/2/22,10/8/24,6,8,Will
23240,1/1/22,6/27/25,12,15,St. Clair
23242,8/21/24,NA,10,11,Champaign
23248,3/26/25,NA,11,12,Rock Island
23250,12/21/24,NA,0,1,Bond
23254,7/6/23,6/29/25,0,1,Henderson
23258,1/1/22,NA,12,16,Lake
23259,1/1/22,NA,7,11,Hancock
23260,6/10/22,2/12/26,9,12,Kane
23262,10/5/22,5/23/25,1,3,DuPage
23267,4/30/24,NA,15,17,Cook
23270,1/1/22,1/7/25,0,3,Cook
23273,1/1/22,NA,4,8,Cook
23274,11/8/25,NA,11,11,Rock Island
23276,5/22/26,NA,4,4,DuPage
23277,1/1/22,4/8/24,15,17,Pike
23278,8/22/23,NA,4,6,Lake
23279,1/1/22,NA,11,15,Cook
23281,9/20/22,5/10/25,12,14,Cook
23282,2/22/25,NA,1,2,Cook
23283,3/24/22,9/10/25,5,8,Monroe
23284,12/24/24,NA,10,11,Edgar
23285,7/31/23,NA,7,9,Cook
23287,12/8/23,NA,14,16,Washington
23288,9/13/24,NA,9,10,DuPage
23290,6/28/25,9/1/25,10,10,Kane
23291,9/9/23,NA,14,16,Cook
23292,8/26/23,NA,15,17,Cook
23293,3/17/23,NA,3,6,Lake
23294,6/9/22,3/27/23,13,13,DuPage
23297,10/14/22,2/16/23,8,8,Lake
23298,11/21/24,5/3/26,12,13,Coles
23302,12/16/23,1/6/24,4,4,Champaign
23304,1/1/22,4/1/23,0,1,Clay
23305,6/4/22,NA,11,15,Cook
23306,7/5/25,NA,10,10,Will
23307,8/3/25,NA,9,9,Lake
23311,1/1/22,NA,10,14,DuPage
23312,1/1/22,11/5/25,8,11,DuPage
23313,6/9/25,9/1/25,11,11,McHenry
23314,11/27/22,NA,9,12,Grundy
23315,2/5/25,NA,8,9,Kane
23317,6/14/22,NA,8,12,Cook
23320,9/21/23,NA,2,4,Cook
23321,10/1/23,4/6/26,9,11,Cook
23322,3/2/24,NA,3,5,Champaign
23323,10/23/24,10/4/25,3,3,Edgar
23325,1/1/22,3/8/22,17,17,Fulton
23328,3/29/22,NA,8,12,Lake
23330,8/1/24,NA,2,3,Will
23331,6/22/23,7/23/25,11,13,LaSalle
23332,1/1/22,6/8/26,11,15,Rock Island
23333,9/29/25,NA,8,8,Will
23335,1/1/22,NA,1,5,Kane
23336,10/21/24,3/11/26,9,10,Hancock
23338,5/22/22,3/13/25,7,9,Madison
23339,1/1/22,NA,6,10,Lake
23340,1/1/22,7/15/22,0,0,Lake
23341,1/1/22,10/27/23,10,11,Cook
23342,4/15/23,2/16/25,4,5,Clinton
23343,1/1/22,9/25/25,12,15,Menard
23344,11/27/24,NA,9,10,Kane
23345,6/30/24,NA,13,15,Livingston
23346,1/1/22,NA,7,11,DuPage
23347,1/1/22,NA,0,4,Madison
23348,6/3/23,7/21/23,3,3,Rock Island
23349,1/1/22,NA,2,6,Lake
23350,2/26/26,6/26/26,14,14,Adams
23351,1/1/22,NA,8,12,Kane
23352,1/1/22,NA,4,8,Will
23354,10/20/24,NA,6,7,Cook
23358,3/25/22,2/12/23,4,4,Cook
23359,5/24/26,NA,17,17,Randolph
23360,1/1/22,12/28/22,6,6,Shelby
23361,1/1/22,2/17/24,15,17,Will
23365,6/16/22,NA,12,16,Cook
23366,1/1/22,8/7/22,15,15,Ogle
23369,11/27/25,NA,12,12,Lake
23371,1/1/22,NA,12,16,Will
23372,1/1/22,9/1/25,7,10,Jersey
23374,3/26/23,NA,9,12,Kane
23376,1/1/22,NA,13,17,Cook
23377,11/9/23,NA,3,5,Effingham
23380,8/14/22,4/4/24,6,7,Cook
23381,1/1/22,NA,6,10,DuPage
23387,1/1/22,NA,6,10,Cook
23389,1/1/22,1/31/24,0,2,Cook
23394,9/16/24,NA,2,3,Cook
23397,1/1/22,8/16/25,6,9,Kane
23398,8/29/25,11/4/25,7,7,Ogle
23400,1/1/22,NA,7,11,Cook
23401,1/1/22,NA,11,15,Franklin
23403,1/3/25,2/7/25,14,14,Jackson
23404,11/20/23,NA,5,7,St. Clair
23405,6/4/23,1/12/25,13,14,Winnebago
23406,1/1/22,NA,9,13,DuPage
23407,1/1/22,1/23/25,13,16,Cook
23408,4/27/26,NA,15,15,DuPage
23409,1/1/22,3/8/22,2,2,Kane
23412,1/1/22,1/15/25,5,8,DuPage
23413,4/21/26,NA,0,0,Lake
23415,1/10/26,NA,13,13,DuPage
23418,1/1/22,2/12/22,1,1,Lake
23419,1/1/22,1/3/23,13,14,Madison
23420,7/26/24,NA,3,4,Cook
23421,1/1/22,4/8/25,4,7,Vermilion
23424,9/27/25,NA,7,7,Cook
23427,2/26/23,4/24/23,5,5,DuPage
23428,2/10/24,NA,7,9,Winnebago
23431,1/1/22,4/30/24,11,13,McHenry
23433,1/1/22,9/30/23,10,11,Adams
23434,12/31/25,4/15/26,17,17,Cook
23435,4/19/25,NA,14,15,Franklin
23441,1/1/22,1/4/23,4,5,Will
23443,11/17/24,3/6/25,1,1,DuPage
23445,4/29/23,4/11/24,17,17,Cook
23446,2/16/26,NA,13,13,McHenry
23447,8/14/22,11/29/25,7,10,Ogle
23451,1/1/22,4/11/22,7,7,Winnebago
23453,10/28/23,11/10/23,6,6,Macoupin
23454,3/10/22,9/24/24,15,17,Cook
23455,7/11/23,2/22/26,4,6,Cook
23456,1/1/22,4/22/22,9,9,Cook
23457,6/20/25,6/28/25,1,1,Vermilion
23458,1/1/22,11/23/23,7,8,DuPage
23459,12/22/24,NA,5,6,DuPage
23460,1/1/22,1/2/23,14,15,Cook
23464,1/1/22,5/10/26,2,6,Lake
23468,5/3/24,3/13/26,1,2,Macoupin
23469,12/10/22,NA,0,3,Tazewell
23471,1/1/22,NA,7,11,Kane
23473,12/23/23,12/5/25,7,8,Sangamon
23474,1/1/22,NA,1,5,DeKalb
23475,3/25/23,9/13/23,0,0,Cook
23478,7/28/25,NA,10,10,DuPage
23480,11/3/24,3/16/25,3,3,McHenry
23481,12/12/24,NA,5,6,Cook
23487,2/25/24,NA,15,17,DuPage
23488,1/1/22,6/29/25,3,6,Cook
23489,10/5/24,NA,11,12,Franklin
23491,1/1/22,11/14/23,5,6,Kankakee
23495,11/13/24,NA,11,12,Cook
23496,1/1/22,11/1/23,4,5,McHenry
23497,1/1/22,NA,3,7,Macon
23501,1/1/22,2/9/23,5,6,Will
23511,1/1/22,3/29/23,9,10,Fulton
23512,1/1/22,11/11/23,1,2,Lake
23513,1/25/23,NA,5,8,Cook
23514,9/30/25,NA,16,16,Kankakee
23515,1/1/22,NA,12,16,Rock Island
23518,1/31/25,NA,13,14,Lake
23519,7/15/22,NA,14,17,Lake
23521,1/1/22,1/27/22,11,11,DuPage
23522,7/7/24,NA,7,8,Kane
23524,11/17/25,NA,9,9,DuPage
23525,9/20/25,NA,5,5,Lake
23527,1/1/22,2/25/23,2,3,DuPage
23528,1/1/22,5/19/25,10,13,Sangamon
23529,10/15/25,NA,8,8,Cook
23530,1/1/22,NA,3,7,Williamson
23531,1/1/22,5/5/24,15,17,Lee
23536,1/1/22,8/11/24,7,9,Champaign
23537,7/3/23,NA,9,11,Cook
23538,1/1/22,3/27/25,9,12,Will
23541,1/16/25,NA,13,14,DuPage
23542,1/1/22,NA,9,13,DuPage
23545,1/1/22,NA,10,14,Cook
23547,1/1/22,7/2/25,8,11,Lake
23548,1/1/22,NA,9,13,Sangamon
23552,7/24/23,NA,0,2,Lake
23553,1/1/22,3/28/23,6,7,McLean
23556,1/1/22,4/6/22,0,0,Kane
23561,10/23/25,NA,13,13,Madison
23563,1/1/22,NA,10,14,Cook
23564,4/13/23,5/22/26,8,11,Adams
23565,1/3/25,NA,7,8,Champaign
23566,5/6/23,6/5/25,7,9,Cook
23568,1/1/22,3/5/23,10,11,Cook
23571,9/30/24,NA,1,2,Kane
23572,5/12/25,NA,9,10,Cook
23574,5/15/24,NA,9,11,DuPage
23575,1/1/22,NA,4,8,Kane
23576,1/1/22,3/13/24,9,11,Cook
23577,1/1/22,3/27/22,13,13,Winnebago
23578,3/12/22,NA,1,5,Will
23579,1/19/25,NA,4,5,Jackson
23580,10/10/25,NA,16,16,DuPage
23582,6/20/25,NA,10,11,Peoria
23583,1/1/22,11/11/24,11,13,Saline
23584,1/1/22,2/20/23,15,16,Kane
23585,4/1/25,NA,7,8,Pike
23589,1/1/22,12/9/24,12,14,Sangamon
23593,1/1/22,3/7/23,11,12,Massac
23594,1/1/22,1/16/25,2,5,Cook
23596,4/9/26,NA,1,1,LaSalle
23600,8/12/23,NA,12,14,Cook
23601,1/12/24,NA,8,10,DuPage
23604,1/1/22,2/6/25,13,16,Cook
23606,1/1/22,7/25/22,2,2,Sangamon
23607,4/11/26,5/13/26,6,6,Will
23608,1/1/22,5/21/23,15,16,LaSalle
23609,5/23/25,NA,1,2,Sangamon
23611,1/1/22,NA,4,8,Henry
23612,2/19/23,5/12/24,16,17,Vermilion
23613,12/1/25,NA,17,17,DeKalb
23614,1/1/22,NA,3,7,Montgomery
23616,11/1/22,NA,11,14,Will
23617,1/1/22,11/16/24,11,13,McHenry
23619,7/18/22,7/21/22,0,0,Cook
23620,3/29/25,NA,0,1,Lake
23621,4/19/26,4/22/26,3,3,Ogle
23623,1/1/22,NA,13,17,DuPage
23626,1/1/22,NA,8,12,Williamson
23629,6/27/24,NA,8,10,Kane
23632,3/31/24,NA,13,15,Cook
23633,1/1/22,2/15/23,6,7,Will
23635,8/9/24,NA,15,16,Macon
23638,4/19/24,NA,10,12,Lake
23639,3/1/22,3/27/24,2,4,DuPage
23643,3/6/25,NA,16,17,DuPage
23644,1/1/22,9/15/23,1,2,DuPage
23645,1/1/22,8/29/23,5,6,Cook
23650,1/1/22,2/23/24,7,9,Lake
23655,1/1/22,9/14/23,14,15,Cook
23656,12/23/23,1/10/24,10,10,Crawford
23659,6/11/26,NA,4,4,Montgomery
23660,1/1/22,NA,12,16,Will
23661,1/1/22,12/2/23,7,8,Kane
23665,6/27/25,NA,12,13,Lake
23668,10/31/22,NA,7,10,DuPage
23669,9/3/24,9/13/24,5,5,Madison
23670,11/27/23,11/28/25,15,17,Cook
23671,5/10/23,1/20/26,1,3,Cook
23674,12/25/22,NA,6,9,Kane
23677,5/11/24,5/12/24,12,12,Cook
23683,1/1/26,3/28/26,10,10,DuPage
23684,1/1/22,12/12/22,1,1,Cook
23688,11/13/24,12/6/24,10,10,Will
23693,1/1/22,3/30/25,10,13,Kane
23694,7/14/22,NA,11,14,Lake
23696,5/7/24,NA,10,12,Champaign
23698,1/1/22,NA,9,13,LaSalle
23700,1/1/22,NA,10,14,Will
23702,1/1/22,NA,11,15,Will
23703,7/6/22,NA,11,14,Peoria
23704,5/29/26,NA,1,1,Lake
23705,1/1/22,5/22/25,7,10,Kendall
23710,11/19/25,NA,4,4,Cumberland
23712,1/1/22,7/15/22,11,11,Kane
23713,8/13/23,NA,6,8,Ogle
23714,1/1/22,12/3/23,13,14,Clinton
23717,1/1/22,NA,3,7,Kane
23719,5/13/26,NA,3,3,Kane
23721,1/1/22,NA,6,10,Cook
23724,7/16/25,NA,16,16,Kane
23725,3/7/24,6/28/26,1,3,Macoupin
23726,10/27/23,NA,11,13,Lake
23727,1/1/22,7/28/22,1,1,Cook
23729,11/20/22,4/15/25,12,14,Cook
23730,1/18/26,NA,14,14,Will
23731,1/1/22,NA,6,10,DuPage
23733,1/13/23,NA,3,6,DeKalb
23734,1/1/22,NA,5,9,Cook
23735,8/8/25,NA,11,11,DuPage
23737,1/1/22,2/24/22,0,0,Lake
23739,11/10/25,NA,16,16,DuPage
23740,5/28/25,NA,16,17,St. Clair
23741,8/7/25,NA,7,7,Madison
23742,2/22/22,NA,1,5,Cook
23743,1/1/22,4/24/23,16,17,Kane
23744,3/26/22,2/25/26,0,3,Lake
23745,1/1/22,NA,0,4,Lake
23746,1/1/22,2/28/22,2,2,Kane
23747,9/30/22,11/26/22,5,5,Lake
23748,1/1/22,2/17/25,0,3,Cook
23749,6/15/26,NA,14,14,Kane
23753,3/12/24,NA,2,4,DuPage
23754,1/1/22,7/8/25,5,8,Madison
23755,1/1/22,6/7/22,4,4,Lake
23758,1/1/22,NA,7,11,Jefferson
23759,9/29/22,NA,1,4,Grundy
23760,11/15/22,NA,1,4,DuPage
23762,1/1/22,NA,9,13,Douglas
23766,1/1/22,5/9/22,4,4,Livingston
23767,1/2/23,NA,14,17,Cook
23768,1/1/22,2/15/25,12,15,Cook
23769,3/4/22,3/6/22,13,13,Kendall
23770,1/7/22,NA,9,13,DuPage
23772,1/1/22,NA,10,14,Cook
23773,1/1/22,1/21/24,8,10,Cook
23777,1/1/22,NA,8,12,Peoria
23778,4/11/22,NA,2,6,McHenry
23779,4/29/22,9/4/22,4,4,Lake
23780,1/10/22,12/27/24,0,2,Winnebago
23785,7/7/23,NA,12,14,Champaign
23789,1/1/22,NA,4,8,Cook
23790,8/29/22,NA,8,11,Cook
23791,5/13/22,NA,1,5,Will
23793,4/14/25,NA,1,2,Jo Daviess
23794,2/17/24,9/23/24,16,16,Cook
23802,1/9/26,NA,3,3,Kane
23805,1/1/22,12/2/25,5,8,St. Clair
23807,7/30/22,6/15/24,4,5,Cook
23811,9/14/24,NA,6,7,Cook
23813,1/1/22,3/12/26,3,7,McHenry
23814,1/1/22,NA,0,4,DeKalb
23815,1/1/22,3/5/24,1,3,Jasper
23816,1/1/22,5/2/24,7,9,Will
23817,10/25/25,NA,10,10,Perry
23821,7/2/23,NA,11,13,Cook
23822,6/3/23,NA,10,13,Hancock
23823,1/1/22,1/23/25,2,5,Will
23825,1/1/22,3/12/24,14,16,Cook
23827,1/1/22,12/25/23,12,13,Lake
23828,6/3/23,NA,9,12,Tazewell
23831,1/10/24,NA,12,14,DuPage
23833,12/22/22,10/22/23,16,16,Ford
23834,1/1/22,12/12/24,11,13,Cook
23838,1/1/22,NA,6,10,Madison
23840,1/1/22,5/12/25,13,16,DuPage
23841,3/25/24,10/10/24,1,1,DuPage
23842,9/27/25,NA,15,15,Lake
23845,7/10/25,NA,16,16,LaSalle
23846,8/26/22,8/31/22,4,4,Cook
23848,4/10/22,9/6/22,10,10,Jackson
23854,1/1/22,10/15/22,0,0,McHenry
23856,8/14/22,NA,8,11,Cook
23857,9/29/25,NA,1,1,Christian
23858,11/16/23,8/19/25,0,1,Kankakee
23861,11/3/22,1/9/23,11,11,LaSalle
23863,6/30/26,NA,14,14,Cook
23865,1/1/22,NA,2,6,Cook
23866,8/5/25,NA,15,15,Franklin
23867,5/15/25,NA,14,15,DuPage
23868,1/1/22,3/26/26,12,16,St. Clair
23869,3/3/22,6/5/22,8,8,DuPage
23873,1/1/22,NA,7,11,Madison
23876,11/18/22,6/19/23,3,3,Champaign
23877,5/1/22,NA,1,5,Kane
23879,1/1/22,8/15/24,2,4,Will
23880,1/8/22,NA,9,13,Cook
23881,10/3/25,3/29/26,2,2,Cook
23882,2/17/22,6/16/23,5,6,Boone
23885,8/8/25,9/21/25,7,7,Cook
23886,1/1/22,NA,11,15,Piatt
23888,1/1/22,1/25/22,9,9,Kendall
23890,1/1/22,6/5/25,0,3,Lake
23892,1/8/22,NA,8,12,Cook
23894,1/1/22,4/19/24,7,9,Will
23896,9/8/24,NA,14,15,St. Clair
23897,1/1/22,10/15/23,0,1,Will
23899,9/5/25,NA,13,13,Will
23900,1/1/22,8/16/23,3,4,Lake
23902,10/11/24,NA,15,16,Peoria
23904,1/1/22,NA,7,11,DuPage
23905,1/1/22,NA,11,15,Ogle
23907,1/1/22,8/15/25,11,14,Woodford
23908,1/1/22,1/6/24,13,15,Cook
23909,2/14/24,4/19/24,8,8,St. Clair
23911,1/1/22,9/23/22,4,4,Jackson
23912,7/17/24,NA,4,5,Winnebago
23913,1/1/22,NA,9,13,Sangamon
23914,3/14/26,NA,8,8,Kankakee
23916,1/1/22,12/9/23,10,11,Lake
23918,10/8/25,NA,17,17,DuPage
23921,1/1/22,11/1/22,13,13,Will
23922,11/25/22,NA,9,12,Cook
23924,9/27/24,4/3/25,11,11,St. Clair
23926,1/1/22,NA,4,8,Hancock
23928,2/18/24,6/5/26,15,17,Sangamon
23930,8/12/22,NA,3,6,Cook
23931,6/1/24,NA,7,9,Cook
23932,3/29/25,8/5/25,4,4,Will
23935,1/1/22,NA,4,8,Randolph
23936,1/1/22,7/13/23,11,12,Fulton
23938,1/1/22,10/14/22,9,9,Cook
23939,1/1/22,NA,4,8,Lake
23946,1/1/22,8/1/23,12,13,Cook
23947,1/1/22,11/10/22,16,16,Richland
23949,6/28/26,NA,17,17,Adams
23950,1/1/22,NA,1,5,Cook
23951,1/1/22,2/29/24,NA,NA,Cook
23954,2/15/25,NA,9,10,Will
23957,5/29/22,10/11/25,10,13,Lake
23960,3/12/24,5/28/24,3,3,Whiteside
23961,12/30/25,NA,14,14,Cook
23962,1/1/22,8/12/25,4,7,St. Clair
23963,1/25/22,NA,2,6,Cook
23964,1/19/25,NA,5,6,Kane
23965,1/1/22,3/2/25,6,9,DuPage
23966,1/1/22,NA,8,12,Vermilion
23967,10/6/24,6/6/25,10,10,Rock Island
23969,4/30/25,NA,0,1,St. Clair
23970,5/22/25,NA,4,5,McHenry
23972,4/16/25,NA,8,9,Kane
23973,6/17/26,NA,5,5,DuPage
23975,7/25/22,NA,9,12,Cook
23976,1/1/22,NA,7,11,Will
23977,1/1/22,2/17/23,0,1,Adams
23978,7/24/25,10/18/25,7,7,Will
23982,1/1/22,7/26/24,6,8,Kendall
23983,3/29/26,NA,10,10,Will
23986,1/1/22,NA,4,8,Will
23990,9/3/24,9/21/24,4,4,DuPage
23992,1/1/22,11/21/25,7,10,Cook
23995,1/1/22,NA,1,5,McLean
23996,5/29/23,NA,7,10,Kane
23997,2/3/24,NA,9,11,Cook
23998,2/11/23,NA,11,14,DuPage
23999,1/1/22,NA,5,9,McLean
24003,1/1/22,1/30/24,6,8,McLean
24005,1/1/22,NA,8,12,Lake
24006,1/1/22,10/9/24,3,5,DuPage
24007,1/1/22,8/8/24,4,6,Lake
24013,10/31/22,5/15/25,13,15,Fulton
24016,1/1/22,8/4/22,2,2,Peoria
24018,7/2/24,9/22/24,9,9,Cook
24020,1/1/22,NA,10,14,DuPage
24025,10/17/25,NA,13,13,DuPage
24026,1/1/22,NA,8,12,Cook
24027,1/1/22,NA,12,16,Clark
24028,8/22/24,NA,12,13,Cook
24029,1/1/22,4/6/22,9,9,Cook
24031,8/2/22,NA,10,13,Sangamon
24032,1/1/22,10/13/25,4,7,Cook
24035,1/1/22,12/23/23,6,7,Cook
24037,2/26/24,NA,11,13,Stephenson
24038,1/1/22,2/28/24,11,13,DuPage
24039,1/1/22,8/14/22,10,10,Will
24042,1/1/22,NA,6,10,Kane
24043,1/1/22,4/19/22,7,7,Cook
24044,1/1/22,8/7/22,3,3,Cook
24045,10/26/22,NA,9,12,Knox
24046,5/17/24,12/25/24,4,4,Will
24049,1/1/22,9/21/22,3,3,Will
24051,1/1/22,8/28/22,14,14,Sangamon
24052,1/1/22,1/24/22,8,8,Cook
24054,5/17/22,NA,0,4,Cook
24056,1/19/25,NA,11,12,Kane
24058,1/1/22,NA,10,14,Cook
24059,1/1/23,NA,11,14,Cook
24060,2/11/26,NA,11,11,Edgar
24064,1/1/22,6/26/26,10,14,Cook
24066,12/10/23,NA,1,3,DuPage
24068,1/1/22,9/12/23,4,5,Kane
24069,1/1/22,NA,1,5,Cook
24071,8/12/23,NA,5,7,McLean
24073,1/1/22,NA,3,7,Cook
24074,1/11/26,NA,11,11,Will
24075,2/9/22,NA,11,15,DuPage
24077,1/1/22,NA,6,10,Kane
24078,2/16/23,4/20/23,0,0,Kane
24079,1/1/22,NA,13,17,DuPage
24080,1/1/22,NA,1,5,DuPage
24081,1/1/22,NA,1,5,Jefferson
24083,1/1/22,4/16/26,5,9,Kane
24084,9/8/22,NA,4,7,Will
24085,1/1/22,12/23/24,9,11,Peoria
24087,1/1/22,NA,11,15,Cook
24088,12/19/23,NA,4,6,McHenry
24089,1/1/22,9/28/22,2,2,McHenry
24091,1/1/22,8/31/24,12,14,Kankakee
24092,6/1/23,10/2/25,12,14,Lake
24094,9/22/23,NA,5,7,Cook
24095,1/1/22,1/21/26,2,6,McLean
24096,8/25/23,NA,7,9,Will
24098,1/1/22,7/14/24,8,10,Kane
24099,1/1/22,8/22/23,9,10,Sangamon
24103,1/1/22,1/12/22,10,10,Cook
24104,1/1/22,NA,1,5,Will
24106,1/1/22,NA,10,14,Cook
24107,11/15/23,9/18/25,0,1,Kane
24109,1/1/22,NA,9,13,Cook
24110,1/8/23,NA,5,8,Will
24114,3/12/24,NA,0,2,Stephenson
24117,1/1/22,NA,5,9,Kane
24119,6/7/24,NA,14,16,Madison
24120,4/16/24,NA,6,8,Will
24122,1/1/22,10/2/25,1,4,Hancock
24123,1/1/22,NA,12,16,Cook
24124,1/1/22,12/20/23,9,10,Lake
24126,3/26/26,NA,17,17,Kane
24127,10/24/22,1/9/23,7,7,McHenry
24129,1/1/22,10/3/24,5,7,DuPage
24130,1/12/22,7/15/24,3,5,Whiteside
24131,10/8/24,4/5/25,0,0,Morgan
24132,1/1/22,1/28/22,14,14,Marion
24133,1/1/22,9/3/24,15,17,DuPage
24134,1/1/22,6/30/23,6,7,Kane
24136,2/5/22,11/14/22,15,15,Kane
24139,6/5/23,NA,12,15,Williamson
24141,12/31/25,4/26/26,0,0,Cook
24142,1/1/22,12/11/22,0,0,Kane
24144,1/1/22,2/15/22,3,3,DuPage
24145,5/4/24,NA,14,16,St. Clair
24146,1/1/22,8/15/22,12,12,Cook
24149,3/9/26,NA,17,17,Cook
24151,1/10/23,6/6/24,8,9,Woodford
24152,1/8/26,NA,4,4,Will
24153,1/1/22,4/17/24,14,16,Lake
24154,1/1/22,11/3/22,10,10,Kane
24155,10/21/24,NA,14,15,Kane
24161,10/29/23,3/8/25,8,9,McHenry
24162,1/1/22,11/8/22,13,13,McHenry
24165,6/18/26,NA,9,9,Cook
24167,6/17/22,NA,1,5,DuPage
24168,6/20/25,10/15/25,2,2,Peoria
24169,1/1/22,10/26/23,7,8,McHenry
24170,7/19/25,NA,15,15,Winnebago
24171,9/22/24,10/26/24,14,14,McDonough
24174,10/2/25,NA,0,0,McHenry
24176,12/29/23,NA,12,14,Rock Island
24177,5/10/25,NA,13,14,Cook
24178,1/1/22,11/9/24,6,8,Peoria
24180,10/15/24,NA,11,12,LaSalle
24181,1/1/22,5/12/24,6,8,Cook
24182,1/1/22,1/7/23,12,13,Lake
24183,2/20/24,NA,7,9,Kane
24185,6/3/25,NA,12,13,Will
24186,1/1/22,NA,10,14,McHenry
24187,5/17/23,NA,12,15,DuPage
24189,5/21/26,NA,1,1,DuPage
24191,5/29/26,NA,13,13,LaSalle
24193,1/1/22,NA,7,11,Kane
24196,1/1/22,NA,7,11,Cook
24199,3/22/24,8/10/24,14,14,Pike
24201,1/1/22,8/6/24,13,15,Will
24204,1/12/23,NA,4,7,Cook
24206,1/1/22,5/10/22,17,17,Cook
24208,1/1/22,6/3/24,5,7,Kendall
24209,3/24/23,NA,2,5,Cook
24213,1/1/22,NA,12,16,Cook
24215,9/14/24,NA,8,9,Lake
24222,1/1/22,NA,4,8,McLean
24223,1/1/22,4/6/24,14,16,Cook
24227,2/8/24,2/28/24,10,10,Cook
24228,7/27/22,NA,8,11,DuPage
24230,2/4/24,3/5/24,17,17,Champaign
24231,12/30/24,NA,3,4,Lake
24233,11/29/24,NA,6,7,Cook
24234,7/14/24,12/19/25,12,13,Lake
24236,1/1/22,NA,3,7,Will
24238,2/18/23,7/16/23,11,11,Will
24239,7/20/24,10/7/24,16,16,Effingham
24241,1/1/22,2/24/26,8,12,Cook
24248,1/1/22,1/23/25,11,14,Lake
24250,4/14/24,NA,5,7,Lake
24256,8/31/23,5/1/25,14,15,Will
24257,2/24/22,NA,10,14,Cook
24260,1/1/22,7/15/22,9,9,Bureau
24266,10/21/22,1/19/25,13,15,Sangamon
24268,1/1/22,9/12/25,13,16,Massac
24269,1/1/22,12/2/24,3,5,Clinton
24270,9/17/25,4/18/26,2,2,Hamilton
24272,4/27/23,1/30/26,7,9,Lake
24273,2/2/25,NA,3,4,DuPage
24274,9/16/25,NA,7,7,Kankakee
24276,1/1/22,5/2/22,8,8,Cook
24277,5/5/25,NA,4,5,Will
24282,5/9/24,NA,10,12,Rock Island
24283,1/1/22,6/29/24,1,3,Cook
24284,3/5/23,5/7/25,6,8,Winnebago
24285,5/5/25,NA,12,13,Lake
24286,1/1/22,1/31/22,11,11,Marion
24287,1/23/24,NA,1,3,DuPage
24290,1/1/22,NA,10,14,Kane
24292,1/1/22,3/16/26,6,10,Cook
24294,1/1/22,2/28/23,10,11,Kane
24297,1/1/22,8/26/24,5,7,Kane
24298,1/1/22,11/26/24,3,5,McDonough
24301,1/1/22,9/18/22,12,12,Madison
24302,1/1/22,2/3/25,10,13,Kane
24304,1/7/23,NA,14,17,Cook
24305,9/4/23,NA,3,5,Sangamon
24307,8/27/23,8/22/24,14,14,DuPage
24308,1/1/22,8/7/23,8,9,Madison
24309,2/16/24,NA,7,9,Cook
24311,3/13/25,5/7/25,9,9,Will
24314,1/1/22,4/11/24,12,14,Cook
24320,9/21/24,6/16/25,9,9,DuPage
24321,1/1/22,NA,12,16,Cook
24324,1/1/22,NA,12,16,Lake
24325,2/25/23,NA,8,11,Will
24326,1/1/22,1/31/24,3,5,Cook
24327,1/1/22,8/27/25,14,17,Lake
24328,1/2/24,7/6/24,10,10,Marion
24329,1/1/22,1/31/22,13,13,Cook
24330,1/1/22,NA,9,13,Cook
24333,1/1/22,10/11/22,7,7,DuPage
24336,1/1/22,NA,4,8,DuPage
24338,3/3/24,1/28/25,1,1,Will
24339,12/4/22,NA,8,11,DuPage
24341,1/1/22,NA,12,16,Madison
24342,5/12/23,NA,4,7,Clinton
24344,1/1/22,5/13/22,11,11,Lake
24345,1/16/23,8/26/23,6,6,Will
24351,8/27/24,NA,8,9,DuPage
24352,7/3/24,9/1/24,10,10,Williamson
24354,1/19/24,5/22/26,7,9,Cook
24355,1/1/22,NA,10,14,Lake
24356,1/1/22,2/10/26,2,6,Madison
24357,10/16/25,NA,7,7,Perry
24359,10/10/22,6/6/23,16,16,Cook
24361,1/1/22,NA,8,12,St. Clair
24365,11/2/25,NA,8,8,Cook
24367,1/1/22,8/2/22,13,13,Kendall
24368,10/29/23,9/10/24,6,6,Randolph
24369,1/1/22,2/20/25,7,10,Tazewell
24370,1/1/22,NA,1,5,Cook
24372,1/1/22,11/11/24,1,3,Cook
24374,1/1/22,11/20/23,1,2,Kane
24377,11/15/22,11/17/22,14,14,Will
24380,12/28/22,6/1/26,13,16,Williamson
24381,1/1/22,8/22/23,15,16,Kane
24383,6/26/23,NA,13,16,Madison
24384,12/23/25,1/28/26,14,14,Cook
24385,1/1/22,NA,5,9,DuPage
24387,1/1/22,NA,9,13,Will
24389,1/1/22,2/11/24,12,14,Jo Daviess
24394,4/13/26,NA,16,16,Cook
24397,1/29/25,NA,2,3,DuPage
24398,5/29/22,11/27/22,1,1,Kane
24399,4/20/23,NA,10,13,Cook
24401,1/1/22,NA,1,5,Cook
24404,10/11/23,NA,5,7,Rock Island
24406,1/1/22,3/23/24,4,6,McHenry
24408,3/14/23,5/18/26,8,11,Sangamon
24411,11/22/25,NA,16,16,DuPage
24413,12/1/22,12/10/22,10,10,DeKalb
24415,1/1/22,7/4/23,15,16,Williamson
24417,5/17/25,NA,13,14,Cook
24418,1/1/22,NA,7,11,Cook
24419,12/23/25,6/18/26,8,8,DuPage
24421,1/1/22,5/20/23,9,10,Will
24423,1/1/22,NA,3,7,Brown
24426,1/1/22,8/14/23,6,7,Lake
24430,1/1/22,6/19/22,9,9,Lake
24432,8/17/24,NA,3,4,Williamson
24433,12/20/22,NA,0,3,Boone
24435,1/14/26,NA,1,1,Cook
24437,1/1/22,NA,6,10,Will
24438,1/1/22,1/24/24,2,4,DuPage
24439,12/18/23,NA,8,10,DuPage
24441,1/1/22,2/9/23,10,11,Peoria
24442,3/30/22,NA,7,11,Cook
24445,7/7/25,NA,10,10,Champaign
24446,1/1/22,8/8/22,16,16,Cook
24448,1/1/22,12/20/22,17,17,McLean
24450,1/5/23,3/23/26,8,11,Cook
24451,1/1/22,12/8/25,3,6,McHenry
24452,1/1/22,12/30/25,5,8,Cook
24453,1/1/22,12/10/25,13,16,Cook
24454,7/3/23,NA,4,6,Champaign
24456,9/28/24,NA,8,9,DeKalb
24460,8/5/24,NA,0,1,Peoria
24461,1/1/22,4/21/26,12,16,Kane
24462,1/1/22,NA,10,14,Will
24463,1/1/22,NA,13,17,Cook
24464,1/1/22,NA,0,4,DuPage
24465,1/1/22,NA,13,17,Lake
24469,10/20/25,NA,17,17,Madison
24470,11/2/24,NA,7,8,Adams
24472,6/1/23,12/16/25,14,16,Cook
24475,1/1/22,6/10/22,5,5,Peoria
24477,1/1/22,NA,13,17,Lake
24478,1/1/22,NA,13,17,DuPage
24479,10/25/25,NA,14,14,Lake
24480,1/1/22,5/3/26,6,10,Vermilion
24481,1/1/22,10/22/24,11,13,Hancock
24484,1/1/22,4/15/23,12,13,DuPage
24487,1/1/22,NA,6,10,Vermilion
24488,2/2/25,4/2/25,0,0,McLean
24490,6/23/23,NA,12,15,Cook
24492,4/11/26,NA,11,11,Williamson
24493,2/21/22,3/22/24,5,7,Rock Island
24497,6/14/23,NA,10,13,Winnebago
24498,5/19/22,5/25/25,7,10,Cook
24499,7/15/23,NA,13,15,DuPage
24501,1/1/22,1/25/22,5,5,Lake
24503,11/9/23,NA,1,3,Macon
24504,12/21/23,NA,7,9,Champaign
24505,1/1/22,10/18/24,10,12,Montgomery
24508,12/27/23,NA,5,7,Cook
24510,10/2/22,12/21/25,4,7,Cook
24511,4/27/26,NA,1,1,McHenry
24513,1/1/22,5/4/22,7,7,Lake
24517,1/19/22,NA,11,15,DuPage
24519,1/1/22,NA,2,6,Whiteside
24520,10/6/25,NA,17,17,DuPage
24521,7/18/23,NA,12,14,Cook
24522,7/2/23,6/11/25,16,17,Cook
24524,1/2/25,NA,9,10,Cook
24525,1/1/22,2/29/24,NA,NA,Kane
24526,9/5/23,4/29/26,1,3,DuPage
24529,1/1/22,8/23/22,10,10,Cook
24530,1/1/22,8/27/22,13,13,Stephenson
24532,9/21/23,NA,0,2,Perry
24533,1/1/22,NA,0,4,Cook
24534,8/11/23,NA,12,14,McHenry
24537,8/12/22,11/7/25,9,12,Lake
24541,1/28/22,NA,0,4,Cook
24543,7/10/24,NA,10,11,Adams
24546,1/1/22,NA,3,7,Winnebago
24547,1/1/22,NA,8,12,Will
24548,6/18/26,NA,10,10,Will
24553,1/1/22,3/19/24,3,5,Kendall
24554,1/20/23,8/18/25,13,15,Knox
24555,1/1/22,3/28/25,12,15,Jersey
24556,1/1/22,8/17/22,15,15,Franklin
24558,1/1/22,4/16/26,1,5,Tazewell
24561,10/17/25,NA,13,13,Cook
24563,1/24/22,NA,0,4,Champaign
24568,12/4/25,NA,1,1,McLean
24571,1/5/25,NA,3,4,St. Clair
24575,6/17/25,NA,4,5,Cook
24577,7/25/22,9/9/23,11,12,Cook
24580,1/1/22,7/12/25,12,15,Kane
24585,1/13/24,NA,12,14,DeKalb
24586,3/19/25,5/10/25,14,14,Whiteside
24589,8/17/23,NA,2,4,Kendall
24592,3/7/24,NA,1,3,Monroe
24595,10/2/25,NA,10,10,Winnebago
24596,1/1/22,11/17/22,17,17,Cook
24597,1/1/22,NA,7,11,Will
24600,12/30/22,NA,1,4,DuPage
24604,3/24/23,NA,9,12,Cook
24605,1/23/26,NA,7,7,Cook
24610,1/1/22,10/2/23,3,4,Kane
24613,1/1/22,6/15/25,1,4,Sangamon
24615,1/28/26,NA,4,4,Franklin
24616,1/1/22,2/7/26,7,11,Peoria
24618,1/1/22,NA,5,9,DuPage
24621,1/1/22,NA,6,10,Rock Island
24623,1/1/22,9/24/25,10,13,Cook
24625,7/27/24,NA,8,9,McHenry
24626,1/1/22,2/6/23,15,16,Washington
24627,1/1/22,5/20/25,7,10,McHenry
24630,5/17/23,NA,1,4,DuPage
24631,1/1/22,6/23/26,13,17,DuPage
24634,3/15/22,4/14/22,11,11,Henry
24635,1/1/22,NA,10,14,Cook
24637,1/1/22,4/26/23,3,4,Rock Island
24638,1/14/24,NA,10,12,Lake
24643,1/1/22,NA,9,13,Perry
24644,4/9/25,NA,16,17,Marshall
24652,2/4/26,NA,15,15,Will
24653,7/9/22,2/4/24,9,10,McHenry
24654,1/15/26,NA,1,1,Lake
24655,1/1/22,8/16/23,5,6,Lake
24656,2/28/23,4/11/26,8,11,Union
24658,11/11/23,NA,13,15,McHenry
24662,2/5/22,11/23/23,8,9,Mason
24663,1/1/22,8/5/22,7,7,DuPage
24666,1/1/22,3/16/22,14,14,McHenry
24667,3/18/23,NA,1,4,Jefferson
24668,4/22/26,NA,4,4,Kane
24669,12/1/24,NA,12,13,DeKalb
24673,8/27/23,NA,1,3,Kankakee
24674,1/1/22,1/9/24,11,13,Cook
24680,1/1/22,NA,1,5,DuPage
24681,5/23/24,8/1/24,12,12,DuPage
24682,1/1/22,1/14/26,11,15,St. Clair
24683,11/13/25,NA,16,16,Cook
24685,12/28/24,NA,6,7,Cook
24689,1/1/22,8/21/22,1,1,Will
24692,1/1/22,11/10/22,8,8,Lake
24693,1/1/22,NA,8,12,Will
24695,4/5/26,NA,5,5,LaSalle
24696,12/31/23,1/3/24,14,14,Macon
24697,1/1/22,NA,0,4,Cook
24700,3/2/23,8/18/23,6,6,Cook
24703,1/1/22,7/17/24,1,3,DeKalb
24706,1/1/22,1/24/26,10,14,Cook
24711,1/1/22,NA,3,7,St. Clair
24714,5/31/24,NA,4,6,Lake
24715,3/6/23,NA,12,15,Morgan
24718,5/19/26,NA,0,0,Cook
24720,1/1/22,5/5/24,7,9,Mason
24722,5/15/24,NA,4,6,DeKalb
24724,1/1/22,2/16/23,2,3,DuPage
24726,1/1/22,3/27/23,0,1,DuPage
24727,6/5/24,12/19/24,7,7,Winnebago
24728,1/1/22,8/12/22,5,5,Cook
24730,1/1/22,6/12/26,11,15,Saline
24731,1/1/22,4/30/24,7,9,DuPage
24735,2/12/24,NA,10,12,Kane
24739,3/22/25,NA,0,1,Sangamon
24741,2/24/25,NA,11,12,DuPage
24742,7/2/22,NA,6,10,Franklin
24743,1/1/22,5/10/23,9,10,Cook
24744,5/4/22,12/25/24,4,6,Lee
24745,3/1/25,9/10/25,16,16,Fulton
24747,8/28/23,NA,12,14,Winnebago
24748,4/16/22,NA,0,4,Brown
24749,2/12/25,NA,0,1,Winnebago
24750,1/1/22,9/27/23,9,10,Cook
24751,11/9/24,NA,14,15,Champaign
24752,1/1/22,7/7/23,15,16,Kane
24753,7/2/23,NA,3,6,Massac
24755,5/6/26,NA,1,1,Cook
24761,1/1/22,9/29/22,2,2,Cook
24763,1/1/22,1/31/22,2,2,Will
24766,3/22/22,11/10/25,5,8,Madison
24768,3/11/23,3/24/23,9,9,Lake
24769,5/25/22,5/30/22,10,10,Lake
24770,7/5/24,NA,4,5,Will
24771,12/6/23,5/3/24,13,13,Monroe
24773,3/17/23,3/2/26,2,4,Gallatin
24774,1/1/22,4/23/24,15,17,Warren
24776,10/5/23,NA,6,8,Cook
24777,1/1/22,1/4/22,4,4,Cook
24778,1/1/22,1/28/22,16,16,Winnebago
24779,6/14/26,NA,6,6,Cook
24780,1/1/22,3/5/25,7,10,Washington
24786,1/1/22,8/15/24,8,10,DuPage
24788,1/1/22,NA,12,16,DuPage
24793,12/31/23,6/26/26,12,14,Will
24796,1/1/22,1/19/24,0,2,Cook
24798,1/19/23,3/10/23,4,4,Cook
24799,1/1/22,NA,10,14,Will
24800,1/1/22,NA,8,12,Lake
24802,1/16/22,9/12/22,3,3,Jefferson
24803,10/15/25,NA,12,12,DuPage
24804,5/25/23,1/25/24,12,12,Lake
24807,8/7/22,10/18/22,14,14,Ford
24809,3/18/25,NA,2,3,Cook
24811,7/23/22,NA,11,14,Cook
24812,1/1/22,10/26/24,15,17,Will
24814,1/1/22,10/5/23,11,12,Lake
24815,12/20/24,NA,7,8,Cook
24817,1/1/22,6/6/23,3,4,Lake
24818,1/1/22,2/25/24,5,7,Cook
24819,1/1/22,5/11/22,15,15,Monroe
24821,1/1/22,3/1/25,10,13,Ogle
24822,1/1/22,NA,9,13,DuPage
24824,7/27/23,NA,15,17,Madison
24826,1/1/22,NA,7,11,Cook
24827,1/1/22,8/1/22,5,5,Cook
24829,12/18/22,2/24/26,0,3,Henry
24834,1/1/22,NA,12,16,Rock Island
24837,9/1/23,1/21/24,4,4,Lee
24839,5/23/26,NA,4,4,Cook
24840,12/12/22,1/11/23,0,0,Cook
24842,12/3/22,8/30/24,11,12,DuPage
24844,1/1/22,NA,5,9,Lake
24845,8/7/24,NA,15,16,McHenry
24846,5/16/22,2/1/25,7,9,Will
24847,1/1/22,3/12/24,14,16,Cook
24849,12/6/22,10/15/25,0,2,Will
24850,12/6/23,5/12/24,5,5,Marion
24853,1/1/22,5/19/23,4,5,DuPage
24854,5/1/25,NA,11,12,Monroe
24857,5/25/22,NA,4,8,Cook
24859,3/8/26,5/7/26,15,15,DuPage
24862,1/1/22,3/25/26,0,4,Stephenson
24865,1/1/22,12/8/25,1,4,Knox
24868,2/24/24,NA,3,5,Lake
24869,1/1/22,5/30/22,13,13,Kane
24871,1/1/22,1/7/25,13,16,Will
24872,8/30/25,NA,6,6,Rock Island
24873,1/1/22,3/8/25,4,7,Cook
24877,5/10/23,NA,4,7,Sangamon
24878,4/23/22,12/18/23,11,12,Williamson
24880,1/1/22,12/27/23,10,11,Cook
24882,1/1/22,NA,7,11,DuPage
24886,11/28/25,NA,14,14,Cook
24887,1/1/22,1/22/23,10,11,Kane
24888,6/13/23,6/24/23,5,5,Cass
24889,1/1/22,3/9/25,14,17,Whiteside
24890,8/16/25,NA,8,8,Kane
24891,1/1/22,2/12/24,15,17,DuPage
24892,12/15/25,NA,0,0,McLean
24896,1/1/22,8/30/25,12,15,Cook
24897,1/1/22,NA,11,15,Cook
24899,1/1/22,NA,1,5,Will
24900,8/17/22,10/25/25,1,4,Henry
24904,1/1/22,1/15/24,6,8,Cook
24905,1/1/22,NA,0,4,Richland
24906,4/9/22,NA,2,6,Shelby
24908,10/5/25,NA,12,12,Iroquois
24910,3/8/22,1/18/25,8,10,Peoria
24912,3/9/24,5/5/26,12,14,Cook
24913,1/1/22,9/2/23,2,3,Lake
24915,7/31/24,NA,4,5,Cook
24919,6/1/24,NA,10,12,Lake
24921,1/1/22,11/6/23,5,6,Kane
24923,1/1/22,NA,9,13,Rock Island
24925,1/1/22,NA,7,11,Peoria
24926,12/22/25,NA,9,9,Lee
24927,1/1/22,NA,6,10,DuPage
24929,12/10/24,NA,9,10,Kane
24931,1/1/22,6/16/26,13,17,Cook
24934,1/1/22,6/15/24,4,6,Kankakee
24940,4/29/24,1/7/26,16,17,Kane
24942,7/24/22,NA,10,13,Kane
24946,12/2/23,NA,5,7,Cook
24950,1/1/22,8/7/23,0,1,Livingston
24951,1/1/22,7/13/25,10,13,Massac
24956,6/26/23,7/2/23,4,4,Marshall
24957,1/1/22,NA,3,7,Cook
24961,1/1/22,4/30/23,16,17,Cook
24962,1/28/23,11/11/25,2,4,St. Clair
24967,4/24/26,6/1/26,17,17,Cook
24968,7/19/24,NA,2,3,Cook
24971,1/1/22,NA,8,12,Cook
24973,12/31/24,9/16/25,14,14,DuPage
24976,1/1/22,6/16/22,17,17,McHenry
24979,1/1/22,NA,7,11,Montgomery
24981,1/1/22,1/5/22,17,17,Cook
24982,1/1/22,11/14/22,6,6,Knox
24983,1/1/22,12/29/23,16,17,Knox
24984,1/1/22,3/9/22,4,4,Cook
24985,2/20/26,NA,10,10,Cook
24987,1/1/22,3/3/24,6,8,Cook
24988,1/1/22,10/9/23,8,9,Kane
24990,12/4/25,5/3/26,13,13,Will
24993,1/1/22,9/27/23,7,8,Winnebago
24995,1/1/22,12/20/24,5,7,Cook
24997,6/30/23,7/15/23,11,11,Cook
25002,4/30/23,12/31/24,15,16,Winnebago
25003,1/1/22,NA,12,16,Cook
25004,1/1/22,NA,1,5,Cook
25005,8/2/24,2/13/26,4,5,McHenry
25006,8/27/24,5/9/26,1,2,Cook
25014,1/1/22,NA,0,4,Cook
25015,1/1/22,2/25/24,14,16,DuPage
25018,3/1/26,NA,12,12,Cook
25019,2/28/23,NA,4,7,Cook
25022,1/1/22,8/15/22,4,4,DuPage
25023,1/1/22,11/24/22,11,11,Ogle
25025,1/1/22,NA,5,9,Champaign
25029,8/30/24,3/15/25,6,6,Lake
25030,7/24/23,NA,3,5,Cook
25031,1/1/22,11/17/23,11,12,Will
25032,1/1/22,12/1/23,1,2,Cook
25034,1/1/22,1/16/23,11,12,Christian
25043,8/17/22,2/23/23,6,6,Cook
25045,1/1/22,NA,12,16,Richland
25046,1/1/22,NA,10,14,Lake
25049,4/9/26,NA,6,6,Will
25054,1/1/22,12/26/22,12,12,Cook
25057,1/1/22,NA,8,12,McHenry
25059,8/6/22,NA,7,10,Logan
25061,1/1/22,6/19/26,8,12,Livingston
25066,1/1/22,10/10/23,3,4,Kane
25067,4/16/25,NA,15,16,Lake
25068,2/1/26,NA,1,1,De Witt
25071,1/1/22,2/17/23,3,4,Cook
25073,2/18/23,4/6/26,7,10,Lake
25074,1/1/22,11/30/22,2,2,Boone
25076,7/22/24,10/4/24,12,12,Kankakee
25078,6/1/25,2/21/26,8,8,Cook
25082,1/1/22,1/3/24,0,2,Lake
25084,1/1/22,8/20/24,11,13,Lake
25085,9/15/25,NA,4,4,DuPage
25090,1/1/22,9/5/24,14,16,DuPage
25093,12/20/24,NA,9,10,Logan
25096,3/21/23,NA,9,12,DuPage
25097,1/1/22,10/5/22,1,1,Lee
25098,2/1/24,5/23/24,12,12,Cook
25101,10/7/25,NA,12,12,DuPage
25102,12/4/23,NA,4,6,DuPage
25104,1/1/22,NA,6,10,Cook
25105,5/1/22,5/22/23,9,10,Marion
25106,4/27/24,8/20/24,6,6,Kane
25108,12/17/23,NA,13,15,DuPage
25109,1/1/22,10/27/22,13,13,Edgar
25111,1/1/22,4/15/23,8,9,DuPage
25113,1/1/22,NA,4,8,Ogle
25114,1/1/22,1/3/24,5,7,DuPage
25118,1/1/22,11/27/23,16,17,Cook
25122,1/1/22,4/3/25,4,7,Cook
25123,1/11/22,1/15/22,1,1,Cook
25124,2/5/24,12/18/24,1,1,Kane
25125,6/26/22,8/22/23,14,15,Kane
25129,1/1/22,NA,2,6,Champaign
25135,9/12/22,10/17/25,1,4,Grundy
25136,1/1/22,3/21/24,2,4,Randolph
25137,1/1/22,1/5/25,0,3,Lake
25138,1/1/22,7/28/25,13,16,Cook
25139,1/1/22,8/28/23,16,17,DuPage
25141,9/10/23,NA,3,5,Winnebago
25142,1/1/22,NA,3,7,Fayette
25144,11/26/24,2/2/25,13,13,Lake
25145,1/1/22,9/19/23,8,9,De Witt
25146,1/1/22,6/7/24,1,3,McHenry
25147,1/1/22,12/23/22,1,1,Kane
25148,1/1/22,NA,12,16,Cook
25149,1/1/22,3/14/22,8,8,Lake
25152,1/1/22,NA,5,9,Will
25155,1/1/22,6/18/23,12,13,McHenry
25156,2/15/23,NA,10,13,Cook
25157,1/11/24,NA,5,7,Lake
25162,7/25/22,9/24/22,10,10,Sangamon
25163,10/15/23,NA,6,8,Cook
25165,5/7/22,5/22/25,7,10,Cook
25168,9/9/23,NA,12,14,Cook
25169,10/18/24,NA,11,12,Will
25170,1/1/22,8/13/25,12,15,DuPage
25171,1/1/22,10/4/23,12,13,Cook
25172,1/1/22,NA,13,17,Sangamon
25175,1/1/22,3/16/25,12,15,McHenry
25177,1/1/22,NA,10,14,De Witt
25179,1/1/22,9/22/24,2,4,Knox
25180,1/1/22,6/25/24,14,16,Will
25181,12/26/23,12/31/23,15,15,Kankakee
25182,8/27/23,8/29/23,4,4,Peoria
25185,12/11/24,NA,13,14,Grundy
25187,1/1/22,8/29/23,16,17,Peoria
25191,1/1/22,NA,1,5,Cook
25192,6/8/26,NA,6,6,Madison
25193,4/17/23,NA,8,11,Lake
25196,6/10/23,8/19/23,12,12,Will
25197,3/18/22,NA,0,4,Will
25198,5/29/25,NA,8,9,Will
25200,1/1/22,1/27/22,10,10,Peoria
25203,1/1/22,3/5/26,1,5,Winnebago
25205,11/4/25,NA,5,5,Lake
25207,6/8/23,NA,3,6,Lake
25208,2/22/25,NA,14,15,Lake
25209,7/4/23,NA,13,15,Cook
25212,1/1/22,5/12/22,4,4,Bond
25216,1/1/22,NA,10,14,DuPage
25219,5/3/22,NA,11,15,Ogle
25221,8/13/25,NA,8,8,Knox
25222,1/1/22,2/16/25,1,4,Cook
25224,3/25/26,NA,2,2,DuPage
25225,4/24/22,NA,0,4,DuPage
25227,3/28/25,NA,5,6,Lake
25234,1/1/22,7/2/22,17,17,Cook
25235,8/3/24,NA,7,8,Jo Daviess
25240,6/30/25,NA,15,16,Scott
25243,12/24/24,NA,1,2,Kendall
25247,4/5/24,NA,7,9,DuPage
25249,1/1/22,2/27/22,16,16,DuPage
25251,8/9/24,4/23/25,6,6,Coles
25252,1/1/22,11/1/22,12,12,Lee
25257,12/7/22,NA,3,6,Will
25260,1/1/22,4/20/26,3,7,Kane
25261,1/1/22,9/14/22,4,4,Kane
25262,3/6/22,6/11/25,0,3,McHenry
25265,12/7/24,NA,5,6,St. Clair
25266,1/1/22,10/6/23,3,4,Macon
25267,1/1/22,1/4/24,11,13,Lake
25268,1/1/22,2/23/25,7,10,Will
25269,1/1/22,10/4/25,1,4,Macon
25273,1/1/22,12/28/22,2,2,Will
25275,1/1/22,7/9/23,12,13,Kendall
25277,5/3/23,5/7/26,14,17,McHenry
25279,1/1/22,12/18/23,8,9,Cook
25281,1/1/22,8/14/22,13,13,Lake
25282,1/4/23,12/28/25,7,9,DuPage
25283,12/29/24,12/7/25,3,3,DuPage
25285,5/18/22,9/19/24,12,14,DuPage
25288,4/27/22,NA,8,12,Williamson
25289,1/1/22,3/23/25,11,14,DuPage
25290,1/1/22,8/2/22,13,13,Peoria
25292,1/1/22,5/1/26,11,15,Stephenson
25293,1/1/22,NA,4,8,Will
25294,1/1/22,NA,0,4,Logan
25295,6/17/24,NA,14,16,Whiteside
25296,1/1/22,NA,10,14,Cook
25298,3/14/24,NA,1,3,Cook
25299,12/12/23,NA,5,7,Kendall
25300,1/1/22,4/27/25,9,12,Cook
25301,1/1/22,10/26/24,14,16,Cook
25304,7/3/23,7/14/23,17,17,Lake
25305,7/20/25,12/26/25,1,1,DuPage
25306,1/1/22,NA,10,14,Lake
25308,1/1/22,5/18/22,7,7,McHenry
25311,11/19/22,6/14/23,11,11,Whiteside
25312,1/1/22,NA,3,7,Lake
25313,1/1/22,7/10/23,10,11,DuPage
25315,1/1/22,NA,4,8,DuPage
25317,11/15/23,NA,5,7,Cook
25318,10/27/24,NA,15,16,Cook
25319,6/27/26,NA,5,5,Kane
25320,1/1/22,NA,1,5,Lake
25321,7/1/25,NA,NA,NA,Cook
25324,9/27/22,NA,8,11,Will
25325,1/1/22,10/7/22,6,6,Vermilion
25327,1/1/22,6/12/26,7,11,Kendall
25330,1/1/22,NA,10,14,Cook
25332,1/1/22,1/15/25,7,10,Cook
25334,1/1/22,8/17/22,16,16,Cook
25336,2/1/25,11/5/25,2,2,Champaign
25337,9/10/23,NA,7,9,Lake
25339,7/10/24,NA,4,5,Cook
25341,4/15/24,6/18/24,8,8,Cook
25342,1/1/22,1/15/26,2,6,DuPage
25343,1/1/22,2/6/22,3,3,Clark
25347,12/23/22,NA,3,6,Madison
25348,7/11/25,NA,15,15,Cook
25349,2/13/22,NA,7,11,DuPage
25352,5/27/23,NA,8,11,Lake
25353,1/1/22,12/5/22,9,9,Cook
25355,1/1/22,6/21/23,6,7,McHenry
25356,10/4/22,5/27/26,7,10,Will
25357,1/1/22,6/14/25,2,5,Kankakee
25358,1/1/22,6/7/24,6,8,Will
25362,2/23/25,NA,16,17,DuPage
25364,5/15/23,7/24/23,9,9,Williamson
25365,3/17/24,NA,14,16,Randolph
25368,4/29/22,10/8/23,7,8,Lake
25370,1/1/22,1/26/25,5,8,Cook
25371,1/1/22,2/1/24,4,6,Cook
25374,1/1/22,NA,11,15,DeKalb
25376,1/1/22,5/20/24,13,15,DuPage
25378,1/1/22,10/29/24,10,12,Winnebago
25380,4/14/25,NA,14,15,DuPage
25383,11/21/24,NA,11,12,Cook
25384,1/19/26,NA,15,15,Cook
25385,1/1/22,NA,2,6,Will
25386,3/12/23,3/26/26,3,6,McHenry
25391,5/14/22,NA,1,5,Morgan
25392,1/1/22,2/18/26,8,12,Schuyler
25394,1/1/22,12/20/22,3,3,DuPage
25395,1/1/22,NA,10,14,LaSalle
25396,1/1/22,6/28/22,3,3,DuPage
25399,1/1/22,8/31/25,1,4,Lake
25400,2/26/24,6/10/24,9,9,Stephenson
25403,1/1/22,NA,4,8,St. Clair
25404,1/1/22,NA,7,11,DuPage
25405,2/9/25,NA,10,11,Morgan
25406,1/1/22,11/28/22,2,2,Lake
25409,8/26/22,NA,5,8,Lake
25413,1/1/22,6/5/23,2,3,DeKalb
25414,1/1/22,NA,9,13,Sangamon
25415,12/7/25,12/14/25,12,12,Kane
25416,1/1/22,5/23/24,0,2,Kendall
25417,1/1/22,3/25/22,16,16,DuPage
25418,1/1/22,NA,10,14,Will
25419,3/20/25,NA,13,14,Logan
25421,1/1/22,4/15/22,6,6,Will
25422,12/30/23,NA,15,17,DuPage
25424,5/29/24,1/11/25,15,15,Rock Island
25425,3/2/25,1/18/26,1,1,Macon
25426,12/7/24,2/20/25,9,9,Will
25429,3/30/22,7/20/24,9,11,Rock Island
25430,1/1/22,NA,8,12,Lake
25431,9/30/25,NA,4,4,DuPage
25432,1/1/22,11/24/23,16,17,DuPage
25433,1/1/22,8/28/25,14,17,Henderson
25439,1/1/22,7/17/25,6,9,McHenry
25443,8/8/25,NA,0,0,Lake
25444,1/1/22,1/17/22,1,1,Will
25445,1/1/22,10/10/23,16,17,Cook
25446,1/1/22,11/30/25,1,4,DuPage
25448,1/5/26,NA,6,6,Lake
25450,6/15/25,12/11/25,15,15,Kane
25454,1/1/22,6/21/24,1,3,McHenry
25455,1/1/22,5/24/22,16,16,Cook
25457,1/1/22,8/28/22,8,8,Whiteside
25460,7/16/23,5/13/25,4,5,Cook
25461,10/6/22,5/3/24,8,9,Peoria
25462,1/1/22,9/10/22,15,15,Christian
25463,6/30/26,NA,3,3,DuPage
25466,1/1/22,4/3/23,13,14,Cook
25470,3/19/23,NA,0,3,Johnson
25471,6/7/24,NA,12,14,McHenry
25474,1/1/22,5/23/24,6,8,Bond
25476,1/12/22,5/19/24,6,8,Cook
25478,1/1/22,NA,13,17,DuPage
25479,1/1/22,NA,13,17,Lake
25480,1/28/25,6/13/25,13,13,Cook
25482,1/1/22,7/16/23,8,9,Winnebago
25483,1/1/22,NA,2,6,Cook
25484,1/1/22,9/9/23,5,6,Cook
25485,1/1/22,NA,3,7,Champaign
25486,1/1/22,9/2/25,2,5,Champaign
25487,1/1/22,1/27/24,6,8,DuPage
25489,1/1/22,9/23/24,0,2,Kane
25490,12/27/22,NA,1,4,LaSalle
25495,1/1/22,11/29/23,0,1,Lake
25497,4/4/22,NA,3,7,Cook
25499,1/22/25,NA,6,7,Kane
25500,3/2/24,NA,10,12,Cook
25501,1/1/22,NA,6,10,Will
25502,1/1/22,NA,9,13,Rock Island
25509,1/29/26,NA,9,9,Cook
25513,1/1/22,12/26/22,12,12,Kane
25515,1/1/22,NA,11,15,Cook
25516,12/1/22,NA,3,6,Lake
25517,1/1/22,1/17/23,16,17,Kane
25519,1/1/22,1/28/23,14,15,Lake
25522,1/1/22,1/5/26,10,14,Cook
25524,4/14/23,NA,7,10,DuPage
25525,5/10/25,NA,11,12,Will
25526,9/7/24,10/22/25,1,2,Cook
25527,1/1/22,NA,5,9,Cook
25528,1/1/22,5/3/23,11,12,Cook
25529,4/10/23,NA,4,7,Cook
25531,8/18/25,NA,8,8,Peoria
25532,1/1/22,11/1/23,13,14,McHenry
25533,1/1/22,11/22/25,6,9,Rock Island
25535,1/1/22,4/29/22,16,16,Grundy
25539,1/1/22,8/5/25,3,6,Stark
25542,1/1/22,11/30/25,5,8,Kane
25544,4/5/23,10/1/25,14,16,Cook
25548,1/1/22,NA,6,10,Cook
25549,12/7/24,12/20/24,17,17,DuPage
25551,1/1/22,6/26/23,14,15,DuPage
25552,1/1/22,2/4/22,4,4,Will
25554,1/1/22,NA,0,4,Ogle
25555,8/16/23,NA,1,3,Kendall
25556,1/1/22,11/3/25,1,4,St. Clair
25558,1/1/22,3/9/22,4,4,Cook
25559,12/19/24,NA,5,6,LaSalle
25563,6/16/22,NA,2,6,Kane
25566,11/29/23,7/7/24,5,5,Boone
25567,5/27/24,1/25/26,11,12,Cook
25568,1/1/22,5/1/22,14,14,McLean
25571,10/7/23,10/29/24,0,1,Will
25573,1/1/22,2/9/23,11,12,Knox
25574,3/5/22,4/11/23,8,9,Cook
25576,1/1/22,7/17/25,14,17,Cook
25578,1/1/22,8/6/23,15,16,Cook
25580,1/1/22,NA,8,12,McHenry
25583,1/1/22,7/9/22,14,14,Cook
25585,1/1/22,NA,9,13,Lake
25586,11/23/24,NA,0,1,Winnebago
25587,4/14/25,NA,13,14,Kane
25588,1/1/22,5/3/22,4,4,Coles
25589,1/1/22,5/15/23,1,2,Effingham
25595,1/1/22,12/29/24,8,10,Cook
25596,3/21/25,NA,5,6,St. Clair
25600,4/14/26,NA,4,4,Cook
25601,2/6/24,NA,5,7,DuPage
25602,6/14/24,NA,5,7,Will
25606,1/1/22,10/16/25,5,8,Lake
25608,10/31/23,NA,3,5,Lake
25609,10/5/23,NA,14,16,Cook
25611,11/11/24,10/7/25,4,4,Will
25612,1/1/22,3/4/22,4,4,Will
25614,9/7/24,11/16/25,11,12,DuPage
25615,3/17/25,NA,6,7,DuPage
25616,8/4/22,NA,14,17,DuPage
25617,5/23/23,NA,7,10,LaSalle
25618,1/1/22,NA,0,4,DuPage
25620,11/13/25,NA,3,3,DuPage
25621,12/10/23,NA,15,17,Lake
25622,1/21/26,NA,7,7,Peoria
25623,11/29/23,12/9/23,9,9,Will
25626,11/25/25,NA,13,13,Peoria
25627,1/1/22,3/26/22,8,8,Rock Island
25628,9/11/22,NA,5,8,DuPage
25629,1/1/22,2/25/26,9,13,Kane
25632,12/31/25,1/9/26,9,9,Morgan
25634,1/1/22,8/27/24,8,10,Winnebago
25636,1/1/22,NA,11,15,Will
25637,1/1/22,7/13/23,9,10,Cook
25639,1/1/22,7/3/23,15,16,DuPage
25640,12/17/22,NA,9,12,Will
25644,1/1/22,NA,4,8,Will
25645,1/1/22,7/24/22,9,9,Kane
25647,6/21/25,10/2/25,7,7,Cook
25649,1/1/22,12/30/23,9,10,Cook
25657,1/1/22,3/27/22,16,16,Rock Island
25659,1/1/22,NA,12,16,Cook
25661,1/1/22,6/27/24,10,12,Cook
25665,8/7/22,11/11/25,13,16,DuPage
25668,3/5/24,7/12/24,16,16,Jefferson
25671,3/28/23,8/26/23,2,2,Will
25674,1/14/25,2/1/25,8,8,Cook
25676,6/30/24,NA,2,4,Cook
25677,2/17/25,10/8/25,15,15,Cook
25680,5/30/22,1/21/23,13,13,Effingham
25681,1/1/22,10/6/24,4,6,Lake
25682,9/14/25,NA,12,12,McHenry
25684,1/1/22,NA,11,15,DuPage
25685,8/1/25,NA,14,14,Champaign
25686,1/1/22,4/16/23,13,14,Lee
25689,7/15/22,NA,3,6,Madison
25692,6/6/23,12/11/23,3,3,Will
25695,1/1/22,11/23/25,7,10,Kane
25699,1/1/22,3/20/26,0,4,McLean
25700,12/16/22,2/28/25,1,3,Cook
25702,1/1/22,NA,11,15,Peoria
25703,4/4/24,NA,7,9,Will
25705,1/1/22,7/21/24,7,9,Kane
25707,1/1/22,3/28/22,3,3,Will
25709,1/1/22,NA,11,15,Adams
25713,1/1/22,NA,10,14,Cook
25716,1/21/23,NA,13,16,Madison
25722,2/10/26,NA,1,1,LaSalle
25723,6/10/26,NA,4,4,Peoria
25727,9/18/22,5/22/26,8,11,Cook
25728,11/4/23,NA,5,7,Cook
25731,1/1/22,2/1/26,2,6,Lake
25735,1/1/22,2/7/24,1,3,Cook
25736,1/1/22,5/27/24,6,8,Cook
25744,1/20/22,6/10/24,3,5,Cook
25745,9/26/24,NA,10,11,DuPage
25746,4/5/22,1/2/23,13,13,Lake
25747,6/1/26,NA,1,1,Jackson
25751,1/1/22,8/17/24,11,13,Morgan
25752,1/1/22,1/30/24,0,2,Will
25755,1/1/22,7/2/22,17,17,Cook
25759,2/15/23,NA,7,10,Lake
25763,1/1/22,NA,7,11,McHenry
25764,5/18/24,NA,4,6,Livingston
25765,1/1/22,5/12/25,10,13,Madison
25769,1/1/22,4/5/23,13,14,Fulton
25770,1/1/22,NA,11,15,Kane
25774,9/22/25,NA,5,5,Lake
25775,1/1/22,NA,12,16,Lake
25776,1/1/22,NA,9,13,Cook
25777,1/1/22,7/25/23,12,13,DuPage
25779,1/1/22,NA,8,12,St. Clair
25780,9/10/25,NA,14,14,DuPage
25782,1/1/22,NA,10,14,Madison
25783,1/1/22,9/26/22,8,8,Will
25784,1/1/22,NA,10,14,Clinton
25787,12/27/24,NA,15,16,Jefferson
25788,11/18/22,NA,13,16,Cook
25789,1/1/22,NA,9,13,Cook
25791,1/1/22,2/28/22,3,3,Will
25792,4/19/24,NA,1,3,Will
25793,1/1/22,5/15/22,4,4,Madison
25795,5/1/22,NA,0,4,Kane
25798,1/1/22,NA,4,8,Cook
25799,1/1/22,11/15/25,1,4,LaSalle
25807,12/24/24,NA,15,16,Cook
25808,1/1/22,3/20/22,13,13,Lake
25810,1/1/22,2/22/22,10,10,Cook
25812,1/1/22,1/3/26,1,5,Rock Island
25816,10/5/24,NA,0,1,Will
25820,1/1/22,1/12/23,6,7,Cook
25821,8/18/24,NA,7,8,Will
25823,1/1/22,NA,4,8,Peoria
25824,7/29/23,7/16/24,6,6,DuPage
25825,6/16/22,9/5/22,17,17,Will
25826,1/1/22,8/6/22,5,5,Will
25828,7/9/25,NA,9,9,Cook
25830,12/18/24,2/9/25,3,3,Cook
25837,1/1/22,NA,9,13,Cook
25838,4/10/22,11/8/23,3,4,LaSalle
25840,5/1/23,5/18/23,0,0,DuPage
25841,5/19/24,NA,15,17,Kane
25846,1/1/22,NA,9,13,Sangamon
25847,6/10/26,NA,12,12,DuPage
25848,1/1/22,NA,1,5,McHenry
25853,1/1/22,NA,0,4,DuPage
25854,1/10/24,1/27/24,1,1,DuPage
25857,1/1/22,11/15/23,9,10,LaSalle
25860,8/25/24,NA,9,10,Will
25861,5/20/26,NA,12,12,DuPage
25866,3/31/23,NA,3,6,Kane
25868,8/28/25,NA,2,2,Johnson
25869,1/1/22,3/18/23,3,4,Cook
25872,1/1/22,NA,2,6,Whiteside
25875,1/26/26,NA,3,3,Will
25878,1/1/22,1/23/25,14,17,Cook
25879,1/1/22,12/5/25,14,17,Kane
25881,1/1/22,3/3/26,9,13,Cook
25882,1/1/22,10/6/25,3,6,Cook
25885,9/6/25,10/11/25,1,1,Rock Island
25886,1/1/22,5/31/22,0,0,Kane
25887,1/1/22,4/13/24,5,7,Will
25888,1/1/22,8/24/24,2,4,McHenry
25889,1/1/22,1/29/24,2,4,Sangamon
25890,1/1/22,6/19/22,4,4,St. Clair
25893,1/4/24,NA,15,17,Cook
25897,1/1/22,NA,10,14,Peoria
25899,1/1/22,6/17/24,5,7,Will
25900,1/1/22,10/26/24,10,12,Winnebago
25902,1/1/22,1/23/22,6,6,Will
25903,1/29/26,NA,3,3,McHenry
25904,1/1/22,1/22/23,14,15,Boone
25906,10/2/25,NA,2,2,Will
25907,6/6/26,NA,1,1,Kane
25908,9/19/23,NA,11,13,Madison
25909,1/1/22,NA,12,16,Lake
25910,1/1/22,4/3/24,8,10,Cook
25913,12/3/22,12/26/22,15,15,Lake
25917,1/1/22,8/15/24,11,13,Rock Island
25919,4/24/22,2/7/26,7,10,Kane
25921,1/1/22,8/5/25,5,8,DuPage
25922,6/6/23,10/11/23,16,16,DuPage
25923,1/1/22,11/27/23,8,9,Wabash
25925,3/15/22,8/14/22,12,12,Kane
25927,12/29/24,NA,12,13,DuPage
25928,1/1/22,NA,1,5,Cook
25929,2/12/22,NA,1,5,Cook
25934,11/16/24,NA,10,11,DuPage
25936,1/1/22,NA,3,7,Christian
25938,10/31/25,NA,4,4,Vermilion
25939,3/22/23,NA,5,8,DuPage
25942,2/28/26,NA,17,17,Will
25943,1/2/22,9/21/23,4,5,Champaign
25944,1/1/22,NA,9,13,Monroe
25947,1/1/22,6/2/25,1,4,Kane
25948,9/4/22,NA,6,9,Will
25953,1/1/22,1/24/24,15,17,Ogle
25954,1/1/22,NA,3,7,Boone
25956,10/13/25,NA,10,10,Cook
25957,1/1/22,1/20/25,3,6,McHenry
25958,2/1/23,11/13/23,0,0,Cook
25960,1/1/22,8/20/22,11,11,DuPage
25962,1/1/22,NA,12,16,Stephenson
25965,1/16/25,NA,12,13,DeKalb
25966,1/1/22,NA,0,4,Cook
25968,5/5/25,NA,15,16,Vermilion
25969,8/30/25,NA,9,9,Cook
25970,2/19/22,8/11/23,7,8,Cook
25973,6/12/24,6/27/24,3,3,LaSalle
25975,1/1/22,3/11/22,1,1,Kane
25978,1/1/22,4/16/24,8,10,Will
25980,1/16/26,NA,10,10,Logan
25983,1/1/22,1/10/24,3,5,Greene
25984,4/20/22,1/7/24,0,1,Kane
25985,1/1/22,8/25/24,12,14,McLean
25986,1/1/22,5/31/23,14,15,Sangamon
25987,12/25/22,8/17/24,14,15,Lake
25988,1/1/22,3/17/22,9,9,Lee
25989,11/7/23,NA,9,11,DuPage
25991,8/20/25,NA,12,12,Kane
25994,1/1/22,5/29/23,0,1,Bond
25995,1/1/22,7/2/23,16,17,Cook
25996,1/1/22,4/29/26,12,16,Cook
25997,8/6/24,NA,2,3,Lake
25999,1/1/22,6/26/22,15,15,Rock Island
26000,5/10/22,NA,12,16,Macon
26001,6/23/22,1/6/24,9,10,Kendall
26003,1/1/22,NA,0,4,Cook
26004,3/31/23,1/27/26,2,4,DuPage
26005,5/21/23,5/30/23,10,10,Lake
26006,7/30/24,NA,8,9,Iroquois
26007,1/1/22,4/24/22,8,8,DuPage
26009,6/9/24,6/19/24,15,15,Cook
26010,5/6/24,8/9/25,13,14,Cook
26012,1/1/22,NA,2,6,Will
26014,1/1/22,12/9/25,5,8,Macon
26015,4/17/26,NA,0,0,McLean
26016,1/1/22,NA,5,9,Cook
26017,12/5/22,NA,8,11,Marshall
26018,1/1/22,5/30/24,8,10,Cook
26020,7/18/22,NA,14,17,Rock Island
26023,4/28/22,6/1/25,6,9,Cook
26024,1/1/22,NA,7,11,Union
26026,5/23/22,6/17/22,10,10,DuPage
26029,6/22/22,10/23/23,1,2,Cook
26030,5/20/22,NA,10,14,McHenry
26031,1/1/22,8/12/22,5,5,Cook
26032,1/1/22,11/5/25,5,8,Cook
26033,7/7/25,9/11/25,10,10,Tazewell
26035,5/23/25,NA,7,8,Cook
26039,1/1/22,2/22/26,1,5,Cook
26043,7/25/24,10/29/25,15,16,DuPage
26045,6/29/22,NA,8,12,Cook
26046,11/5/25,NA,10,10,Will
26047,1/1/22,NA,1,5,Champaign
26048,7/19/23,NA,12,14,Grundy
26049,1/1/22,NA,11,15,Will
26050,2/12/26,NA,3,3,DuPage
26051,7/9/25,NA,1,1,DeKalb
26052,1/29/24,NA,0,2,McHenry
26053,1/1/22,10/1/22,10,10,Morgan
26054,6/18/22,1/14/23,17,17,Henry
26056,5/11/25,NA,5,6,Vermilion
26058,1/1/22,11/29/24,4,6,Cook
26061,12/10/23,6/16/26,14,16,McLean
26062,7/16/23,3/28/26,2,4,Lake
26063,1/1/22,5/26/24,10,12,Kendall
26064,8/8/24,8/11/24,3,3,Macon
26065,3/15/26,NA,17,17,Kane
26070,1/1/22,7/22/24,9,11,Lake
26071,1/1/22,8/4/25,14,17,Crawford
26072,1/1/22,9/15/22,12,12,Kankakee
26074,3/20/25,NA,7,8,Will
26075,1/1/22,5/22/26,1,5,Lake
26077,10/24/22,6/4/26,3,6,Macon
26078,3/14/23,NA,1,4,DeKalb
26080,8/20/23,NA,5,7,Cook
26081,1/1/22,NA,5,9,Kane
26083,1/1/22,NA,1,5,Will
26087,12/2/22,12/6/22,9,9,Lake
26089,1/3/25,NA,4,5,Cook
26090,1/23/24,NA,8,10,Will
26092,12/12/24,NA,10,11,Kane
26094,5/29/23,4/1/26,8,10,DuPage
26095,6/1/26,NA,16,16,Cook
26097,6/29/23,10/12/24,5,6,Fulton
26102,1/1/22,7/10/23,7,8,Lake
26105,6/27/22,8/12/22,15,15,Woodford
26111,2/10/23,NA,0,3,Lake
26112,1/1/22,4/28/26,5,9,Madison
26114,4/22/24,NA,10,12,Adams
26115,8/15/22,NA,7,10,DuPage
26116,4/28/22,12/4/22,6,6,DuPage
26117,1/1/22,NA,10,14,DuPage
26118,1/1/22,NA,2,6,DuPage
26120,10/22/25,NA,12,12,Cook
26122,11/22/24,NA,2,3,Cook
26124,9/10/23,NA,10,12,DuPage
26126,1/1/22,NA,13,17,Rock Island
26128,9/9/23,1/3/24,16,16,Lake
26132,1/1/22,12/29/24,11,13,Ogle
26133,1/1/22,NA,3,7,McLean
26135,11/29/22,12/12/22,8,8,Lake
26136,1/1/22,5/21/23,1,2,Ford
26138,9/23/23,10/30/23,6,6,Montgomery
26144,5/13/26,NA,8,8,Kankakee
26145,3/28/26,NA,16,16,DuPage
26147,1/1/22,NA,12,16,DuPage
26148,9/4/25,NA,9,9,Cook
26149,5/25/22,NA,5,9,Henry
26150,1/1/22,12/4/25,1,4,Kane
26153,1/8/23,11/19/25,5,7,Cook
26154,3/2/22,3/25/25,12,15,Sangamon
26155,1/1/22,NA,10,14,Cook
26158,3/1/25,NA,2,3,Cook
26159,2/18/22,NA,3,7,Cook
26160,1/1/22,NA,10,14,Cook
26161,1/1/22,12/24/22,16,16,Will
26162,6/22/26,NA,11,11,Will
26163,9/2/25,NA,9,9,Cook
26165,1/1/22,4/18/23,3,4,Madison
26169,10/14/24,4/19/25,16,16,Morgan
26170,1/1/22,1/26/24,1,3,Cook
26171,3/16/22,11/14/24,9,11,Peoria
26178,11/23/22,3/15/23,11,11,Cook
26184,1/1/22,NA,3,7,Ogle
26187,1/1/22,9/22/22,6,6,McHenry
26189,1/1/22,NA,10,14,Will
26191,6/20/22,1/11/23,15,15,Tazewell
26192,5/25/24,NA,15,17,Grundy
26195,1/1/22,10/6/24,12,14,DuPage
26196,1/1/22,NA,3,7,McHenry
26199,12/15/22,NA,12,15,Clinton
26200,1/1/22,10/12/24,12,14,Whiteside
26202,1/1/22,NA,2,6,DuPage
26204,1/1/22,3/9/22,0,0,DuPage
26205,2/3/22,NA,9,13,Lake
26206,7/22/24,NA,12,13,DuPage
26207,1/1/22,6/13/23,9,10,Lee
26208,1/1/22,NA,13,17,St. Clair
26212,1/1/22,6/21/23,9,10,Will
26214,1/1/22,1/20/23,10,11,Cook
26216,1/1/22,10/23/24,11,13,Will
26219,3/18/24,NA,7,9,Clark
26222,1/1/22,NA,4,8,Cook
26225,2/8/24,NA,3,5,Kane
26226,1/1/22,1/10/22,10,10,Will
26227,1/1/22,NA,0,4,Sangamon
26228,1/4/25,5/18/25,17,17,DuPage
26230,6/6/22,NA,13,17,McHenry
26235,1/1/22,6/21/25,11,14,Cook
26236,9/3/23,NA,0,2,Union
26237,3/28/25,NA,4,5,Cook
26238,7/29/22,11/22/25,5,8,DuPage
26239,1/1/22,NA,1,5,Lake
26241,9/26/22,7/22/25,1,3,Will
26243,5/29/26,NA,3,3,Kane
26244,5/24/22,NA,9,13,Kane
26245,1/1/22,6/7/26,8,12,Stephenson
26246,6/1/22,3/16/23,17,17,Lake
26247,1/1/22,NA,9,13,Will
26248,1/1/22,12/3/23,3,4,Will
26252,11/1/25,NA,17,17,Lake
26253,2/2/23,2/18/23,5,5,DuPage
26256,3/6/26,NA,13,13,Knox
26258,8/24/23,2/1/24,4,4,Tazewell
26259,1/1/22,NA,7,11,Jasper
26260,1/1/22,5/1/25,10,13,Lake
26262,4/11/26,NA,11,11,Will
26264,1/1/22,10/23/23,12,13,Will
26265,6/26/25,NA,6,7,Macoupin
26266,3/25/22,4/19/22,6,6,Will
26267,1/1/22,10/16/25,12,15,Madison
26269,1/10/26,NA,13,13,Cook
26270,1/1/22,NA,7,11,Will
26272,1/1/22,2/19/24,4,6,Madison
26273,1/1/22,NA,3,7,Cook
26274,6/21/22,NA,2,6,DuPage
26279,1/18/23,NA,3,6,Cook
26283,1/1/22,8/26/25,8,11,Kane
26284,9/14/23,2/2/24,0,0,DuPage
26288,1/1/22,12/2/23,12,13,Will
26289,1/1/22,9/4/23,8,9,Cook
26290,1/1/22,NA,9,13,McLean
26292,1/1/22,NA,13,17,Cook
26293,1/1/22,NA,12,16,Winnebago
26294,8/21/24,11/6/24,12,12,DuPage
26298,1/1/22,NA,8,12,McHenry
26300,7/29/22,8/2/22,8,8,Adams
26303,7/30/22,NA,9,12,DeKalb
26305,10/25/22,10/22/24,13,14,Cook
26306,1/1/22,NA,11,15,DuPage
26308,1/1/22,7/6/23,8,9,Kane
26310,1/1/22,8/8/23,12,13,DuPage
26311,1/1/22,NA,12,16,Lake
26314,1/1/22,NA,4,8,Winnebago
26316,3/4/24,4/28/24,11,11,LaSalle
26319,9/7/24,NA,12,13,Cook
26321,3/10/24,NA,0,2,Will
26322,1/1/22,NA,10,14,Macoupin
26327,1/1/22,12/16/23,5,6,Lake
26328,1/1/22,NA,5,9,Lake
26329,8/26/25,NA,14,14,DuPage
26330,1/1/22,NA,1,5,Will
26331,4/3/24,4/6/24,13,13,Tazewell
26332,3/31/23,8/21/25,2,4,Cook
26333,3/20/26,NA,13,13,Henry
26334,1/1/22,5/3/24,2,4,Grundy
26335,12/1/24,NA,8,9,Will
26341,6/29/25,NA,16,17,Winnebago
26342,1/1/22,NA,13,17,Pope
26343,1/1/22,1/30/26,1,5,McLean
26344,1/1/22,5/7/22,15,15,Will
26345,1/1/22,NA,10,14,DuPage
26348,2/23/22,NA,7,11,Gallatin
26350,1/1/22,11/21/22,17,17,Cook
26352,1/1/22,5/20/22,2,2,Lake
26353,1/1/22,11/10/24,15,17,DuPage
26354,3/7/22,4/7/22,3,3,Cook
26355,1/1/22,2/12/23,4,5,Crawford
26356,10/25/23,NA,9,11,Cook
26358,7/24/23,10/15/23,0,0,Will
26363,6/22/25,NA,12,13,Cook
26365,1/1/22,6/5/23,14,15,Ford
26366,1/1/22,12/4/24,13,15,Montgomery
26367,9/2/24,NA,15,16,Will
26369,1/1/22,4/20/24,1,3,Crawford
26372,10/18/25,NA,3,3,Kendall
26377,1/1/22,7/12/24,11,13,Winnebago
26378,1/16/22,NA,3,7,Cook
26380,1/1/22,12/6/22,2,2,McHenry
26382,1/1/22,NA,0,4,Coles
26384,1/1/22,12/20/24,11,13,DuPage
26386,1/1/22,1/11/22,13,13,DuPage
26387,7/20/25,NA,8,8,DuPage
26393,1/1/22,2/17/24,2,4,St. Clair
26394,11/6/23,11/11/25,8,10,Cook
26396,1/1/22,8/10/23,6,7,Cook
26397,6/11/26,NA,2,2,Cook
26399,8/13/23,NA,9,11,Rock Island
26400,6/3/23,NA,1,4,DuPage
26402,1/1/22,7/3/24,8,10,Winnebago
26404,8/6/24,8/8/24,1,1,DuPage
26406,1/1/22,1/8/22,8,8,Cook
26407,1/27/23,12/9/25,5,7,St. Clair
26408,12/9/25,NA,3,3,Cook
26410,3/29/22,4/2/24,15,17,LaSalle
26411,3/25/26,5/7/26,12,12,Cook
26414,1/1/22,3/15/25,9,12,Fayette
26419,12/9/25,NA,13,13,Vermilion
26422,7/24/22,8/24/22,4,4,Cook
26423,9/30/24,NA,12,13,Kendall
26424,1/1/22,NA,4,8,St. Clair
26425,1/1/22,4/22/24,2,4,Cook
26426,1/1/22,1/29/23,12,13,Lake
26429,1/1/22,NA,0,4,Lake
26430,3/30/23,2/17/25,0,1,Lake
26432,7/17/23,7/28/23,10,10,LaSalle
26435,3/3/25,NA,13,14,Cook
26440,1/1/22,4/2/22,1,1,Cook
26441,10/19/23,NA,14,16,Will
26442,8/6/23,NA,13,15,Will
26443,4/9/22,5/25/23,6,7,Cook
26448,7/23/23,NA,15,17,McHenry
26449,6/30/23,NA,7,10,McLean
26451,12/9/23,NA,7,9,Winnebago
26452,1/1/22,7/14/24,13,15,Cook
26453,8/26/24,NA,14,15,Cook
26454,1/1/22,3/13/22,13,13,Hardin
26456,9/5/23,NA,11,13,DuPage
26457,3/21/26,NA,7,7,Cook
26459,8/22/22,11/22/25,3,6,Madison
26460,1/1/22,NA,7,11,Lake
26461,6/28/25,12/26/25,0,0,Kane
26462,1/1/22,8/13/23,8,9,Cook
26463,4/20/26,NA,8,8,Macon
26465,2/19/26,NA,7,7,Lake
26470,4/7/25,NA,10,11,Adams
26471,3/23/22,1/15/26,9,12,Clay
26473,4/30/24,NA,2,4,Kane
26475,1/1/22,NA,3,7,DuPage
26478,10/30/24,NA,3,4,Piatt
26479,1/1/22,NA,10,14,Champaign
26480,5/3/25,1/31/26,14,14,Kane
26481,1/23/26,NA,17,17,Cook
26482,10/8/22,12/7/22,17,17,McLean
26484,12/22/23,5/17/24,17,17,Iroquois
26487,7/3/22,12/9/25,8,11,Winnebago
26488,11/13/23,NA,11,13,Madison
26489,6/30/22,NA,1,5,Cook
26490,1/1/22,NA,9,13,Cook
26492,1/1/22,NA,7,11,Kane
26493,4/30/22,NA,3,7,Kane
26494,3/1/22,NA,13,17,Lake
26495,1/1/22,7/13/24,11,13,DuPage
26496,1/22/22,NA,10,14,Kane
26497,6/25/23,10/9/23,1,1,St. Clair
26498,10/21/23,NA,0,2,Will
26501,4/8/26,NA,17,17,Cook
26502,1/1/22,NA,7,11,DuPage
26503,1/1/22,2/2/24,15,17,Madison
26504,1/1/22,1/23/23,2,3,Cook
26508,9/14/23,4/3/25,0,1,Jo Daviess
26509,1/1/22,NA,12,16,Cook
26511,1/1/22,NA,8,12,Franklin
26512,1/1/22,3/9/24,10,12,Cook
26513,6/12/23,NA,9,12,McHenry
26514,4/8/26,NA,1,1,McHenry
26515,1/1/22,9/20/22,16,16,McHenry
26516,6/15/25,NA,4,5,Lake
26517,1/1/22,NA,0,4,Winnebago
26518,5/26/25,NA,1,2,Rock Island
26519,12/29/23,10/19/24,15,15,Tazewell
26527,1/1/22,NA,13,17,McHenry
26532,9/1/24,NA,14,15,McLean
26534,1/1/22,NA,4,8,DuPage
26537,1/1/22,5/9/25,13,16,Champaign
26539,5/24/24,6/4/24,9,9,DuPage
26541,1/4/23,4/21/25,12,14,Rock Island
26543,2/23/24,NA,13,15,Cook
26544,2/19/22,10/17/24,9,11,Kane
26546,1/5/23,4/22/25,0,2,Cook
26550,1/1/22,NA,6,10,Peoria
26551,3/15/26,NA,2,2,Jasper
26552,4/8/24,NA,6,8,Will
26555,4/5/25,NA,11,12,Sangamon
26556,11/22/22,NA,7,10,Whiteside
26559,1/1/22,NA,9,13,Cook
26560,3/19/22,NA,4,8,DuPage
26561,1/1/22,12/22/25,7,10,Cook
26568,6/25/22,5/4/26,10,13,Kane
26569,7/7/25,NA,7,7,DuPage
26571,12/13/22,NA,6,9,Will
26573,6/30/22,NA,4,8,St. Clair
26577,1/1/22,NA,9,13,Cook
26578,3/9/26,NA,0,0,McHenry
26583,1/1/22,5/27/22,3,3,Clinton
26584,1/1/22,NA,12,16,DuPage
26586,1/1/22,2/28/26,13,17,Cook
26588,3/28/24,NA,13,15,DuPage
26590,1/1/22,12/20/24,11,13,Livingston
26592,8/22/24,NA,15,16,McHenry
26595,1/1/22,4/9/23,1,2,Cook
26597,1/1/22,NA,0,4,Kendall
26598,1/1/22,10/3/22,11,11,Cook
26601,1/1/22,4/29/23,11,12,Gallatin
26605,1/1/22,2/24/25,14,17,DeKalb
26606,1/1/22,11/12/23,11,12,Lake
26607,3/5/22,NA,8,12,Will
26609,1/1/22,NA,13,17,Lake
26610,2/6/24,NA,11,13,Cook
26611,1/1/22,NA,12,16,Winnebago
26612,1/1/22,8/31/23,6,7,Logan
26614,2/6/23,NA,5,8,DuPage
26615,9/12/22,NA,3,6,Cook
26621,1/1/22,2/25/22,0,0,Vermilion
26622,1/1/22,NA,11,15,DuPage
26623,2/21/25,NA,4,5,Cook
26624,10/23/25,NA,14,14,Cook
26625,1/1/22,3/10/23,15,16,Kane
26626,1/15/23,NA,2,5,DuPage
26629,5/29/25,NA,2,3,Cook
26630,1/1/22,NA,13,17,Will
26633,6/1/23,NA,12,15,Kendall
26634,9/3/22,12/18/25,2,5,Lake
26636,8/11/23,11/22/23,8,8,Lake
26639,6/13/22,NA,9,13,DuPage
26640,1/1/22,NA,6,10,Iroquois
26641,2/6/26,4/21/26,14,14,Lake
26642,1/1/22,4/16/23,15,16,Cook
26643,1/1/22,11/12/23,1,2,McHenry
26645,11/2/23,NA,2,4,Cook
26646,3/18/22,9/8/25,8,11,Cook
26650,1/1/22,12/27/23,7,8,Effingham
26653,1/1/22,NA,6,10,Cook
26654,3/5/23,NA,4,7,Kane
26655,5/21/23,NA,14,17,Cook
26657,4/25/25,NA,6,7,Cook
26658,1/1/22,12/23/24,7,9,Cook
26661,1/1/22,3/6/24,6,8,Peoria
26664,1/1/22,6/3/22,17,17,Rock Island
26665,9/29/22,5/5/24,2,3,Cook
26667,5/13/24,NA,14,16,Mercer
26669,1/1/22,1/10/24,7,9,Winnebago
26671,1/1/22,4/14/22,17,17,Cook
26673,9/19/23,NA,5,7,Grundy
26674,1/1/22,3/28/24,11,13,Cook
26675,1/1/22,1/13/22,0,0,Will
26676,1/1/22,NA,7,11,Cook
26677,2/20/23,3/12/23,8,8,Champaign
26678,1/1/22,7/29/24,11,13,LaSalle
26680,4/1/26,NA,15,15,Fayette
26682,1/1/22,10/1/23,3,4,Will
26689,1/1/22,4/6/26,7,11,DuPage
26692,1/1/22,NA,2,6,St. Clair
26693,1/3/25,NA,9,10,Cook
26695,1/1/22,6/11/24,2,4,LaSalle
26696,1/1/22,NA,13,17,Rock Island
26698,4/16/25,NA,14,15,Kane
26700,1/1/22,NA,1,5,Kane
26702,4/29/25,NA,11,12,Madison
26704,1/1/22,NA,5,9,Kane
26707,3/11/23,NA,5,8,Cook
26711,8/17/23,1/3/26,14,16,Winnebago
26712,9/27/24,3/25/25,9,9,Will
26713,12/1/22,8/3/23,0,0,Kane
26714,7/24/25,12/26/25,17,17,DuPage
26718,1/1/22,10/1/22,14,14,St. Clair
26719,1/1/22,12/21/25,0,3,Cook
26720,2/1/24,4/2/24,7,7,Cook
26721,3/10/26,NA,12,12,Cook
26722,8/30/22,2/19/23,6,6,Winnebago
26724,1/1/22,9/11/25,12,15,Williamson
26726,1/1/22,2/8/22,12,12,Pike
26727,1/1/22,NA,2,6,Cook
26728,1/1/22,NA,3,7,Will
26729,1/1/22,6/13/22,2,2,DuPage
26730,2/29/24,NA,9,11,DuPage
26732,10/2/25,11/25/25,11,11,Boone
26735,3/4/26,NA,1,1,Kendall
26738,2/8/23,NA,14,17,McHenry
26741,10/15/22,NA,8,11,Jefferson
26742,6/6/22,9/20/24,7,9,Rock Island
26743,1/1/22,NA,10,14,Will
26745,1/1/22,NA,11,15,McHenry
26746,12/26/25,NA,0,0,St. Clair
26747,1/1/22,10/27/22,13,13,Lake
26748,2/3/26,NA,14,14,DuPage
26750,10/26/22,6/11/24,9,10,Cook
26751,7/13/23,NA,14,16,DuPage
26753,1/1/22,NA,12,16,DuPage
26755,6/29/22,NA,11,15,DuPage
26759,1/1/22,NA,6,10,Cook
26760,1/1/22,11/21/24,5,7,Effingham
26762,1/1/22,4/12/23,12,13,DuPage
26764,10/21/25,NA,7,7,Saline
26765,9/20/23,NA,13,15,White
26767,5/23/25,NA,1,2,Cook
26768,7/6/23,NA,8,10,Kane
26769,12/26/23,NA,12,14,Kane
26770,1/1/22,10/10/23,7,8,Cook
26773,1/1/22,NA,12,16,Madison
26774,1/1/22,NA,13,17,Tazewell
26775,1/1/22,12/4/24,6,8,Cook
26779,1/1/22,5/30/22,14,14,St. Clair
26780,1/1/22,NA,6,10,Kane
26782,10/25/25,NA,15,15,Will
26783,1/1/22,8/23/25,4,7,DuPage
26784,1/1/22,11/27/25,11,14,Lake
26785,11/7/23,NA,8,10,Cook
26787,1/1/22,1/31/23,6,7,Lake
26788,8/3/25,NA,13,13,Peoria
26790,3/11/26,NA,11,11,Will
26791,8/26/22,NA,11,14,DuPage
26792,3/8/23,NA,5,8,Rock Island
26793,1/1/22,NA,2,6,Cook
26794,10/17/22,NA,6,9,Kane
26795,1/1/22,1/24/22,4,4,Clay
26796,1/1/22,4/22/24,8,10,DuPage
26797,1/1/22,8/11/25,12,15,LaSalle
26798,1/1/22,NA,0,4,Macon
26801,11/25/25,NA,9,9,Macoupin
26802,10/2/23,12/6/23,1,1,DuPage
26804,8/26/22,2/5/24,13,14,Kane
26806,1/1/22,8/2/25,11,14,Livingston
26807,2/28/25,6/25/26,15,16,Cook
26808,1/1/22,5/12/24,9,11,Cook
26809,12/5/25,NA,17,17,DuPage
26812,1/1/22,8/15/22,7,7,Kankakee
26821,6/30/22,10/11/24,3,5,Cook
26822,1/1/22,4/22/23,0,1,Franklin
26823,6/11/24,6/26/24,9,9,DuPage
26824,1/1/22,7/18/22,6,6,Monroe
26825,1/15/24,NA,10,12,McHenry
26826,1/27/25,NA,3,4,Will
26827,10/10/25,NA,8,8,St. Clair
26828,1/1/22,6/11/26,3,7,Sangamon
26829,2/12/26,NA,14,14,Will
26831,1/1/22,4/13/25,2,5,Cook
26832,1/1/22,9/7/23,3,4,Cook
26833,1/1/22,4/4/23,2,3,Madison
26835,1/1/22,NA,9,13,Champaign
26836,7/26/25,NA,10,10,Will
26837,10/27/24,NA,15,16,Cook
26838,11/10/23,NA,5,7,Champaign
26841,2/10/23,NA,9,12,Cook
26842,5/4/22,NA,0,4,Kane
26845,1/1/22,NA,9,13,Cook
26846,1/1/22,NA,10,14,Jefferson
26847,1/1/22,3/12/22,16,16,LaSalle
26848,1/1/22,6/23/22,15,15,Lake
26849,5/24/23,6/8/23,4,4,McHenry
26852,1/1/22,5/17/22,4,4,Kankakee
26853,1/1/22,NA,6,10,Cook
26854,4/17/23,NA,4,7,Will
26855,3/13/23,8/6/23,13,13,Cook
26857,5/22/23,NA,1,4,Sangamon
26859,1/16/26,NA,3,3,Champaign
26860,12/14/23,NA,12,14,Cook
26861,1/1/22,1/9/23,7,8,Kendall
26865,1/1/22,NA,6,10,Champaign
26866,10/19/23,NA,15,17,Lake
26867,4/29/25,NA,16,17,DuPage
26868,10/7/25,NA,0,0,Cook
26869,1/1/22,NA,12,16,Winnebago
26873,4/26/24,NA,1,3,Cook
26878,1/1/22,12/17/22,8,8,Cook
26886,1/1/22,4/16/22,6,6,DuPage
26888,5/22/24,NA,15,17,Kendall
26889,1/1/22,9/22/23,8,9,DuPage
26892,4/19/24,12/12/25,2,3,Scott
26893,1/1/22,10/20/23,8,9,Cook
26894,1/1/22,3/13/22,8,8,Iroquois
26895,9/26/24,9/28/24,7,7,Cook
26898,1/1/22,NA,7,11,Boone
26899,11/11/22,7/14/24,2,3,Stephenson
26900,1/1/22,NA,9,13,DuPage
26901,1/1/22,10/31/23,6,7,DuPage
26902,1/1/22,NA,10,14,McHenry
26903,1/1/22,3/11/26,5,9,McLean
26904,11/10/22,NA,12,15,Lake
26905,1/18/25,NA,4,5,Kane
26908,12/30/23,2/8/24,17,17,Cook
26913,8/16/25,NA,8,8,Madison
26914,12/11/25,NA,14,14,Lake
26915,1/1/22,3/23/25,5,8,DuPage
26917,1/1/22,7/27/22,9,9,Lake
26919,1/1/22,11/19/22,11,11,Kendall
26920,1/1/22,3/18/22,17,17,Will
26922,5/8/23,4/17/24,9,9,Kane
26923,6/7/25,5/10/26,9,9,DuPage
26924,1/1/22,1/9/22,1,1,Clinton
26925,1/1/24,NA,2,4,Rock Island
26926,1/10/22,11/11/22,12,12,Kane
26927,1/1/22,9/11/23,14,15,De Witt
26929,1/1/22,9/27/23,10,11,DuPage
26932,1/1/22,5/22/26,4,8,Coles
26937,1/1/22,NA,13,17,Jersey
26938,1/1/22,NA,1,5,Sangamon
26940,1/1/22,6/16/26,1,5,Lake
26945,1/1/22,NA,4,8,Will
26948,5/11/25,NA,1,2,Kane
26952,1/1/22,5/15/22,4,4,Will
26958,3/20/22,NA,10,14,Jersey
26961,4/21/25,NA,11,12,Coles
26962,3/3/22,NA,12,16,McHenry
26964,1/1/22,NA,2,6,Marion
26967,11/4/22,11/22/22,12,12,Sangamon
26968,11/21/24,NA,16,17,DuPage
26969,4/3/22,NA,10,14,Cook
26970,6/4/22,3/6/24,7,8,Williamson
26971,1/1/22,NA,12,16,Cook
26972,12/6/25,NA,1,1,Cook
26973,1/1/22,7/2/25,5,8,Cook
26974,1/1/22,1/24/22,0,0,Cook
26975,3/22/22,NA,7,11,McHenry
26976,5/26/22,NA,8,12,Jo Daviess
26977,1/1/22,5/3/22,15,15,Rock Island
26981,1/1/22,NA,8,12,Will
26983,1/1/22,5/17/22,14,14,Cook
26984,1/1/22,NA,4,8,Will
26985,2/25/23,NA,2,5,Macon
26986,8/31/23,NA,0,2,Boone
26988,1/1/22,5/15/22,5,5,Hardin
26992,5/9/25,NA,8,9,Lake
26995,12/15/24,NA,6,7,Jackson
26999,9/27/25,11/27/25,15,15,Cook
27000,4/18/26,NA,3,3,Cook
27002,4/7/26,NA,17,17,Kane
27004,1/1/22,2/8/22,9,9,Cook
27005,1/1/22,1/25/22,7,7,Cook
27008,5/17/26,NA,17,17,DuPage
27009,1/1/22,11/8/23,6,7,DuPage
27012,6/13/23,10/8/23,15,15,Jo Daviess
27013,1/1/22,3/5/23,2,3,Lake
27014,1/1/22,5/5/24,5,7,Will
27021,1/1/22,NA,1,5,Cook
27022,1/1/22,8/27/22,16,16,Lake
27024,1/1/22,NA,12,16,Kane
27025,11/6/24,NA,7,8,Stephenson
27028,1/1/22,8/7/23,16,17,Cook
27029,5/30/24,6/30/24,0,0,Hancock
27030,1/27/26,NA,14,14,Knox
27031,5/25/24,NA,15,17,Cook
27034,1/6/26,NA,9,9,Lake
27039,1/1/22,1/28/25,1,4,McHenry
27041,1/1/22,10/9/22,14,14,Cook
27044,1/1/22,2/9/25,0,3,DuPage
27045,1/1/22,NA,9,13,Kane
27046,11/14/25,NA,12,12,Cook
27047,9/20/22,NA,14,17,Will
27052,1/1/22,10/28/23,14,15,Jackson
27053,1/1/22,NA,5,9,Will
27054,1/1/22,NA,11,15,Lake
27055,11/10/23,10/11/25,15,16,Kane
27058,1/1/22,NA,10,14,Champaign
27059,2/22/24,12/21/25,11,12,DuPage
27060,8/2/23,NA,4,6,Cook
27063,4/14/23,NA,4,7,Lake
27066,6/10/23,NA,1,4,Kane
27067,7/3/25,NA,1,1,Rock Island
27069,6/14/26,NA,11,11,Cook
27074,2/18/24,NA,5,7,Jersey
27075,4/26/23,NA,2,5,Cook
27077,1/24/24,NA,7,9,Cook
27078,8/4/22,NA,11,14,Whiteside
27080,12/5/22,5/30/26,4,7,Lake
27081,1/1/22,5/2/24,11,13,DuPage
27086,1/1/22,3/25/22,2,2,Boone
27090,1/1/22,6/27/23,15,16,Will
27091,6/16/23,NA,11,14,Cook
27093,8/4/22,3/17/24,7,8,Cook
27095,6/11/26,NA,2,2,Coles
27096,3/19/25,NA,13,14,Cook
27097,1/1/22,NA,1,5,DuPage
27100,1/1/22,NA,12,16,Lake
27101,2/8/22,NA,1,5,Peoria
27102,1/1/22,NA,2,6,St. Clair
27103,4/23/24,NA,14,16,Montgomery
27106,1/1/22,12/20/22,4,4,Cook
27107,1/1/22,NA,3,7,Tazewell
27108,1/1/22,3/14/22,3,3,Kane
27113,8/7/22,NA,3,6,Monroe
27114,11/25/23,6/6/24,14,14,Saline
27115,1/1/22,4/8/23,3,4,Cook
27116,3/1/23,10/20/25,3,5,Lake
27118,11/10/25,NA,4,4,Cook
27124,1/1/22,6/22/22,5,5,Will
27125,10/4/25,NA,0,0,Champaign
27126,1/1/22,2/3/24,6,8,Will
27127,12/8/23,NA,7,9,Cook
27129,1/1/22,10/31/25,6,9,Kane
27130,10/7/24,NA,0,1,DuPage
27131,1/1/22,NA,12,16,Rock Island
27133,1/1/22,3/8/24,3,5,Fulton
27137,2/2/25,NA,11,12,DuPage
27138,12/7/25,NA,7,7,Kane
27139,8/10/25,NA,4,4,Peoria
27140,1/1/22,2/12/24,9,11,Will
27141,1/1/22,6/2/25,1,4,Cook
27143,6/15/24,NA,12,14,Lake
27144,1/1/22,2/24/26,6,10,Kane
27147,11/18/23,NA,3,5,Cook
27148,9/20/25,NA,12,12,Peoria
27149,12/22/23,6/5/25,8,9,Cook
27150,1/1/22,3/26/26,9,13,Cook
27151,5/8/23,11/22/23,7,7,Lake
27154,5/31/24,NA,2,4,McHenry
27156,4/22/26,NA,6,6,McLean
27157,1/1/22,NA,4,8,McLean
27161,7/1/22,4/23/23,5,5,Cook
27163,12/15/25,NA,2,2,Lake
27164,2/12/23,NA,1,4,Cook
27167,1/1/22,NA,6,10,DuPage
27168,5/14/23,5/8/25,4,5,Marion
27169,1/1/22,6/5/25,0,3,DuPage
27170,1/1/22,8/19/22,17,17,St. Clair
27172,1/1/22,1/18/24,7,9,Woodford
27174,8/21/25,NA,10,10,Madison
27176,8/22/22,NA,1,4,Cook
27179,1/1/22,6/4/22,12,12,Vermilion
27181,1/1/22,2/5/24,12,14,St. Clair
27182,11/12/23,4/18/26,8,10,Kendall
27184,6/29/23,7/23/23,6,6,Will
27185,11/6/22,NA,8,11,Cook
27186,1/1/22,11/11/24,4,6,Cook
27192,1/1/22,6/9/25,8,11,Franklin
27194,2/6/24,NA,13,15,Cook
27197,12/6/22,1/16/23,9,9,Cook
27199,9/30/25,NA,17,17,Cook
27200,1/10/24,NA,6,8,DuPage
27201,1/1/22,NA,9,13,Madison
27203,6/18/26,NA,7,7,McHenry
27205,11/27/24,NA,16,17,Lake
27206,1/1/22,NA,11,15,McHenry
27208,11/29/23,NA,0,2,Clinton
27213,12/14/25,NA,10,10,Champaign
27214,5/10/23,NA,10,13,Will
27215,10/20/23,5/28/26,12,14,Tazewell
27216,2/5/25,NA,15,16,DuPage
27218,1/1/22,NA,2,6,Cook
27220,7/24/24,NA,0,1,DuPage
27222,8/25/23,NA,2,4,Cook
27223,1/1/22,9/29/22,10,10,Cook
27224,7/2/23,2/8/26,14,16,Cook
27226,1/1/22,NA,9,13,Will
27227,1/31/25,4/7/25,1,1,Kendall
27228,6/8/23,5/17/25,10,11,Cook
27229,6/24/23,NA,11,14,DuPage
27232,1/1/22,NA,1,5,Will
27233,1/1/22,7/20/22,6,6,Winnebago
27236,4/20/22,2/15/23,7,7,Winnebago
27237,1/1/22,3/12/23,0,1,Macoupin
27238,1/1/22,6/8/24,13,15,Cook
27240,4/6/26,NA,6,6,DuPage
27241,1/1/22,4/17/25,3,6,DuPage
27242,1/1/22,10/1/24,13,15,Vermilion
27244,1/1/22,6/10/24,13,15,McHenry
27245,4/10/25,NA,7,8,DuPage
27247,1/1/22,7/11/22,16,16,Will
27248,11/9/24,NA,4,5,Rock Island
27249,6/28/24,10/18/24,0,0,Cook
27250,1/1/22,12/24/23,14,15,Will
27252,1/1/22,1/31/23,0,1,Winnebago
27254,1/1/22,NA,3,7,Cook
27255,1/1/22,8/23/24,7,9,Will
27256,3/29/23,NA,0,3,Williamson
27258,8/23/23,2/22/26,3,5,Stephenson
27259,1/1/22,4/4/24,7,9,Peoria
27260,2/22/23,8/9/24,11,12,McLean
27261,1/12/26,NA,12,12,Cook
27262,1/1/22,3/4/23,16,17,Cook
27263,1/1/22,NA,10,14,Will
27264,1/17/25,NA,7,8,Sangamon
27267,2/9/25,9/15/25,14,14,Schuyler
27268,1/1/22,NA,0,4,DuPage
27271,2/24/22,11/3/22,6,6,Cook
27273,3/23/24,NA,1,3,Kendall
27274,5/8/22,12/8/24,7,9,Lake
27276,10/27/22,NA,9,12,Bureau
27277,1/1/22,9/21/22,17,17,Fulton
27278,3/22/23,12/27/25,7,9,Lake
27281,1/1/22,10/27/25,12,15,Cook
27282,2/16/23,NA,9,12,Peoria
27283,7/7/22,4/7/24,13,14,Cumberland
27285,1/1/22,NA,5,9,Cook
27286,3/13/26,NA,15,15,DuPage
27288,1/1/22,3/31/22,3,3,Cook
27289,12/8/24,NA,5,6,DuPage
27292,1/1/22,12/25/23,4,5,Cook
27294,9/6/25,NA,0,0,Will
27295,7/11/23,NA,10,12,Kane
27296,11/11/22,NA,11,14,Stephenson
27299,1/1/22,NA,10,14,Cook
27300,1/1/22,4/17/23,3,4,Pope
27302,1/1/22,NA,13,17,Cook
27303,1/16/26,1/28/26,10,10,Madison
27304,1/1/22,7/30/22,15,15,Menard
27305,1/1/22,NA,4,8,Rock Island
27308,1/1/22,NA,8,12,McHenry
27309,1/1/22,NA,9,13,Cook
27311,1/1/22,NA,9,13,McHenry
27312,1/1/22,NA,9,13,Kane
27313,1/1/22,1/11/23,16,17,Will
27315,1/1/22,9/11/22,4,4,Cook
27317,11/4/25,NA,14,14,Jefferson
27322,1/1/22,NA,7,11,Lake
27325,1/1/22,NA,9,13,Lake
27326,3/13/22,NA,8,12,Randolph
27327,12/18/25,NA,13,13,Kankakee
27328,7/9/22,7/15/22,9,9,Lake
27330,1/1/22,8/11/25,5,8,Kane
27331,10/10/23,10/21/23,4,4,Will
27333,9/2/23,NA,15,17,DuPage
27344,12/6/22,NA,2,5,Will
27347,1/1/22,9/19/22,9,9,Cook
27353,9/5/23,NA,12,14,Will
27354,5/13/24,6/18/24,14,14,Cook
27356,12/29/23,8/8/24,6,6,Kane
27359,1/1/22,NA,10,14,Will
27360,8/1/24,NA,1,2,Cook
27361,1/1/22,1/19/22,7,7,Cook
27363,1/1/22,1/3/22,15,15,DuPage
27368,1/1/22,1/26/24,9,11,DuPage
27369,1/1/22,4/18/22,17,17,Lake
27371,1/1/22,NA,6,10,Cook
27372,9/5/22,4/26/23,1,1,Kendall
27373,7/5/25,NA,13,13,Kane
27374,6/14/22,2/2/23,11,11,Kane
27375,3/4/22,8/14/22,16,16,Jefferson
27376,10/26/25,NA,9,9,Cook
27381,1/1/22,10/19/25,2,5,Adams
27383,7/1/23,12/29/24,8,9,DeKalb
27390,1/1/22,11/6/25,10,13,Cook
27392,7/27/24,NA,4,5,Monroe
27393,6/29/26,NA,2,2,Cook
27396,11/21/25,NA,8,8,Cook
27399,3/10/23,4/30/23,6,6,Lake
27400,1/1/22,7/13/22,7,7,Kane
27401,2/7/22,3/19/22,16,16,Cook
27402,1/1/22,3/28/24,14,16,Cook
27403,1/15/24,NA,0,2,DuPage
27404,8/10/24,NA,12,13,DuPage
27408,9/3/22,3/4/25,1,3,McHenry
27409,1/1/22,NA,7,11,Winnebago
27410,6/21/25,NA,5,6,Will
27412,10/16/25,NA,3,3,DeKalb
27413,1/1/22,10/2/24,4,6,Greene
27414,1/1/22,NA,5,9,McLean
27415,1/1/22,2/20/24,11,13,Will
27418,1/1/22,4/18/22,4,4,DuPage
27419,1/1/22,NA,7,11,Stephenson
27420,4/18/25,NA,7,8,Henry
27422,1/1/22,5/16/23,6,7,Cook
27423,1/1/22,NA,12,16,Jackson
27424,2/11/26,NA,7,7,Lake
27425,1/1/22,2/1/24,10,12,Cook
27427,7/1/25,NA,NA,NA,LaSalle
27429,1/1/22,NA,8,12,McHenry
27432,1/1/22,NA,13,17,Sangamon
27433,1/24/22,NA,7,11,Cook
27434,1/1/22,11/1/25,5,8,Cook
27435,2/11/25,NA,16,17,Montgomery
27437,1/1/22,11/25/25,6,9,DuPage
27438,1/1/22,5/6/22,0,0,McHenry
27441,1/1/22,NA,2,6,Will
27442,5/21/24,NA,8,10,Stephenson
27443,5/11/25,5/25/25,17,17,Lake
27445,1/1/22,NA,9,13,McLean
27446,1/1/22,NA,5,9,DuPage
27447,1/1/22,NA,12,16,Will
27448,1/1/22,NA,8,12,Cook
27449,1/1/22,5/5/25,3,6,Kankakee
27450,11/1/24,NA,2,3,Logan
27453,3/29/22,NA,12,16,Cook
27456,1/1/22,NA,11,15,LaSalle
27457,1/1/22,5/28/23,10,11,Cook
27461,1/1/22,1/13/26,8,12,Knox
27464,1/1/22,7/6/23,12,13,DuPage
27467,7/26/24,NA,14,15,Will
27468,1/1/22,NA,4,8,Kane
27472,1/1/22,12/11/25,13,16,Ogle
27476,3/28/26,NA,9,9,DuPage
27479,4/30/26,NA,1,1,Winnebago
27480,1/1/22,NA,1,5,DuPage
27481,8/10/22,NA,0,3,Will
27482,10/1/24,NA,4,5,Vermilion
27483,1/1/22,NA,12,16,DuPage
27485,1/1/22,NA,6,10,DuPage
27486,5/4/22,6/11/23,3,4,Cook
27487,1/15/22,4/23/25,12,15,Adams
27489,1/1/22,NA,12,16,McHenry
27490,9/15/25,NA,1,1,Cook
27491,5/20/25,NA,14,15,Boone
27493,1/1/22,NA,7,11,Lake
27495,1/1/22,3/29/25,13,16,Lake
27497,1/1/22,NA,0,4,Cook
27500,5/10/26,NA,3,3,Cook
27501,9/16/24,NA,10,11,DuPage
27507,1/1/22,NA,11,15,DeKalb
27515,1/1/22,1/30/26,10,14,Cook
27517,6/22/24,NA,2,4,Cook
27519,8/23/23,NA,15,17,Madison
27520,9/6/23,NA,10,12,Lake
27521,9/11/24,NA,16,17,Macoupin
27522,1/1/22,12/14/22,2,2,Will
27523,11/28/25,NA,7,7,McHenry
27526,1/1/22,8/2/23,16,17,Vermilion
27528,1/1/22,NA,9,13,Hancock
27529,1/1/22,NA,0,4,Cook
27535,7/27/24,10/13/25,15,16,Cook
27538,6/28/22,12/10/22,8,8,Champaign
27540,11/12/24,NA,11,12,Cook
27544,1/1/22,NA,1,5,Cook
27545,1/1/22,NA,9,13,St. Clair
27547,7/1/23,7/14/25,5,7,Lake
27551,1/1/22,11/20/24,1,3,Rock Island
27553,4/3/22,8/11/22,15,15,Will
27555,2/2/24,NA,5,7,McHenry
27556,1/1/22,9/24/23,8,9,Will
27560,1/1/22,9/10/23,6,7,Edgar
27563,1/1/22,5/23/25,9,12,Lake
27564,10/30/22,NA,8,11,Bond
27566,10/1/23,NA,0,2,Cook
27567,7/13/25,NA,3,3,Cook
27568,6/2/26,NA,2,2,McLean
27570,2/11/23,NA,12,15,DuPage
27572,4/9/22,NA,5,9,McHenry
27573,1/3/24,NA,11,13,Cook
27574,10/19/22,6/5/23,2,2,DuPage
27577,5/19/26,NA,10,10,Cook
27578,5/8/26,NA,17,17,Champaign
27581,8/24/22,5/4/26,11,14,Kane
27582,11/16/24,NA,7,8,Logan
27585,6/5/23,NA,5,8,McLean
27586,1/1/22,1/13/25,8,11,McHenry
27591,2/11/22,5/16/22,11,11,Cook
27592,9/3/23,3/3/26,9,11,Macon
27597,1/1/22,7/4/23,10,11,McHenry
27598,1/1/22,NA,13,17,Madison
27601,1/1/22,NA,2,6,Cook
27603,8/5/24,11/27/24,10,10,Macon
27605,1/19/25,NA,4,5,Kane
27611,9/9/24,NA,4,5,Madison
27613,1/1/22,7/13/24,6,8,Kane
27617,1/1/22,NA,3,7,Lake
27619,1/1/22,NA,2,6,Lake
27622,3/4/22,1/7/25,9,11,McLean
27623,1/1/22,NA,3,7,Cook
27624,1/1/22,NA,13,17,Kankakee
27626,7/6/23,NA,8,10,DuPage
27628,7/8/25,NA,9,9,Cook
27630,7/26/23,NA,9,11,St. Clair
27632,1/1/22,NA,2,6,Kane
27634,1/11/24,NA,10,12,DuPage
27635,4/4/23,NA,13,16,Clinton
27636,6/6/23,NA,0,3,Lake
27638,1/1/22,NA,6,10,DuPage
27639,11/3/25,NA,16,16,Cook
27640,1/1/22,2/2/22,14,14,Will
27641,5/10/23,5/18/23,16,16,DuPage
27644,1/1/22,2/11/23,10,11,Lake
27645,10/26/23,7/7/24,11,11,Will
27648,9/26/23,10/28/25,7,9,Livingston
27652,12/26/25,NA,4,4,Cook
27653,1/1/22,5/20/24,15,17,Cook
27655,4/14/26,NA,5,5,DuPage
27656,7/16/22,4/15/24,12,13,Kane
27658,1/1/22,NA,5,9,Cook
27659,4/9/24,NA,10,12,Lake
27660,6/15/23,NA,10,13,Kankakee
27662,10/14/25,3/24/26,15,15,DuPage
27665,4/19/23,NA,1,4,Cass
27667,7/15/24,NA,8,9,Mason
27669,3/23/23,NA,13,16,DuPage
27670,9/14/22,9/1/23,1,1,McHenry
27671,1/1/22,NA,4,8,Madison
27672,12/1/24,NA,15,16,Stephenson
27674,2/22/26,NA,8,8,Jo Daviess
27676,1/1/22,6/10/22,6,6,Kendall
27677,1/1/22,3/1/24,12,14,DuPage
27680,5/2/23,6/11/23,11,11,Vermilion
27682,1/1/22,NA,1,5,DuPage
27683,1/1/22,NA,12,16,White
27685,3/7/23,NA,8,11,Rock Island
27687,12/13/23,NA,0,2,Will
27688,6/26/22,7/22/25,6,9,Cook
27690,1/1/22,5/7/25,5,8,Vermilion
27692,1/1/22,4/10/23,4,5,Lake
27694,1/1/22,NA,12,16,Effingham
27695,1/1/22,8/15/22,15,15,DuPage
27696,5/1/25,7/20/25,7,7,Lee
27697,4/17/24,NA,2,4,Cook
27700,8/26/25,NA,12,12,Alexander
27702,4/12/23,NA,12,15,Winnebago
27704,1/1/22,6/26/24,13,15,McHenry
27705,3/8/26,NA,10,10,Lake
27709,7/10/23,NA,12,14,Will
27711,1/24/22,11/19/23,6,7,Mason
27712,1/1/22,11/7/23,0,1,Kane
27713,1/2/24,2/25/25,6,7,Cook
27714,1/1/22,NA,7,11,Stephenson
27715,1/1/22,11/15/22,7,7,Rock Island
27716,1/1/22,9/13/25,14,17,Boone
27717,1/1/22,NA,1,5,Cook
27719,2/10/22,NA,12,16,McHenry
27723,3/18/26,5/19/26,15,15,Lake
27725,12/30/23,NA,14,16,Madison
27726,1/1/22,NA,3,7,Cook
27730,1/1/22,11/28/22,7,7,Boone
27731,1/1/22,NA,8,12,Champaign
27735,1/1/22,3/21/25,5,8,Cook
27737,6/4/22,8/20/25,7,10,Lee
27738,5/7/26,NA,1,1,Livingston
27739,4/16/23,5/18/24,4,5,St. Clair
27740,4/29/26,NA,4,4,Cook
27741,8/13/25,NA,15,15,Cook
27743,1/1/22,7/22/23,11,12,Kane
27745,11/27/24,NA,5,6,Fayette
27746,1/1/22,11/11/25,5,8,Union
27747,1/1/22,2/2/23,13,14,Lake
27753,1/1/22,1/18/23,5,6,Kane
27754,1/1/22,7/9/22,16,16,Kane
27755,11/12/25,12/17/25,9,9,DuPage
27756,1/1/22,NA,10,14,Will
27757,1/1/22,NA,8,12,DuPage
27758,1/1/22,9/24/24,5,7,Lake
27760,6/26/23,NA,6,9,Will
27762,1/1/22,3/23/24,7,9,Will
27763,1/1/22,1/17/22,2,2,Cook
27764,1/1/22,NA,13,17,Cook
27765,11/16/23,NA,5,7,Will
27767,6/11/22,8/2/22,12,12,Coles
27771,12/20/22,NA,5,8,Will
27772,1/1/22,4/3/25,9,12,Rock Island
27773,1/1/22,11/16/25,8,11,Lake
27774,1/1/22,NA,3,7,Will
27775,1/1/22,4/24/22,5,5,McLean
27776,1/1/22,11/19/25,11,14,Williamson
27778,1/1/22,4/8/22,4,4,Will
27779,1/1/22,12/30/25,8,11,Cook
27780,1/1/22,10/13/24,1,3,DuPage
27781,1/1/22,2/3/25,4,7,Ogle
27783,1/1/22,NA,8,12,DuPage
27785,6/23/22,7/14/22,13,13,Kane
27789,1/1/22,8/12/23,5,6,DuPage
27792,1/1/22,8/19/22,2,2,St. Clair
27794,8/20/25,NA,13,13,DuPage
27795,9/9/23,NA,6,8,DuPage
27796,7/12/25,NA,5,5,DuPage
27797,5/25/26,NA,3,3,Cook
27799,2/6/22,5/12/22,12,12,DuPage
27802,1/1/22,NA,4,8,DuPage
27803,1/1/22,7/9/24,2,4,Cook
27806,5/13/23,5/15/23,6,6,Jackson
27812,1/1/22,11/18/22,2,2,Kane
27814,1/1/22,10/7/22,5,5,Ogle
27815,1/1/22,9/9/23,12,13,Will
27817,1/1/22,8/12/22,15,15,Saline
27819,1/1/22,NA,7,11,Effingham
27822,6/18/24,NA,9,11,Will
27824,1/1/22,NA,8,12,Cook
27825,6/27/22,NA,11,15,Cook
27826,5/1/26,NA,10,10,Sangamon
27832,1/1/22,NA,2,6,Montgomery
27834,1/1/22,8/16/25,11,14,DuPage
27836,3/10/24,5/21/24,16,16,Cook
27838,4/6/22,NA,4,8,McLean
27842,5/15/24,2/26/25,1,1,Lake
27843,1/1/22,2/11/24,11,13,Cook
27844,3/13/25,6/21/25,8,8,Champaign
27845,1/1/22,3/28/22,17,17,Cook
27847,9/28/22,3/10/25,6,8,Cook
27848,4/30/26,NA,4,4,Marion
27852,1/1/22,1/13/23,4,5,Cook
27854,1/1/22,3/23/26,6,10,Tazewell
27855,2/14/24,NA,0,2,St. Clair
27856,1/1/22,1/31/26,8,12,Will
27859,11/5/24,NA,7,8,Jersey
27861,1/1/22,NA,4,8,Will
27863,1/1/22,NA,7,11,Cook
27867,1/1/22,3/26/22,17,17,DuPage
27868,1/1/22,9/20/25,7,10,DuPage
27869,5/29/26,NA,4,4,Will
27872,1/1/22,3/27/24,15,17,Cook
27876,1/1/22,10/23/22,7,7,DuPage
27879,4/26/25,NA,15,16,Montgomery
27880,1/1/22,7/1/22,10,10,DuPage
27889,7/29/22,7/24/24,1,2,DuPage
27890,1/1/22,1/2/24,15,17,Edgar
27892,5/2/26,NA,15,15,Cook
27893,1/1/22,12/2/22,5,5,Macon
27896,1/1/22,NA,1,5,Cook
27898,1/1/22,NA,1,5,Edwards
27899,6/29/25,NA,9,10,DuPage
27900,4/11/22,7/23/25,11,14,Vermilion
27901,1/1/22,NA,13,17,DuPage
27902,1/1/22,NA,6,10,Lake
27903,11/24/24,NA,4,5,Champaign
27904,1/1/22,5/31/26,4,8,McLean
27905,1/22/23,2/24/23,13,13,McHenry
27906,11/24/22,NA,13,16,Kane
27907,1/1/22,5/24/23,0,1,Madison
27909,10/5/22,3/1/23,8,8,Marion
27912,1/1/22,10/23/23,13,14,DuPage
27914,3/4/26,NA,3,3,Lake
27916,7/18/22,4/18/26,3,6,Peoria
27917,2/1/26,NA,0,0,Pike
27920,5/4/23,NA,7,10,Cook
27921,1/1/22,2/13/23,16,17,Cook
27925,1/1/22,NA,8,12,Henry
27926,10/28/23,NA,6,8,Lake
27927,1/1/22,NA,7,11,Kane
27930,1/22/26,NA,12,12,Will
27931,4/28/24,NA,12,14,DuPage
27932,10/4/25,NA,1,1,Lake
27934,9/29/24,NA,5,6,Madison
27935,1/1/22,8/25/23,15,16,Warren
27936,3/8/23,NA,10,13,Cook
27937,1/1/22,12/7/25,9,12,DuPage
27941,11/7/25,NA,14,14,DuPage
27942,1/1/22,2/3/24,15,17,Kendall
27943,1/1/22,1/19/22,14,14,Kane
27944,1/1/22,2/15/22,4,4,Cook
27945,6/24/23,NA,13,16,Cook
27946,9/13/24,10/23/24,8,8,Cook
27949,10/31/25,NA,14,14,Will
27950,1/1/22,4/20/22,2,2,Macon
27954,10/4/22,10/16/22,17,17,Will
27956,12/16/23,NA,2,4,Cook
27957,7/17/25,NA,0,0,Lake
27958,1/11/26,NA,1,1,Will
27960,10/20/24,NA,1,2,Cook
27961,1/1/22,9/20/24,12,14,Cook
27962,1/1/22,12/9/22,12,12,Coles
27965,1/1/22,6/3/24,1,3,DuPage
27967,2/6/24,NA,10,12,Cook
27970,2/4/26,NA,13,13,Cook
27972,1/1/22,1/26/22,7,7,Cook
27973,1/1/22,NA,10,14,Will
27975,1/1/22,10/6/22,17,17,DuPage
27977,9/5/22,1/15/23,3,3,Kane
27978,1/1/22,1/23/23,2,3,Saline
27979,2/13/23,NA,0,3,DuPage
27980,3/4/24,5/12/24,4,4,Kane
27982,10/8/22,3/20/24,6,7,Cook
27984,3/3/23,NA,13,16,Kane
27985,12/30/24,NA,3,4,DuPage
27986,10/9/23,NA,15,17,Lake
27989,1/1/22,6/25/24,13,15,Cook
27990,8/6/25,NA,15,15,McHenry
27991,5/15/24,NA,15,17,Cook
27994,8/7/22,5/6/23,14,14,Rock Island
27995,1/1/22,12/31/22,4,4,Winnebago
27997,7/20/25,NA,12,12,Peoria
27999,1/24/22,4/3/24,4,6,DuPage
28000,1/1/22,NA,3,7,Christian
28001,1/1/22,NA,9,13,Cook
28003,1/17/22,6/13/24,2,4,Cook
28006,1/1/22,NA,10,14,Kankakee
28007,8/19/24,11/3/24,13,13,Lake
28010,8/27/25,NA,13,13,Cook
28011,11/7/22,12/16/24,12,14,Winnebago
28014,6/6/25,6/7/25,16,16,Cook
28016,1/1/22,2/9/22,16,16,Macon
28017,1/30/22,NA,7,11,McLean
28019,1/1/22,1/1/23,8,9,Lake
28021,5/13/22,9/17/23,5,6,Cook
28023,1/1/22,NA,11,15,Rock Island
28024,7/4/24,9/15/24,9,9,Champaign
28025,1/1/22,1/14/22,11,11,DuPage
28029,1/1/22,11/29/22,15,15,McHenry
28033,1/1/22,2/1/22,11,11,Lake
28036,12/6/24,6/25/25,9,9,Kankakee
28038,8/14/23,NA,15,17,Whiteside
28039,1/1/22,9/11/23,13,14,Whiteside
28041,1/31/24,NA,1,3,Cook
28042,7/10/24,NA,7,8,Cook
28043,1/1/22,4/16/24,8,10,Kane
28044,1/1/22,8/26/23,0,1,Lake
28045,1/1/22,5/25/24,7,9,Vermilion
28046,1/1/22,12/5/22,15,15,Cook
28047,6/27/24,10/12/24,13,13,Lake
28049,1/1/22,NA,5,9,Henry
28050,11/25/22,4/10/25,1,3,Rock Island
28053,1/1/22,6/6/24,12,14,Iroquois
28054,9/5/24,NA,13,14,DuPage
28055,3/15/23,6/16/23,4,4,Lee
28057,1/1/22,NA,2,6,Kane
28058,3/16/22,9/8/22,0,0,Will
28061,1/26/23,NA,14,17,Will
28062,2/3/23,NA,6,9,Lake
28063,2/16/26,NA,14,14,Will
28064,7/18/23,NA,5,7,Lake
28066,1/2/26,NA,6,6,Cook
28067,6/1/25,NA,12,13,Whiteside
28068,10/11/25,2/26/26,9,9,Lake
28071,11/21/24,NA,14,15,DuPage
28072,1/1/22,5/25/24,14,16,Cook
28073,3/19/22,5/18/22,1,1,Cook
28074,7/20/24,6/13/25,15,15,Lake
28075,12/28/23,NA,2,4,Winnebago
28080,1/1/22,8/29/25,5,8,Jackson
28081,1/1/22,NA,3,7,Cook
28083,1/17/25,NA,0,1,DuPage
28085,1/1/22,11/24/25,5,8,Lake
28086,1/1/22,NA,13,17,Will
28087,1/1/22,5/22/25,8,11,Peoria
28089,1/5/26,NA,16,16,Kane
28090,10/22/22,NA,6,9,Washington
28091,1/25/22,NA,1,5,Lake
28092,10/24/25,NA,5,5,Cook
28094,1/1/22,NA,6,10,Macon
28096,1/1/22,12/2/24,4,6,Cook
28097,1/6/22,6/11/22,5,5,Will
28098,1/1/22,4/1/22,12,12,DuPage
28099,3/14/25,NA,5,6,Kane
28100,5/24/22,7/2/22,11,11,Clark
28103,1/1/22,2/26/22,0,0,Cook
28105,5/21/26,NA,16,16,Champaign
28107,1/1/22,NA,11,15,DuPage
28110,1/1/22,NA,0,4,Winnebago
28112,1/1/22,1/10/23,4,5,DuPage
28113,1/1/22,10/21/24,7,9,Cook
28115,5/14/25,NA,10,11,Madison
28116,3/15/22,NA,2,6,Cook
28122,2/10/22,12/10/23,8,9,Coles
28127,1/1/22,6/8/23,3,4,Kendall
28128,1/1/22,1/13/23,11,12,DuPage
28130,7/28/23,NA,7,9,Clark
28131,2/26/23,3/1/23,6,6,Cook
28135,2/2/24,3/2/26,11,13,DuPage
28136,2/20/25,NA,16,17,Cook
28137,1/1/22,7/21/22,0,0,DuPage
28141,1/1/22,11/3/22,3,3,Cook
28142,1/1/22,2/12/22,12,12,Macoupin
28143,11/23/23,NA,6,8,Macoupin
28153,1/1/22,NA,8,12,Richland
28154,9/30/24,NA,6,7,Kane
28159,1/1/22,2/3/26,5,9,Cook
28160,1/1/22,4/23/26,4,8,Douglas
28161,11/9/25,NA,4,4,Will
28162,12/17/24,NA,10,11,Winnebago
28165,5/24/24,NA,0,2,Will
28166,7/14/22,NA,14,17,Cook
28169,1/1/22,7/21/23,16,17,Rock Island
28170,9/10/23,NA,5,7,St. Clair
28173,1/1/22,12/18/24,11,13,Kendall
28174,3/10/22,7/18/25,8,11,Cook
28175,3/18/24,4/16/24,8,8,DuPage
28176,9/18/23,NA,15,17,Will
28178,12/4/24,1/28/25,5,5,Bond
28179,1/1/22,NA,1,5,Will
28180,8/12/24,NA,3,4,Cook
28182,1/1/22,NA,13,17,Lake
28187,1/1/22,NA,12,16,Will
28189,6/10/23,NA,11,14,Lake
28190,5/14/23,NA,8,11,Lake
28192,1/1/22,12/28/23,14,15,De Witt
28194,7/29/22,NA,14,17,Cook
28195,5/14/26,NA,8,8,McDonough
28196,2/26/24,NA,4,6,Hardin
28197,5/7/26,NA,8,8,Cook
28199,3/5/22,2/22/24,9,10,Henry
28200,1/1/22,6/8/22,3,3,Kane
28201,1/1/22,9/20/23,10,11,Jackson
28202,1/1/22,11/6/25,5,8,Coles
28203,9/13/24,NA,2,3,Will
28204,4/16/24,NA,14,16,Ogle
28206,1/1/22,9/4/22,4,4,Kendall
28207,10/9/22,NA,3,6,Cook
28209,1/1/22,8/17/23,8,9,Cook
28210,12/27/24,NA,7,8,Bureau
28212,6/22/23,10/5/23,0,0,Cook
28213,1/1/22,5/12/23,0,1,DuPage
28215,1/1/22,4/20/23,14,15,Livingston
28216,1/23/24,NA,5,7,Kane
28221,1/1/22,NA,0,4,Peoria
28222,10/4/22,6/9/23,6,6,Kane
28223,11/16/23,NA,6,8,Kane
28224,4/10/25,NA,0,1,Cook
28225,1/1/22,1/5/25,5,8,Kane
28226,5/7/23,NA,6,9,Lake
28228,1/1/22,NA,12,16,Lake
28230,1/1/22,1/8/22,17,17,Cook
28231,7/29/25,NA,0,0,LaSalle
28232,1/1/22,NA,4,8,Cook
28235,2/21/26,NA,8,8,Kane
28236,4/6/24,12/28/25,8,9,McHenry
28242,9/28/24,3/20/26,1,2,Lake
28243,1/1/22,1/21/24,11,13,McLean
28246,7/22/23,8/24/25,4,6,Champaign
28247,1/1/22,NA,4,8,Adams
28248,4/28/22,6/19/25,6,9,DuPage
28250,1/1/22,7/31/22,16,16,McLean
28252,5/24/23,NA,8,11,Kane
28253,7/4/24,NA,6,7,DuPage
28254,12/17/22,NA,0,3,Sangamon
28256,11/30/24,NA,1,2,Cook
28257,1/1/22,11/8/23,9,10,Kane
28260,1/1/22,NA,12,16,Macon
28263,5/23/25,NA,12,13,Cook
28264,1/1/22,NA,2,6,Randolph
28266,1/20/25,NA,13,14,Will
28268,2/21/24,NA,14,16,LaSalle
28270,1/1/22,9/8/22,5,5,Will
28272,3/11/22,NA,4,8,Kane
28273,1/1/22,10/6/24,14,16,DuPage
28274,1/1/22,9/21/23,1,2,Will
28275,5/27/25,1/27/26,9,9,McHenry
28276,1/1/22,NA,11,15,Jersey
28278,1/1/22,5/24/22,13,13,Peoria
28281,6/16/22,7/18/22,17,17,Cook
28282,1/29/26,NA,9,9,Ogle
28284,1/1/22,12/9/22,16,16,Boone
28286,4/29/23,4/8/26,6,8,Lake
28288,9/15/24,NA,12,13,Lake
28289,4/14/22,NA,0,4,Lake
28291,1/1/22,3/3/25,6,9,Cook
28294,1/1/22,NA,1,5,Cook
28298,1/1/22,10/19/22,0,0,Macon
28299,10/4/23,NA,7,9,Adams
28301,1/1/22,4/10/22,2,2,Cook
28307,1/1/22,NA,12,16,McHenry
28308,1/1/22,9/24/22,1,1,McLean
28309,1/1/22,NA,2,6,Cook
28311,12/1/22,4/22/23,14,14,Kane
28315,1/1/22,NA,13,17,Macon
28316,1/1/22,1/31/26,6,10,Kane
28318,6/11/25,NA,0,1,Cook
28320,1/1/22,5/8/24,15,17,Cook
28322,1/1/22,1/31/24,5,7,St. Clair
28323,8/23/23,NA,9,11,Kane
28324,1/1/22,3/30/23,1,2,Logan
28326,10/15/25,12/23/25,17,17,DuPage
28328,1/1/22,3/19/24,13,15,Will
28331,1/1/22,NA,5,9,DuPage
28332,1/1/22,6/8/24,6,8,Tazewell
28337,1/1/22,NA,4,8,Cook
28338,10/27/25,NA,4,4,DuPage
28339,1/1/22,7/27/23,12,13,Cook
28340,8/15/23,8/16/25,15,17,Tazewell
28344,8/28/24,NA,12,13,Cook
28346,12/12/22,NA,0,3,Kane
28347,1/1/22,3/17/22,8,8,Franklin
28349,6/21/26,NA,13,13,Cook
28350,11/29/25,NA,15,15,Peoria
28352,1/1/22,12/25/24,10,12,Lake
28353,5/25/25,NA,7,8,McHenry
28354,3/20/23,6/21/23,11,11,Henry
28355,1/1/22,9/1/25,12,15,Hancock
28358,1/1/22,1/10/25,1,4,Cook
28359,6/7/26,NA,0,0,Fayette
28360,1/1/22,NA,10,14,Lake
28361,1/2/22,6/19/25,8,11,Vermilion
28362,5/4/26,6/1/26,3,3,Cook
28363,8/3/22,NA,2,5,Cook
28364,1/1/22,NA,9,13,McLean
28365,1/1/22,NA,2,6,Morgan
28373,1/1/22,6/21/22,7,7,Madison
28376,1/1/22,4/29/22,0,0,Lake
28377,1/1/22,6/6/23,2,3,Will
28379,8/3/23,1/7/24,7,7,Lake
28382,11/2/25,NA,4,4,Lake
28384,1/1/22,NA,5,9,Kane
28385,12/30/23,NA,10,12,Cook
28386,1/3/23,NA,2,5,Will
28388,1/1/22,NA,5,9,Lake
28393,3/20/24,2/28/25,14,14,DuPage
28395,1/1/22,7/6/23,16,17,Coles
28396,8/20/22,NA,11,14,Sangamon
28397,1/1/22,1/2/25,8,11,Cook
28399,3/2/26,NA,14,14,DuPage
28400,1/1/22,5/13/25,1,4,Clark
28403,2/25/26,NA,15,15,DuPage
28404,1/1/22,1/26/22,11,11,Rock Island
28405,1/1/22,NA,4,8,Lake
28407,1/1/22,NA,11,15,Lake
28409,1/1/22,7/3/22,15,15,Cook
28410,10/24/25,5/28/26,12,12,Iroquois
28411,6/9/25,8/28/25,8,8,Kane
28413,8/10/25,9/2/25,8,8,Jefferson
28414,12/26/24,NA,5,6,Will
28415,1/6/25,NA,3,4,Lake
28417,1/1/22,NA,4,8,Lake
28418,1/10/22,NA,8,12,Rock Island
28420,4/21/24,NA,4,6,Madison
28421,10/14/24,11/24/24,15,15,Henry
28422,9/30/24,10/11/24,11,11,Cook
28424,4/10/24,NA,8,10,Cook
28425,1/1/22,7/8/24,9,11,Kane
28426,10/30/25,NA,16,16,McHenry
28427,1/1/22,NA,3,7,Tazewell
28429,1/1/22,10/24/23,6,7,Will
28431,1/16/25,NA,11,12,Tazewell
28433,6/7/23,NA,14,17,Cook
28434,8/21/25,NA,13,13,Menard
28438,9/3/23,NA,12,14,Pike
28439,11/7/24,6/12/26,1,2,DuPage
28440,2/10/23,5/30/23,13,13,Kane
28441,8/8/24,NA,7,8,Cook
28444,2/14/22,7/17/22,7,7,DuPage
28446,1/1/22,4/2/23,6,7,McHenry
28447,1/1/22,6/15/26,2,6,Peoria
28450,1/1/22,NA,8,12,Cook
28451,1/1/22,6/7/23,13,14,Woodford
28452,8/4/25,10/11/25,7,7,Monroe
28453,1/1/22,5/30/23,3,4,Macon
28454,8/5/25,3/20/26,16,16,Cook
28455,1/1/22,8/29/23,13,14,Henry
28457,1/1/22,NA,1,5,Winnebago
28458,10/4/23,1/24/24,5,5,Cook
28459,1/1/22,1/8/26,7,11,Lake
28460,8/21/25,NA,15,15,Kane
28461,1/1/22,1/17/25,10,13,Cook
28464,1/1/22,8/27/23,5,6,Lake
28465,1/1/22,11/18/23,16,17,Kane
28478,1/1/22,NA,11,15,Cook
28480,3/1/25,NA,7,8,Cook
28481,1/1/22,NA,8,12,Adams
28483,1/1/22,NA,0,4,Vermilion
28486,1/1/22,5/31/22,4,4,DuPage
28487,6/5/26,6/23/26,7,7,Cook
28491,11/21/23,1/12/24,9,9,Cook
28495,1/1/22,9/15/22,2,2,Lake
28496,1/1/22,12/7/24,3,5,Will
28498,1/1/22,11/3/23,11,12,Cook
28500,11/10/23,NA,5,7,Kane
28504,1/1/22,8/18/25,0,3,Henry
28505,1/1/22,8/13/24,8,10,Perry
28506,9/1/25,NA,3,3,Cook
28508,5/16/26,NA,17,17,Cook
28509,1/1/22,5/16/22,12,12,Williamson
28510,1/26/23,NA,3,6,Franklin
28511,1/22/25,NA,10,11,DuPage
28512,9/17/23,NA,3,5,McHenry
28513,1/1/22,NA,3,7,Kane
28514,3/2/26,3/12/26,0,0,Cook
28516,4/14/24,5/5/24,7,7,Randolph
28517,1/1/22,5/26/22,5,5,Sangamon
28518,2/11/24,5/9/24,2,2,DuPage
28520,1/1/22,10/18/23,13,14,Lake
28521,7/19/24,NA,14,15,Wayne
28522,2/17/22,5/12/22,5,5,Sangamon
28523,1/1/22,NA,6,10,Boone
28524,3/17/26,NA,17,17,Woodford
28525,2/11/24,NA,12,14,Marion
28528,1/1/22,NA,3,7,Stephenson
28531,1/1/22,6/6/23,0,1,Cook
28534,2/14/24,7/15/24,6,6,Adams
28537,9/14/22,9/25/22,15,15,Lake
28538,12/19/25,1/17/26,6,6,Cook
28540,9/4/23,10/15/23,5,5,Cook
28541,5/29/23,NA,11,14,Cook
28542,1/1/22,9/29/23,0,1,Kankakee
28543,1/1/22,1/12/22,9,9,St. Clair
28544,3/3/23,3/17/23,16,16,Monroe
28548,10/1/22,7/21/25,11,13,Cook
28549,1/1/22,NA,3,7,DuPage
28551,1/1/22,4/20/26,6,10,Lake
28554,7/8/22,NA,13,16,DuPage
28557,3/28/24,4/11/24,7,7,Kankakee
28558,7/10/23,NA,8,10,Cook
28560,1/1/22,NA,13,17,Crawford
28561,3/20/24,NA,7,9,LaSalle
28562,1/25/26,NA,0,0,Madison
28563,1/1/22,11/24/22,3,3,Randolph
28567,1/29/22,12/19/25,10,13,Lake
28568,12/25/22,1/24/25,11,13,Cook
28569,1/1/22,7/2/25,10,13,Grundy
28570,1/1/22,NA,2,6,Cook
28571,1/1/22,10/27/24,6,8,Cook
28573,1/1/22,NA,0,4,Henry
28575,1/1/22,2/14/23,1,2,DuPage
28576,9/6/22,NA,4,7,Lee
28578,1/1/22,NA,13,17,Cook
28580,1/9/24,NA,0,2,McLean
28581,1/1/22,NA,10,14,Kane
28582,12/12/22,NA,3,6,Kane
28583,1/1/22,5/7/26,7,11,DuPage
28584,2/13/25,NA,12,13,DuPage
28586,3/19/23,6/8/23,11,11,Cook
28589,1/1/22,4/30/24,8,10,McHenry
28590,4/8/22,NA,4,8,Cook
28592,12/26/25,NA,0,0,DuPage
28596,4/12/22,11/26/25,12,15,DuPage
28598,1/1/22,3/19/22,3,3,Massac
28600,6/14/25,NA,11,12,Lake
28602,1/1/22,4/29/24,9,11,DuPage
28603,4/16/25,NA,2,3,Macon
28605,12/14/22,NA,10,13,Cook
28606,1/1/22,11/30/23,0,1,Lake
28609,1/1/22,2/13/22,13,13,St. Clair
28610,6/6/23,NA,5,8,LaSalle
28616,1/1/22,1/28/22,3,3,Cook
28618,1/1/22,NA,9,13,McDonough
28620,1/5/23,3/16/23,11,11,Macon
28621,1/1/22,NA,12,16,Lake
28622,1/1/22,6/15/23,1,2,Cook
28623,1/7/23,11/1/24,1,2,Champaign
28624,9/27/24,NA,12,13,Lake
28625,9/3/22,5/22/23,15,15,Kane
28630,11/13/25,1/22/26,8,8,Winnebago
28632,4/22/26,5/30/26,1,1,Madison
28633,6/10/24,NA,13,15,Lake
28637,1/5/25,NA,3,4,Adams
28639,1/1/22,NA,12,16,Cook
28643,10/21/24,NA,13,14,Cass
28647,1/1/22,5/3/22,7,7,Cook
28648,3/31/26,5/4/26,11,11,DuPage
28649,5/2/24,NA,8,10,Cook
28650,1/1/22,4/12/23,14,15,Grundy
28652,1/1/22,NA,4,8,Jersey
28653,5/13/26,NA,12,12,Cook
28655,7/17/23,2/13/26,1,3,Will
28656,1/2/22,3/30/22,15,15,Will
28659,1/1/22,NA,0,4,Marion
28662,5/11/26,NA,15,15,Cook
28663,3/23/25,NA,11,12,Kane
28666,6/25/23,NA,8,11,Marion
28667,6/2/24,NA,10,12,DuPage
28670,1/1/22,6/14/24,12,14,DuPage
28671,9/1/24,NA,6,7,Henry
28675,1/1/22,NA,3,7,DuPage
28676,10/29/25,NA,2,2,Cook
28677,1/1/22,11/5/22,5,5,DuPage
28681,1/29/25,NA,16,17,Montgomery
28683,1/1/22,8/9/23,0,1,Coles
28685,11/22/24,NA,14,15,Vermilion
28687,7/28/23,12/2/23,16,16,Cook
28688,1/1/22,NA,12,16,McHenry
28690,1/1/22,NA,12,16,LaSalle
28691,1/1/22,NA,10,14,Kendall
28693,1/1/22,5/25/25,6,9,Cook
28694,5/25/22,12/24/24,2,4,Kane
28695,1/1/22,4/6/24,4,6,Lake
28697,1/1/22,4/17/26,10,14,DuPage
28698,6/5/22,1/2/23,16,16,Lake
28700,5/21/22,4/27/24,15,16,Lake
28703,1/1/22,4/18/26,7,11,Henry
28704,1/1/22,8/26/25,13,16,DuPage
28705,3/3/25,NA,12,13,Lake
28707,1/2/22,2/14/25,4,7,Woodford
28709,10/6/25,4/29/26,12,12,Vermilion
28710,3/20/24,3/27/26,6,8,Champaign
28715,4/22/26,NA,4,4,Lake
28720,5/6/22,3/22/24,14,15,Will
28722,11/13/24,11/18/24,0,0,Will
28723,9/28/22,NA,7,10,Cook
28724,12/20/23,NA,10,12,DuPage
28725,1/1/22,12/2/25,12,15,McHenry
28728,1/1/22,6/13/25,5,8,St. Clair
28731,1/31/22,8/22/22,1,1,Cook
28733,1/1/22,8/25/24,14,16,DeKalb
28734,1/1/22,11/3/23,5,6,Cook
28735,1/1/22,12/10/22,15,15,Kane
28738,1/20/25,2/5/25,16,16,Massac
28740,11/21/25,NA,9,9,Lake
28741,4/24/23,5/8/23,5,5,Cook
28744,11/29/25,NA,11,11,Cook
28745,11/16/22,NA,11,14,Cook
28746,7/19/24,1/3/26,9,10,Cook
28747,8/20/23,NA,11,13,DuPage
28749,1/1/22,10/12/24,7,9,Lake
28750,3/4/23,NA,11,14,DuPage
28753,1/1/22,7/20/24,5,7,Cook
28754,11/20/22,NA,12,15,Cook
28755,3/17/23,NA,0,3,Henry
28757,4/10/24,NA,4,6,Lake
28760,6/30/23,NA,1,4,Cook
28761,2/2/25,NA,7,8,Cook
28762,5/28/23,NA,5,8,Woodford
28764,9/10/22,NA,9,12,Effingham
28765,3/31/25,8/7/25,1,1,Whiteside
28770,2/7/22,NA,11,15,Kane
28772,5/30/25,NA,10,11,DuPage
28773,3/25/23,5/23/24,11,12,DeKalb
28774,7/31/23,8/9/25,13,15,Cook
28776,1/1/22,NA,2,6,Cook
28777,1/1/22,6/3/23,12,13,DuPage
28778,4/13/22,NA,4,8,Will
28779,1/1/22,4/18/26,3,7,Stephenson
28780,8/15/22,NA,14,17,Kendall
28782,1/1/22,11/6/25,9,12,Lake
28783,3/31/24,NA,11,13,Kane
28785,1/1/22,6/25/25,14,17,Cook
28789,1/1/22,NA,6,10,Will
28790,1/1/22,NA,10,14,Cook
28794,1/26/23,NA,4,7,Cook
28796,7/16/25,NA,3,3,Marion
28797,1/1/22,11/7/24,7,9,DuPage
28798,1/1/22,12/26/25,12,15,Sangamon
28799,4/18/22,11/7/24,12,14,DuPage
28800,10/27/24,6/21/25,2,2,McLean
28802,4/12/25,NA,11,12,Cook
28804,1/1/22,NA,3,7,Champaign
28806,1/1/22,1/7/23,16,17,Kankakee
28808,1/1/22,10/24/22,3,3,Edgar
28810,1/1/22,6/2/23,13,14,Edgar
28811,1/1/22,9/22/22,16,16,Will
28812,1/1/22,5/21/24,14,16,Livingston
28813,1/6/23,8/1/25,0,2,Madison
28815,5/10/25,NA,5,6,Winnebago
28816,1/1/22,NA,0,4,McLean
28817,1/1/22,NA,6,10,Will
28818,9/9/25,NA,15,15,Will
28820,1/1/22,8/15/22,5,5,Champaign
28821,1/1/22,1/4/22,6,6,Lake
28826,1/1/22,NA,1,5,Cook
28831,1/11/25,NA,14,15,Lake
28832,1/29/26,NA,6,6,Kane
28833,1/1/22,4/27/25,3,6,Will
28834,8/9/24,NA,10,11,Kane
28837,3/11/23,NA,2,5,Lake
28839,1/11/22,NA,10,14,Cook
28840,1/1/22,NA,7,11,Cook
28841,1/1/22,NA,3,7,Carroll
28843,11/6/23,6/8/26,5,7,Kendall
28844,7/24/25,NA,14,14,Cook
28845,1/1/22,NA,1,5,Madison
28850,1/5/22,NA,5,9,Cook
28853,1/1/22,5/9/22,0,0,DuPage
28854,1/1/22,10/24/24,11,13,Will
28856,5/26/22,5/30/23,3,4,DuPage
28862,11/11/22,3/6/23,4,4,Kane
28864,10/31/24,NA,6,7,McLean
28866,1/1/22,NA,4,8,Will
28867,3/1/23,5/2/23,11,11,Sangamon
28869,1/1/22,12/5/22,3,3,Kane
28872,1/1/22,NA,9,13,Knox
28875,6/6/25,NA,13,14,Cook
28880,7/13/22,10/30/22,0,0,Tazewell
28884,1/1/22,5/22/24,3,5,Champaign
28885,4/22/24,NA,11,13,Richland
28886,6/22/22,10/18/22,15,15,Christian
28887,1/1/22,11/13/23,13,14,Cook
28888,10/24/25,NA,14,14,Cook
28889,1/1/22,5/24/23,4,5,Winnebago
28890,1/1/22,NA,10,14,McHenry
28892,12/29/22,9/24/24,11,12,Johnson
28893,1/1/22,NA,11,15,Lake
28898,5/26/26,NA,17,17,Richland
28900,11/5/22,NA,13,16,Will
28902,1/1/22,11/20/22,5,5,DuPage
28904,5/1/25,NA,11,12,Boone
28905,1/1/22,NA,5,9,Kane
28906,1/1/22,9/10/22,17,17,McHenry
28909,1/1/22,5/26/22,6,6,McLean
28914,2/23/23,NA,8,11,Clark
28915,1/1/22,NA,12,16,Will
28917,1/1/22,NA,11,15,Lake
28918,1/31/23,NA,0,3,Cook
28919,7/20/25,11/26/25,8,8,Montgomery
28923,1/1/22,NA,13,17,DuPage
28924,1/1/22,NA,12,16,DuPage
28925,10/2/25,NA,13,13,Coles
28927,1/1/22,6/28/23,6,7,Lake
28928,1/1/22,1/31/23,0,1,Massac
28932,1/1/22,NA,0,4,Lake
28933,1/1/22,NA,1,5,McHenry
28936,1/1/22,NA,1,5,McHenry
28940,2/28/26,NA,17,17,Cook
28941,8/8/23,NA,7,9,Madison
28943,1/1/22,NA,10,14,Cook
28947,12/27/25,NA,0,0,Kane
28949,4/26/22,9/28/25,2,5,Kane
28950,1/1/22,9/16/25,1,4,Champaign
28954,12/25/24,6/27/25,0,0,DuPage
28955,1/1/22,NA,7,11,Cook
28958,1/1/22,NA,1,5,Cook
28959,11/16/22,NA,14,17,Lake
28961,1/1/22,7/30/24,3,5,Cook
28962,1/1/22,2/15/26,13,17,Rock Island
28963,11/1/22,11/28/22,0,0,Jefferson
28966,8/4/22,NA,1,4,Jackson
28967,9/24/25,NA,0,0,DuPage
28971,1/1/22,1/25/26,1,5,McHenry
28972,1/1/22,NA,8,12,Cook
28974,1/1/22,NA,4,8,Peoria
28976,11/10/24,11/4/25,7,7,Williamson
28979,1/22/26,NA,12,12,DeKalb
28980,8/5/25,NA,12,12,Kankakee
28981,1/1/22,4/24/24,0,2,Champaign
28986,3/25/26,NA,4,4,McLean
28989,5/15/26,NA,0,0,Lake
28991,1/1/22,11/18/23,3,4,Lake
28992,8/10/23,NA,2,4,Lake
28993,5/4/23,NA,11,14,Lake
28997,6/22/22,NA,6,10,Rock Island
29002,2/4/23,NA,4,7,McLean
29003,1/1/22,NA,8,12,DuPage
29004,6/18/22,11/4/25,3,6,DuPage
29005,10/8/25,NA,13,13,Lake
29007,1/1/22,12/5/22,1,1,DuPage
29009,9/9/25,NA,10,10,Will
29011,1/1/22,1/11/22,11,11,Montgomery
29016,1/1/22,NA,5,9,Cook
29017,10/31/24,NA,4,5,Cook
29019,1/1/22,6/1/22,13,13,McHenry
29021,8/13/23,NA,2,4,Cook
29024,1/1/22,2/21/23,1,2,Kendall
29025,1/1/22,2/1/23,10,11,Cook
29027,1/1/22,3/20/22,1,1,Will
29028,1/1/22,NA,4,8,DuPage
29030,3/29/23,NA,5,8,Piatt
29031,7/20/22,NA,0,3,Kendall
29032,1/1/22,NA,11,15,Lake
29033,1/1/22,NA,6,10,Lake
29035,1/1/22,2/24/22,13,13,Champaign
29037,1/1/22,8/25/22,1,1,DuPage
29038,1/1/22,11/24/23,7,8,St. Clair
29039,11/28/25,NA,1,1,Lake
29040,4/30/23,NA,0,3,LaSalle
29041,1/1/22,2/27/24,15,17,Madison
29042,6/2/25,NA,14,15,Winnebago
29043,10/8/23,NA,4,6,DuPage
29045,2/18/24,NA,8,10,Lake
29046,5/5/24,7/2/24,0,0,Knox
29049,9/27/23,NA,12,14,Kendall
29052,3/1/22,4/24/25,7,10,DuPage
29053,1/1/22,3/18/25,11,14,Kane
29054,1/1/22,10/2/23,9,10,Lake
29055,1/1/22,8/2/22,17,17,Kane
29056,1/1/22,3/2/23,8,9,McHenry
29057,1/1/22,1/15/22,2,2,Peoria
29058,1/11/23,4/20/24,7,8,Cook
29061,7/25/24,NA,15,16,LaSalle
29063,11/19/24,1/14/25,2,2,Cook
29065,1/1/22,7/28/22,6,6,Will
29071,11/22/24,NA,13,14,Madison
29072,1/1/22,7/3/22,1,1,DuPage
29073,5/20/25,NA,12,13,Cook
29075,2/3/22,2/15/22,7,7,Effingham
29076,8/27/24,10/20/24,14,14,Cook
29079,5/13/22,2/10/24,0,1,Will
29080,1/1/22,NA,12,16,Williamson
29084,4/1/22,NA,10,14,DuPage
29085,9/8/24,NA,15,16,Kane
29086,5/9/22,3/11/26,13,16,Cook
29088,4/18/24,6/17/26,9,11,DuPage
29089,1/1/22,NA,11,15,McHenry
29090,1/1/22,NA,5,9,McHenry
29094,10/3/24,NA,16,17,McLean
29095,1/1/22,NA,10,14,Christian
29097,1/28/24,NA,11,13,Cook
29098,12/30/23,NA,0,2,LaSalle
29099,10/16/24,NA,6,7,Cook
29100,1/1/22,6/4/25,7,10,McHenry
29105,1/1/22,10/31/22,1,1,Kane
29106,1/1/22,11/14/25,8,11,McLean
29107,1/1/22,1/18/25,8,11,Cook
29109,1/1/22,3/22/22,0,0,Will
29110,1/1/22,5/6/26,9,13,Lee
29111,8/26/22,NA,10,13,Cook
29113,12/18/22,NA,10,13,Cook
29115,1/1/22,3/31/24,13,15,Sangamon
29117,1/1/22,2/7/26,3,7,Cook
29118,1/1/22,NA,0,4,Lake
29121,12/21/23,NA,6,8,Will
29123,1/1/22,NA,10,14,Cook
29124,8/6/22,8/12/22,6,6,Madison
29125,1/1/22,1/31/25,4,7,DuPage
29126,5/19/23,6/5/24,6,7,Kane
29128,1/1/22,9/11/23,3,4,DuPage
29129,8/9/25,NA,6,6,Will
29130,6/19/22,7/19/22,7,7,Peoria
29132,11/7/24,NA,3,4,McLean
29134,9/1/25,10/5/25,0,0,Henry
29135,12/2/23,NA,0,2,Cook
29136,1/1/22,4/10/24,8,10,Cook
29137,1/1/22,6/29/22,17,17,Kane
29138,1/1/22,9/7/22,10,10,Champaign
29141,2/7/24,NA,9,11,Cook
29144,1/1/22,6/9/23,8,9,Kane
29145,1/1/22,10/23/24,14,16,Cook
29146,1/2/24,NA,4,6,DuPage
29147,1/1/22,10/29/23,16,17,Kane
29148,6/8/26,NA,1,1,Cook
29150,1/1/22,NA,12,16,Winnebago
29151,10/31/23,12/10/23,15,15,Cook
29152,4/12/22,10/8/22,0,0,Cook
29157,4/27/23,11/9/24,1,2,Tazewell
29158,1/1/22,12/22/24,2,4,Cook
29160,1/1/22,3/10/23,6,7,Madison
29161,9/1/25,NA,10,10,Cook
29162,10/25/25,NA,9,9,Cook
29163,1/1/22,6/22/24,8,10,Cook
29166,1/1/22,7/2/24,13,15,Lake
29168,1/1/22,2/19/26,11,15,Kane
29169,9/20/24,NA,8,9,Cook
29172,2/23/24,NA,7,9,Champaign
29174,2/12/24,NA,13,15,Kane
29179,9/20/25,NA,1,1,Wayne
29181,7/9/22,8/25/22,4,4,Fayette
29185,11/13/24,11/17/24,0,0,Cook
29188,1/1/22,NA,8,12,Will
29189,4/25/22,7/27/22,4,4,DuPage
29191,1/1/22,10/28/23,15,16,Williamson
29194,1/1/25,NA,4,5,Will
29196,1/1/22,5/28/25,8,11,Mercer
29198,8/25/22,NA,10,13,Kane
29200,1/1/22,12/19/23,16,17,Greene
29202,2/9/25,5/4/25,13,13,Cook
29203,6/3/25,NA,3,4,Cook
29204,1/1/22,10/28/22,6,6,Williamson
29206,1/1/22,5/8/22,0,0,DuPage
29207,1/1/22,2/9/22,0,0,DuPage
29208,1/1/22,4/10/24,9,11,Winnebago
29210,3/11/22,4/18/22,15,15,Boone
29211,8/17/23,NA,11,13,St. Clair
29213,1/1/22,NA,12,16,Cook
29214,1/1/22,4/7/24,11,13,Will
29215,1/1/22,NA,11,15,Lake
29219,1/1/22,1/20/24,3,5,Livingston
29220,1/1/22,8/3/22,15,15,McLean
29221,1/1/22,4/25/23,10,11,DuPage
29225,9/26/25,NA,17,17,DuPage
29227,1/1/22,NA,13,17,Will
29230,10/25/24,5/6/26,16,17,DuPage
29232,3/1/22,11/15/24,12,14,Rock Island
29239,9/28/23,NA,11,13,DuPage
29241,6/6/24,NA,9,11,Tazewell
29242,7/4/25,NA,4,4,Kane
29244,1/1/22,7/5/22,9,9,Piatt
29245,1/1/22,7/21/25,0,3,Franklin
29249,1/1/22,NA,8,12,Will
29250,9/17/24,NA,12,13,Cook
29251,1/1/22,4/10/23,5,6,DuPage
29254,1/1/22,5/14/24,0,2,Will
29255,1/1/22,3/14/22,2,2,Kane
29256,6/9/25,NA,6,7,DuPage
29257,1/1/22,6/4/23,14,15,Cook
29259,1/1/22,9/8/22,1,1,Bureau
29260,7/14/23,NA,3,5,Boone
29262,3/10/22,10/22/24,11,13,Clark
29263,1/1/22,7/15/25,5,8,Cook
29264,10/9/23,12/12/23,10,10,St. Clair
29265,12/26/23,4/25/25,2,3,Menard
29266,1/1/22,3/13/22,16,16,Will
29269,1/1/22,1/16/25,0,3,Tazewell
29271,1/1/22,NA,3,7,Christian
29273,1/1/22,6/24/22,15,15,DuPage
29274,2/17/25,NA,6,7,DuPage
29275,1/1/22,1/8/24,6,8,Cook
29276,1/1/22,NA,9,13,Will
29277,2/23/23,3/23/23,10,10,Vermilion
29282,11/23/22,NA,11,14,Grundy
29285,1/1/22,7/9/22,3,3,Lee
29287,1/1/22,NA,0,4,Kane
29288,1/1/22,NA,1,5,Cook
29289,1/22/23,6/19/25,3,5,DuPage
29293,1/1/22,9/28/23,13,14,De Witt
29296,5/25/23,NA,9,12,Kane
29301,9/28/22,5/9/25,5,7,DuPage
29302,3/18/22,5/19/22,14,14,DuPage
29303,1/1/22,5/10/23,13,14,Cook
29304,1/1/22,6/11/24,8,10,Mercer
29307,11/14/25,NA,2,2,Kane
29309,1/1/22,10/2/23,0,1,DuPage
29313,1/1/22,NA,10,14,DuPage
29314,1/1/22,NA,3,7,Williamson
29315,1/1/22,NA,12,16,Jefferson
29316,3/20/25,NA,11,12,Will
29318,7/13/25,NA,7,7,Sangamon
29320,9/14/23,3/8/24,15,15,Effingham
29321,8/23/22,NA,1,4,DuPage
29325,1/1/22,12/22/23,16,17,Williamson
29327,1/1/22,11/7/23,11,12,Peoria
29329,1/1/22,NA,11,15,DuPage
29330,11/28/23,6/13/24,3,3,Lake
29331,11/4/24,1/22/25,12,12,McHenry
29332,1/21/26,NA,6,6,Will
29333,1/1/22,7/27/23,15,16,Lake
29336,1/1/22,5/22/23,13,14,Kane
29337,8/18/22,6/2/25,15,17,St. Clair
29339,6/29/23,NA,3,6,Will
29340,11/6/22,NA,8,11,Will
29341,10/19/24,5/1/25,17,17,Cook
29342,1/1/22,NA,5,9,Madison
29343,1/1/22,5/7/25,3,6,Crawford
29346,4/5/25,NA,11,12,Will
29347,3/16/24,8/23/25,16,17,DuPage
29349,10/13/23,10/21/23,0,0,Adams
29350,1/30/24,NA,13,15,Cook
29352,1/1/22,5/30/22,12,12,McHenry
29353,1/1/22,3/25/25,14,17,Cook
29354,6/21/25,NA,4,5,Cook
29356,4/1/23,NA,2,5,Madison
29357,3/3/22,NA,2,6,Will
29358,8/15/22,NA,4,7,Cook
29359,1/20/22,8/22/24,15,17,Lake
29361,6/2/25,1/20/26,6,6,DuPage
29363,1/1/22,NA,1,5,Knox
29365,1/1/22,NA,12,16,Kane
29366,6/11/23,NA,13,16,Cook
29367,2/28/26,NA,16,16,DuPage
29368,1/1/22,7/31/22,8,8,Cook
29369,1/1/22,8/22/24,11,13,Lake
29371,1/1/22,NA,0,4,Madison
29374,1/1/22,NA,3,7,Kane
29377,11/23/22,NA,9,12,Williamson
29378,10/2/24,11/16/25,0,1,Kankakee
29379,1/1/22,11/29/23,2,3,Madison
29381,4/15/24,11/15/24,2,2,Pike
29382,1/1/22,4/5/23,3,4,Lee
29384,2/20/26,NA,14,14,Cook
29385,2/17/22,5/11/22,14,14,Vermilion
29386,1/1/22,5/31/24,5,7,Stephenson
29388,11/23/23,4/2/24,9,9,Cook
29389,1/1/22,5/10/25,2,5,Macon
29390,1/1/22,NA,4,8,Williamson
29396,1/1/22,NA,5,9,Cook
29397,1/1/22,11/1/23,6,7,DuPage
29398,5/20/25,NA,15,16,Will
29400,1/1/22,7/18/24,12,14,Knox
29401,1/1/22,11/9/22,9,9,Kendall
29402,1/1/22,1/16/22,8,8,Boone
29403,1/1/22,3/22/22,4,4,Perry
29404,1/1/22,5/1/22,9,9,Will
29405,7/3/24,9/12/24,14,14,Cook
29406,1/1/22,NA,6,10,Stephenson
29407,1/1/22,1/3/23,2,3,Lake
29410,7/19/24,9/29/24,12,12,Lake
29411,2/22/22,NA,6,10,Cook
29412,1/1/25,NA,15,16,Whiteside
29413,1/1/22,3/30/23,4,5,St. Clair
29417,1/1/22,10/10/23,11,12,Cook
29418,7/20/23,NA,8,10,Monroe
29421,7/28/24,NA,16,17,Cook
29422,11/2/22,NA,9,12,Kane
29424,1/1/22,NA,5,9,Kane
29426,10/24/24,NA,7,8,Peoria
29427,1/1/22,NA,5,9,DuPage
29429,1/1/22,NA,6,10,Cook
29431,3/2/25,8/4/25,14,14,Cook
29432,1/1/22,NA,7,11,Ogle
29433,6/22/23,9/19/25,9,11,Cook
29437,12/17/25,NA,0,0,Will
29438,1/1/22,8/27/23,16,17,Fayette
29439,9/8/24,NA,15,16,Kane
29441,1/1/22,9/12/22,4,4,Cook
29442,1/1/22,5/7/24,8,10,Will
29449,1/1/22,NA,0,4,Kane
29451,1/1/22,NA,11,15,Madison
29452,2/24/22,NA,6,10,DuPage
29454,5/31/25,NA,7,8,Madison
29455,3/21/26,NA,16,16,Will
29458,1/1/22,NA,12,16,Macon
29463,10/11/23,NA,6,8,Lake
29466,12/30/22,NA,13,16,Macon
29471,1/1/22,10/21/22,9,9,Lake
29474,1/1/22,2/24/25,11,14,Saline
29480,1/14/23,NA,6,9,Will
29481,1/1/22,NA,13,17,Kankakee
29484,1/1/22,NA,4,8,Cook
29486,1/1/22,NA,9,13,Will
29488,8/9/22,3/29/26,12,15,Will
29490,1/1/22,12/19/22,13,13,Cook
29491,1/1/22,8/26/24,4,6,Kane
29492,10/27/25,NA,9,9,Kane
29495,1/1/22,NA,5,9,Winnebago
29496,1/1/22,2/18/23,9,10,Cook
29498,1/1/22,NA,11,15,Christian
29499,7/27/24,NA,12,13,Stephenson
29500,1/1/22,1/23/26,10,14,Will
29503,7/19/24,NA,9,10,Cook
29504,1/1/22,10/21/23,9,10,McHenry
29507,1/1/22,10/27/25,0,3,DuPage
29508,8/8/23,11/15/24,14,15,Cook
29509,9/8/25,NA,5,5,Williamson
29513,4/20/22,NA,13,17,Kane
29515,5/31/24,NA,8,10,Cook
29518,12/15/24,2/27/25,10,10,Cook
29520,1/1/22,4/20/25,12,15,Kendall
29521,6/4/24,7/14/24,13,13,Moultrie
29522,12/9/24,NA,15,16,Cook
29523,1/1/22,6/8/22,1,1,Lake
29525,1/1/22,NA,1,5,Cook
29526,6/16/23,7/15/23,4,4,McLean
29530,5/19/23,12/27/24,12,13,Peoria
29531,8/11/24,NA,16,17,Madison
29534,1/1/22,NA,4,8,St. Clair
29536,1/1/22,NA,13,17,Cook
29537,2/15/22,6/17/24,15,17,Will
29538,3/27/23,NA,0,3,Madison
29541,1/1/22,NA,11,15,Cook
29542,12/5/24,NA,0,1,Cook
29547,9/3/24,NA,2,3,McLean
29549,1/1/22,4/21/24,13,15,Madison
29550,1/1/22,3/25/22,6,6,Henry
29557,1/1/22,1/12/23,4,5,DuPage
29558,1/1/22,11/9/24,1,3,Lake
29559,1/1/22,NA,9,13,DuPage
29562,1/1/22,2/25/22,15,15,LaSalle
29563,1/1/22,11/18/24,3,5,Winnebago
29566,10/11/23,NA,4,6,DeKalb
29567,6/20/25,NA,5,6,McLean
29568,1/1/22,7/18/23,1,2,Will
29572,1/1/22,NA,12,16,Lake
29573,1/1/22,9/9/23,4,5,Kane
29574,5/28/26,NA,5,5,Cook
29575,1/1/22,NA,5,9,DuPage
29576,10/2/23,2/20/26,15,17,Kane
29584,6/29/23,6/4/25,7,8,DuPage
29589,8/14/25,NA,15,15,Will
29590,4/16/26,NA,5,5,Lake
29591,5/20/26,NA,0,0,Adams
29592,11/12/24,NA,9,10,Cook
29593,1/1/22,NA,6,10,DuPage
29594,1/1/22,3/4/23,10,11,Kane
29597,1/1/22,8/14/24,14,16,Will
29600,5/23/25,6/16/25,3,3,Monroe
29601,1/1/22,1/5/26,6,10,Greene
29602,3/16/24,3/14/26,3,4,St. Clair
29604,1/1/22,1/29/23,5,6,Cook
29605,11/5/25,NA,11,11,Randolph
29606,1/1/22,4/1/24,13,15,McHenry
29609,1/1/22,11/6/23,9,10,Will
29610,1/1/22,1/28/26,9,13,Winnebago
29611,3/23/22,5/14/26,0,4,Cook
29612,3/8/26,NA,9,9,DuPage
29614,11/19/24,4/2/26,5,6,DuPage
29615,1/1/22,12/15/24,0,2,DuPage
29616,11/7/24,NA,1,2,DuPage
29617,1/1/22,2/28/24,4,6,Cook
29619,11/15/25,NA,17,17,Adams
29621,1/1/22,7/12/23,2,3,Cook
29625,1/1/22,6/24/24,1,3,Rock Island
29626,1/1/22,8/19/25,0,3,Lake
29627,4/1/26,NA,4,4,Bond
29629,4/1/24,5/6/24,12,12,Franklin
29630,5/8/26,NA,13,13,Lake
29635,1/1/22,11/11/25,14,17,Will
29636,4/12/26,NA,15,15,Macon
29640,9/29/23,NA,7,9,Saline
29643,9/30/25,NA,1,1,Lake
29644,1/21/26,NA,10,10,DuPage
29647,1/1/22,NA,6,10,DuPage
29650,4/12/26,NA,0,0,Champaign
29653,3/11/26,NA,7,7,Winnebago
29657,5/1/25,NA,0,1,Kane
29662,6/28/22,1/17/24,8,9,Cook
29663,1/1/22,5/21/22,5,5,McLean
29667,1/1/22,7/15/23,11,12,Stephenson
29672,2/24/23,12/24/25,11,13,Kane
29674,3/14/24,NA,13,15,McLean
29678,8/28/25,NA,12,12,LaSalle
29679,2/16/26,5/12/26,1,1,Lake
29681,1/1/22,7/3/24,10,12,Will
29684,1/1/22,NA,0,4,Cook
29685,9/17/25,9/30/25,3,3,Adams
29687,3/9/23,12/9/23,16,16,Cook
29689,6/24/26,NA,3,3,St. Clair
29693,12/5/22,NA,11,14,Cook
29696,1/1/22,10/15/22,10,10,Will
29700,1/1/22,5/30/24,5,7,Champaign
29701,1/1/22,2/8/26,10,14,Will
29703,7/8/24,11/22/24,11,11,Lake
29705,1/1/22,11/30/24,15,17,Cook
29706,1/1/22,NA,11,15,DuPage
29707,6/20/26,NA,15,15,DuPage
29708,12/16/24,NA,0,1,Boone
29709,2/2/26,NA,0,0,Lake
29717,1/1/22,9/3/24,9,11,Wabash
29718,1/1/22,3/1/23,8,9,Williamson
29720,1/29/26,NA,4,4,Will
29721,1/27/25,NA,12,13,LaSalle
29725,1/1/22,1/29/22,9,9,Kane
29731,1/1/22,NA,4,8,Cook
29737,1/1/22,8/2/22,16,16,DeKalb
29743,1/1/22,3/11/23,4,5,DuPage
29744,5/25/24,NA,0,2,Jersey
29747,11/9/22,12/14/22,8,8,Union
29748,1/1/22,9/1/22,14,14,Kane
29749,9/25/25,NA,8,8,Cook
29751,9/10/23,11/13/25,2,4,Will
29752,1/1/22,4/5/23,5,6,Kane
29754,1/1/22,NA,3,7,Will
29756,10/16/23,NA,10,12,McHenry
29759,1/1/22,2/23/26,12,16,Kane
29760,1/1/22,10/3/23,13,14,DuPage
29768,1/1/22,NA,2,6,McLean
29770,1/1/22,8/24/22,2,2,Cook
29771,4/2/22,NA,1,5,DuPage
29772,9/1/24,NA,0,1,DuPage
29773,7/26/25,NA,5,5,Lake
29775,1/10/22,NA,9,13,Putnam
29776,1/1/22,3/5/24,14,16,Cook
29777,1/1/22,7/8/22,10,10,Will
29779,1/29/23,2/22/23,15,15,Lake
29780,2/14/26,NA,5,5,Lake
29781,2/4/22,NA,6,10,DuPage
29786,1/1/22,NA,2,6,Kane
29788,1/1/22,8/7/25,13,16,Macon
29789,1/1/22,8/13/23,14,15,Cook
29791,1/1/22,6/9/25,4,7,Will
29793,5/30/26,6/14/26,11,11,Kankakee
29794,1/1/22,6/30/22,15,15,Cook
29795,5/7/25,NA,1,2,Peoria
29796,2/15/26,NA,14,14,DuPage
29802,7/23/23,NA,1,3,Lake
29803,2/20/23,NA,5,8,Lake
29805,5/30/23,10/7/24,13,14,Will
29808,1/1/22,6/13/26,7,11,Cook
29810,7/13/23,3/5/26,13,15,DuPage
29811,11/16/23,4/5/24,2,2,Boone
29812,4/12/23,NA,1,4,Sangamon
29816,1/1/22,4/21/22,6,6,Kane
29817,2/4/24,NA,9,11,Cook
29818,5/7/23,8/23/23,5,5,Madison
29820,1/1/22,1/22/23,13,14,Lake
29821,10/26/23,NA,4,6,Cook
29822,12/3/23,NA,12,14,Rock Island
29826,1/1/22,4/1/22,0,0,Cook
29827,1/1/22,6/1/22,13,13,Bond
29829,6/6/22,NA,12,16,DuPage
29830,2/13/24,NA,13,15,Cook
29831,2/15/22,6/18/25,9,12,Franklin
29832,9/6/24,NA,0,1,Cook
29834,1/1/22,NA,7,11,DuPage
29836,2/25/24,NA,8,10,Will
29842,3/14/26,NA,17,17,Henry
29843,1/1/22,NA,7,11,Will
29844,11/11/22,6/12/26,12,15,St. Clair
29846,1/1/22,10/6/24,4,6,Kankakee
29849,12/28/22,6/24/26,10,13,Lake
29850,5/10/23,NA,9,12,Will
29852,12/2/24,7/12/25,17,17,DuPage
29853,1/1/22,1/13/22,14,14,DuPage
29854,1/1/22,NA,10,14,Lee
29855,2/23/26,NA,12,12,Carroll
29856,1/1/22,1/15/23,7,8,Champaign
29857,1/18/22,2/24/22,9,9,Lake
29861,5/27/26,NA,17,17,Will
29864,8/20/22,9/27/22,11,11,Tazewell
29865,9/14/22,NA,7,10,Kane
29866,1/1/22,4/16/23,1,2,Kankakee
29871,4/13/22,2/25/26,7,10,DuPage
29872,1/1/22,12/6/22,15,15,DuPage
29875,1/1/22,NA,7,11,Mercer
29878,1/1/22,3/3/26,7,11,Perry
29879,1/1/22,1/22/25,2,5,Champaign
29881,1/1/22,7/9/22,16,16,Cook
29882,1/1/22,NA,13,17,Vermilion
29884,6/17/24,NA,0,2,Cook
29885,1/1/22,NA,2,6,Cook
29887,11/9/23,NA,11,13,Coles
29889,11/16/22,NA,9,12,Cook
29891,5/29/22,7/4/25,14,17,Cook
29892,10/13/23,NA,10,12,Lawrence
29894,1/1/22,NA,11,15,Rock Island
29895,1/31/22,NA,0,4,Will
29896,5/8/23,NA,9,12,Kane
29897,1/3/24,1/7/24,13,13,DuPage
29898,1/1/22,7/11/22,17,17,Kankakee
29900,1/1/22,8/3/22,11,11,Will
29904,1/1/22,1/28/25,13,16,LaSalle
29905,3/22/22,9/23/25,2,5,DuPage
29906,2/8/25,NA,10,11,DuPage
29909,11/3/23,NA,1,3,Jackson
29911,1/1/22,6/8/24,5,7,DuPage
29912,8/28/23,10/14/25,12,14,Peoria
29913,1/1/22,11/7/24,10,12,Macon
29914,4/3/26,NA,15,15,Greene
29919,1/1/22,8/12/25,12,15,Tazewell
29921,1/1/22,5/18/23,16,17,Cook
29922,1/1/22,NA,10,14,Cook
29924,1/1/22,NA,1,5,Lake
29925,8/8/25,NA,13,13,Cook
29926,1/1/22,7/2/23,2,3,St. Clair
29927,1/1/22,12/25/22,3,3,Cook
29929,1/1/22,1/20/23,14,15,Perry
29930,1/1/22,NA,12,16,Will
29932,1/1/22,3/23/26,4,8,Cook
29933,1/1/22,11/5/24,11,13,Will
29942,1/1/22,NA,4,8,Will
29943,1/1/22,8/19/22,9,9,Marshall
29944,1/1/22,4/19/23,5,6,DuPage
29945,11/10/24,2/3/25,4,4,Kendall
29947,2/5/22,5/30/24,14,16,Cook
29948,1/1/22,NA,5,9,Lake
29951,1/1/22,9/7/25,11,14,Cook
29954,11/28/24,NA,7,8,DuPage
29955,1/1/22,NA,2,6,Cook
29956,4/1/25,NA,12,13,DuPage
29958,1/1/22,5/10/23,14,15,Cook
29965,1/1/22,2/27/26,1,5,DuPage
29967,1/1/22,NA,7,11,Kane
29969,1/1/22,NA,11,15,Cook
29970,1/1/22,3/7/24,8,10,Kane
29974,1/1/22,10/5/25,7,10,Kane
29975,1/1/22,6/17/23,16,17,Peoria
29977,7/20/25,NA,14,14,Cook
29979,8/1/23,NA,0,2,Franklin
29980,7/15/24,NA,3,4,Cook
29986,1/1/22,NA,1,5,Cook
29987,1/1/22,3/24/25,2,5,Boone
29988,1/1/22,9/1/25,11,14,DuPage
29990,12/9/24,NA,15,16,Kane
29991,2/13/25,3/26/25,14,14,Cook
29992,4/4/26,NA,13,13,Kendall
29993,6/6/26,NA,10,10,Kane
29994,7/14/25,NA,11,11,DuPage
29995,1/1/22,5/24/23,0,1,Boone
30000,4/10/22,NA,5,9,Bureau
30002,1/1/22,1/18/23,4,5,McLean
30003,3/5/22,2/15/26,11,14,Lake
30004,1/8/24,NA,0,2,Will
30014,1/1/22,3/18/25,1,4,Champaign
30015,1/1/22,11/3/22,2,2,Lake
30018,1/1/22,NA,5,9,Will
30019,11/16/22,1/2/23,8,8,Will
30025,8/28/23,NA,12,14,Madison
30026,5/11/23,NA,1,4,DeKalb
30028,1/1/22,2/6/22,9,9,DuPage
30029,1/1/22,3/21/23,12,13,Vermilion
30030,12/3/25,NA,13,13,Woodford
30031,10/17/25,NA,14,14,Winnebago
30034,3/3/22,10/4/22,9,9,DuPage
30038,1/1/22,1/30/26,8,12,Knox
30040,1/1/22,5/6/23,4,5,Pulaski
30043,12/23/25,NA,0,0,Will
30044,1/1/22,2/14/22,1,1,Lake
30045,1/1/22,8/15/22,13,13,Montgomery
30047,1/1/22,4/24/22,10,10,Kane
30050,1/1/22,8/24/24,15,17,Cook
30052,10/14/24,NA,13,14,DuPage
30053,2/23/22,NA,4,8,McHenry
30055,1/1/22,10/13/22,13,13,Kankakee
30057,5/10/24,NA,5,7,Cook
30059,1/1/22,3/5/23,2,3,Kane
30061,10/2/23,NA,0,2,Madison
30062,11/23/24,NA,10,11,Rock Island
30065,6/17/24,11/19/24,6,6,Cook
30066,5/24/22,8/5/23,5,6,Peoria
30067,1/1/22,NA,2,6,Lake
30071,1/1/22,8/22/23,4,5,Cook
30072,5/12/23,5/19/23,17,17,Will
30074,1/1/22,1/23/25,14,17,Macon
30075,1/1/22,9/17/24,6,8,St. Clair
30076,1/1/22,NA,10,14,Cook
30078,1/1/22,6/26/25,0,3,DuPage
30079,1/1/22,7/5/24,9,11,Kane
30080,1/1/22,NA,2,6,DuPage
30084,1/1/22,NA,5,9,Vermilion
30087,4/18/26,NA,0,0,Will
30088,1/1/22,10/8/25,1,4,Cook
30090,1/1/22,3/20/26,6,10,DuPage
30091,12/7/23,1/16/25,2,3,DuPage
30094,1/1/22,5/8/24,12,14,Madison
30095,7/15/22,12/12/22,8,8,DuPage
30097,5/22/23,1/24/24,16,16,Kendall
30102,2/24/23,3/15/23,1,1,Cook
30103,4/25/22,2/27/25,12,14,Cook
30104,1/1/22,6/4/22,5,5,Lake
30107,6/12/22,NA,9,13,Lake
30109,1/1/22,12/2/22,2,2,Bureau
30111,1/1/22,12/2/25,7,10,Woodford
30114,1/1/22,10/17/22,17,17,Cook
30115,1/1/22,6/19/22,0,0,DuPage
30116,1/1/22,4/8/24,0,2,Cook
30117,4/26/23,3/7/24,5,5,DuPage
30118,1/1/22,4/6/26,10,14,DuPage
30119,1/1/22,3/11/22,7,7,Adams
30120,1/1/22,NA,8,12,Will
30126,8/13/23,NA,6,8,Cook
30127,1/1/22,4/15/22,8,8,Kane
30128,1/1/22,4/4/22,6,6,DuPage
30131,1/1/22,6/4/23,1,2,Kane
30132,10/26/22,11/23/22,13,13,DuPage
30133,1/1/22,1/14/22,10,10,Lake
30136,1/1/22,7/5/23,0,1,Cook
30137,1/1/22,NA,12,16,Wabash
30138,1/1/22,1/31/26,10,14,Lake
30139,7/21/23,NA,12,14,DuPage
30140,5/20/23,NA,0,3,Kane
30141,12/6/22,4/2/23,2,2,Cook
30142,8/17/23,7/20/25,3,4,DuPage
30143,1/21/26,NA,13,13,Cook
30144,1/1/22,11/3/25,6,9,Will
30145,9/21/23,11/17/24,8,9,Lake
30146,1/1/22,11/13/22,17,17,Madison
30149,5/27/25,NA,3,4,DuPage
30150,1/1/22,4/21/22,7,7,Kane
30153,1/1/22,NA,9,13,Grundy
30154,1/16/26,NA,9,9,DuPage
30155,3/23/23,NA,9,12,Lake
30157,11/9/23,11/18/23,16,16,Cook
30158,6/10/26,NA,17,17,Will
30160,10/28/23,5/16/24,3,3,McLean
30163,4/7/23,NA,3,6,Cook
30164,1/1/22,7/1/24,15,17,Williamson
30167,4/8/22,9/14/25,2,5,Lake
30168,1/1/22,2/15/23,8,9,Lake
30169,1/1/22,10/16/23,9,10,Lake
30170,1/1/22,11/18/25,11,14,Cook
30172,1/1/22,7/9/24,6,8,Cook
30174,3/9/25,NA,6,7,Cook
30175,1/1/22,9/2/24,1,3,Cook
30176,1/1/22,NA,2,6,Cook
30178,2/19/22,5/16/22,0,0,Cook
30179,1/1/22,1/21/26,7,11,DuPage
30180,4/19/22,NA,1,5,Macon
30182,1/1/22,NA,2,6,Monroe
30184,1/1/22,NA,0,4,Kendall
30186,1/1/22,NA,12,16,Kane
30189,1/1/22,5/7/23,8,9,Peoria
30192,1/1/22,10/21/22,15,15,McHenry
30194,1/1/22,2/13/24,5,7,Bureau
30195,11/22/25,NA,11,11,Will
30196,1/1/22,NA,12,16,Lake
30198,1/3/25,4/20/25,9,9,Cook
30201,12/18/22,5/26/25,5,7,Macoupin
30202,1/9/24,NA,4,6,St. Clair
30203,4/3/24,11/16/25,2,3,Lake
30209,5/24/26,NA,6,6,Cook
30212,4/11/22,4/14/22,12,12,Coles
30213,1/1/22,NA,12,16,Sangamon
30214,6/3/22,5/20/23,7,7,Cook
30218,1/1/22,NA,13,17,Cook
30219,1/1/22,8/7/25,4,7,DuPage
30220,1/1/22,NA,4,8,LaSalle
30221,1/1/22,10/28/24,9,11,Vermilion
30223,1/1/22,9/16/25,8,11,Douglas
30224,1/1/22,11/19/25,4,7,Perry
30225,4/15/25,NA,14,15,Cook
30226,4/14/24,NA,1,3,Will
30227,7/6/22,NA,7,10,Cook
30228,3/16/22,5/16/22,8,8,Lake
30229,8/18/24,8/22/24,3,3,Williamson
30231,6/7/26,NA,15,15,Rock Island
30232,1/1/22,4/2/22,4,4,Wayne
30234,10/24/25,NA,2,2,Will
30237,1/1/22,NA,9,13,DuPage
30238,1/1/22,NA,6,10,Will
30239,4/5/23,6/26/26,1,4,Cook
30242,1/1/22,NA,11,15,Kane
30246,1/1/22,7/18/25,2,5,St. Clair
30247,4/12/23,NA,13,16,Ogle
30248,11/16/24,NA,11,12,Effingham
30250,10/17/23,9/3/24,5,5,Cook
30251,6/15/24,NA,2,4,DuPage
30252,7/12/22,NA,11,14,DuPage
30253,9/16/25,NA,17,17,Kane
30254,1/1/22,9/19/22,2,2,Champaign
30256,1/1/22,NA,9,13,DuPage
30257,10/17/22,NA,11,14,Cook
30258,1/1/22,2/27/26,1,5,LaSalle
30259,1/1/22,5/21/22,5,5,Jefferson
30260,9/18/22,12/18/22,13,13,Will
30261,1/1/22,2/1/25,10,13,DuPage
30263,1/1/22,7/21/25,10,13,DeKalb
30264,1/1/22,NA,10,14,Cook
30267,1/1/22,10/27/23,12,13,Will
30268,1/1/22,5/4/24,11,13,Kane
30273,1/1/22,9/29/24,1,3,Kane
30274,11/20/23,5/23/25,13,14,Menard
30275,1/1/22,3/7/25,10,13,Tazewell
30276,3/25/25,NA,8,9,DuPage
30277,6/27/23,NA,11,14,Cook
30278,9/25/22,NA,13,16,Cook
30279,1/1/22,2/27/22,12,12,Sangamon
30281,1/1/22,NA,5,9,Lake
30283,1/1/22,NA,6,10,Cook
30284,9/6/22,6/16/25,3,5,Macoupin
30286,12/11/23,NA,11,13,St. Clair
30287,1/1/22,11/3/23,10,11,Lake
30291,11/18/25,NA,17,17,Macon
30293,3/16/22,4/10/24,10,12,Champaign
30294,1/1/22,NA,11,15,Will
30296,6/29/22,NA,13,17,Coles
30298,4/17/25,NA,15,16,Kendall
30300,5/1/23,9/17/23,9,9,Cook
30303,2/19/22,NA,11,15,Champaign
30304,1/1/22,5/24/24,1,3,Champaign
30305,2/11/26,NA,10,10,Cook
30306,1/1/22,9/10/24,4,6,DuPage
30314,5/3/22,11/7/25,7,10,Kane
30315,1/1/22,NA,12,16,Will
30317,1/1/22,3/10/22,5,5,Sangamon
30319,1/1/22,NA,7,11,Menard
30323,7/5/24,10/30/24,14,14,Peoria
30325,6/6/26,NA,1,1,Kane
30326,1/1/22,5/14/25,0,3,Lake
30327,1/1/22,9/2/24,11,13,Macon
30329,1/1/22,6/4/22,5,5,DuPage
30331,1/1/22,6/18/22,2,2,Cook
30332,9/26/24,NA,15,16,DuPage
30333,1/1/22,1/20/26,0,4,Winnebago
30335,1/1/22,9/21/25,1,4,Cook
30336,2/19/24,1/19/26,14,15,Will
30337,1/1/22,NA,3,7,Lake
30338,2/8/24,NA,11,13,Lake
30343,11/24/24,2/12/25,9,9,Kendall
30344,1/1/22,4/2/22,0,0,Kendall
30345,8/24/23,4/30/25,13,14,Marshall
30346,1/1/22,5/23/22,13,13,Cook
30347,9/12/25,12/28/25,9,9,Cook
30349,5/12/26,NA,11,11,Fulton
30351,3/15/22,7/13/25,12,15,Cook
30354,1/1/22,NA,8,12,Greene
30355,1/1/22,NA,6,10,Menard
30356,1/20/25,2/20/25,13,13,DuPage
30357,1/1/22,NA,12,16,Henry
30361,7/4/23,8/14/24,2,3,St. Clair
30363,1/1/22,10/1/22,4,4,Will
30364,10/1/23,10/23/23,2,2,White
30365,10/11/25,NA,5,5,Peoria
30367,5/3/22,6/10/22,17,17,Cook
30369,1/1/22,12/27/23,13,14,Sangamon
30370,1/1/22,NA,9,13,Will
30371,1/1/22,8/22/24,14,16,Kane
30376,4/3/24,NA,9,11,Marshall
30377,7/3/24,NA,13,14,Clinton
30378,11/10/23,1/30/24,6,6,Cook
30379,6/29/25,9/27/25,3,3,Will
30380,8/1/22,NA,5,8,Adams
30384,1/1/22,7/2/22,2,2,Madison
30386,4/5/24,NA,0,2,Madison
30390,6/8/26,NA,6,6,Effingham
30391,6/28/22,4/16/25,3,5,Lake
30393,1/1/22,3/5/23,6,7,Cook
30400,1/12/22,9/4/23,9,10,McLean
30401,1/1/22,NA,6,10,Cook
30402,11/12/25,6/13/26,0,0,Lake
30404,5/5/24,6/2/24,6,6,Livingston
30405,1/17/25,NA,15,16,Kankakee
30409,12/9/23,NA,12,14,Boone
30410,1/1/22,NA,1,5,DuPage
30411,1/1/22,8/2/22,6,6,McHenry
30412,1/1/22,12/10/22,7,7,Cook
30413,1/1/22,NA,8,12,Lake
30415,9/15/23,3/1/25,16,17,Macon
30416,1/1/22,NA,11,15,Peoria
30417,1/1/22,NA,7,11,Henry
30419,11/6/23,9/1/24,16,16,Cook
30420,12/17/25,3/3/26,14,14,Kane
30421,7/31/22,6/21/24,13,14,DuPage
30423,1/1/22,8/30/23,3,4,Cook
30426,7/2/25,NA,4,4,Cook
30428,1/1/22,1/14/22,6,6,DuPage
30429,1/1/22,NA,11,15,Menard
30430,1/1/22,7/14/22,10,10,Cook
30431,1/1/22,NA,3,7,Cook
30433,1/1/22,NA,1,5,Cook
30434,6/4/26,NA,13,13,Cook
30437,6/15/25,5/3/26,8,8,Henry
30439,1/1/22,NA,10,14,Cook
30440,1/1/22,6/15/25,5,8,Cook
30441,5/15/22,NA,0,4,Cook
30444,1/1/22,NA,1,5,Kendall
30446,5/6/23,NA,9,12,Will
30447,1/1/22,NA,10,14,DuPage
30451,1/1/22,3/3/25,1,4,DeKalb
30452,9/23/24,NA,11,12,Cook
30453,1/1/22,5/28/24,1,3,Lake
30455,3/30/22,NA,10,14,Lake
30456,12/10/22,NA,8,11,Clay
30458,10/21/24,NA,11,12,Lake
30459,2/22/24,NA,13,15,Cook
30461,10/2/23,NA,15,17,Clinton
30465,1/1/22,NA,10,14,Kane
30470,1/1/22,9/25/23,4,5,Cumberland
30471,1/1/22,8/1/22,7,7,Lake
30472,1/1/22,NA,1,5,Washington
30474,1/1/22,3/13/24,15,17,McDonough
30475,11/15/22,4/29/25,1,3,Jersey
30476,11/11/24,NA,14,15,Kane
30477,7/31/24,2/26/26,5,6,Fayette
30478,1/1/22,10/3/22,1,1,Cook
30482,1/1/22,NA,0,4,Williamson
30483,1/6/23,NA,9,12,McHenry
30484,1/1/22,NA,10,14,DuPage
30485,10/12/25,NA,8,8,Will
30486,2/2/25,NA,11,12,Kane
30489,2/28/25,NA,15,16,Kane
30490,1/1/22,4/9/24,15,17,Cook
30493,1/1/22,10/20/22,4,4,Cook
30494,1/1/22,8/5/22,12,12,Cook
30496,1/1/22,5/30/23,15,16,Rock Island
30497,6/25/26,NA,11,11,Cook
30498,1/1/22,9/9/22,9,9,Edgar
30499,2/20/25,4/23/25,0,0,Cook
30502,4/3/22,8/5/23,14,15,Lake
30504,3/22/22,9/11/25,2,5,Bureau
30505,1/25/23,12/25/25,11,13,Knox
30507,1/1/22,5/22/24,9,11,St. Clair
30508,1/1/22,NA,9,13,Fulton
30509,1/1/22,4/20/22,10,10,Kane
30514,1/1/22,NA,4,8,Adams
30515,3/30/22,10/24/22,11,11,Will
30516,5/8/24,NA,1,3,DuPage
30517,2/14/26,NA,14,14,Boone
30518,1/1/22,2/9/24,14,16,Cook
30519,5/19/25,NA,15,16,Tazewell
30520,3/5/24,NA,15,17,Adams
30521,11/15/22,NA,1,4,Cook
30522,4/9/22,8/4/22,0,0,Lake
30523,5/22/25,5/28/25,16,16,Cook
30526,1/1/22,5/6/25,9,12,Will
30528,1/1/22,2/14/23,3,4,Cook
30530,4/11/22,7/2/22,6,6,Lake
30535,1/1/22,NA,9,13,DuPage
30538,1/22/25,3/9/25,15,15,Will
30539,7/14/22,NA,0,3,Will
30540,1/1/22,1/19/22,5,5,Cook
30544,1/1/22,3/9/23,15,16,Logan
30547,1/1/22,NA,9,13,Will
30548,9/1/23,NA,6,8,Rock Island
30549,8/25/22,11/9/22,7,7,Lake
30551,8/15/25,NA,4,4,Sangamon
30554,1/1/22,10/12/25,6,9,St. Clair
30555,1/1/22,NA,4,8,Macon
30556,8/5/23,NA,2,4,Cook
30558,1/1/22,11/26/23,12,13,Lake
30559,1/1/22,9/17/23,1,2,Cook
30560,1/1/22,8/15/25,11,14,Cook
30561,1/1/22,8/10/22,8,8,Will
30562,1/1/22,NA,5,9,Cook
30567,1/1/22,12/31/25,5,9,Lake
30569,5/30/22,5/3/25,13,15,Cook
30570,1/1/22,NA,3,7,Lake
30571,1/1/22,3/13/22,1,1,Cook
30573,6/27/22,12/2/25,14,17,Christian
30574,1/1/22,3/27/23,16,17,Cook
30577,6/8/25,NA,4,5,Lake
30579,1/1/22,NA,4,8,DeKalb
30581,5/4/25,NA,12,13,Lake
30583,1/1/22,8/30/23,13,14,Cook
30589,3/14/23,9/9/23,3,3,Cook
30590,6/3/26,NA,5,5,Rock Island
30593,6/24/24,NA,7,9,DuPage
30595,1/1/22,7/6/22,12,12,Wabash
30596,1/1/22,3/21/25,4,7,Henry
30597,1/1/22,12/31/24,12,14,Lake
30600,1/1/22,3/9/23,11,12,Washington
30605,1/1/22,1/15/22,7,7,Lake
30607,1/1/22,NA,11,15,Fayette
30610,1/1/22,2/22/23,5,6,DeKalb
30611,9/26/24,NA,8,9,DuPage
30615,6/11/25,NA,1,2,Will
30616,1/1/22,6/12/23,10,11,Ogle
30617,12/19/24,NA,3,4,Cook
30618,10/26/23,NA,3,5,Cook
30621,5/3/22,NA,0,4,Cook
30623,1/4/22,4/25/22,9,9,Cook
30625,3/15/23,12/29/24,0,1,Will
30627,1/1/22,NA,3,7,McHenry
30628,8/29/23,NA,14,16,DuPage
30629,1/1/22,1/20/26,4,8,Clark
30630,1/1/22,6/24/23,9,10,Winnebago
30631,1/1/22,NA,7,11,Will
30632,1/1/22,9/3/25,9,12,McHenry
30637,1/1/22,4/17/26,5,9,Grundy
30638,1/1/22,9/23/22,13,13,Jefferson
30641,11/2/23,NA,14,16,Will
30642,8/26/22,10/20/22,4,4,Champaign
30646,1/28/26,NA,0,0,Will
30649,1/25/22,11/29/24,8,10,Henry
30651,5/13/26,NA,7,7,Winnebago
30652,2/20/25,2/6/26,12,12,Will
30654,1/1/22,3/12/24,1,3,Jersey
30655,1/1/22,NA,5,9,Macon
30656,1/1/22,7/16/25,10,13,Cook
30660,4/1/25,NA,12,13,Lake
30661,1/1/22,10/9/24,1,3,Lake
30664,2/10/26,NA,17,17,Lake
30665,7/2/25,9/14/25,2,2,McHenry
30666,9/28/23,6/28/24,17,17,Will
30668,1/1/22,8/30/25,12,15,Will
30670,1/1/22,NA,9,13,Cook
30672,9/17/24,2/2/25,11,11,Cook
30675,12/23/25,NA,3,3,Cook
30676,1/1/22,4/23/23,1,2,Will
30677,1/1/22,NA,3,7,Lake
30679,9/1/24,NA,10,11,Sangamon
30683,5/14/23,5/13/25,13,14,Cook
30685,6/25/24,NA,5,7,Lake
30686,1/1/22,10/17/24,5,7,Will
30690,1/1/22,1/30/24,11,13,Will
30692,10/5/24,NA,6,7,LaSalle
30694,1/1/22,2/11/24,1,3,Cook
30696,1/1/22,NA,6,10,Cook
30698,1/1/22,1/15/25,8,11,DuPage
30701,9/21/24,NA,6,7,Will
30702,5/1/22,2/5/26,1,4,Cook
30704,1/1/22,11/2/25,7,10,Cook
30705,1/1/22,4/22/22,3,3,McHenry
30706,1/1/22,5/19/26,6,10,Williamson
30710,1/1/22,10/19/24,8,10,DuPage
30711,1/1/22,NA,4,8,Lake
30712,6/14/24,NA,11,13,DuPage
30713,12/3/24,NA,4,5,Iroquois
30714,1/1/22,4/6/22,4,4,Tazewell
30715,8/14/24,NA,9,10,Will
30716,1/1/22,10/6/22,11,11,Will
30723,12/19/22,2/17/23,6,6,Mercer
30724,1/1/22,5/31/22,0,0,Pike
30725,1/1/22,NA,4,8,McHenry
30726,2/12/22,4/18/22,15,15,Cook
30729,1/1/22,11/16/23,0,1,Lake
30730,1/1/22,5/3/24,2,4,Stephenson
30734,2/7/26,NA,13,13,Whiteside
30735,2/12/26,NA,5,5,Kane
30737,1/1/22,NA,1,5,St. Clair
30740,3/11/25,NA,2,3,Cook
30741,1/1/22,3/6/23,11,12,DuPage
30742,6/19/23,11/20/25,4,6,Kane
30745,1/1/22,2/24/26,1,5,Peoria
30746,1/1/22,NA,0,4,Kane
30752,12/16/25,NA,16,16,Rock Island
30754,1/1/22,10/26/24,6,8,Lake
30755,3/5/25,8/8/25,17,17,McLean
30756,1/1/22,NA,10,14,Will
30757,12/10/22,NA,12,15,Lake
30759,3/10/22,NA,11,15,Woodford
30760,1/1/22,NA,5,9,Will
30761,11/19/25,NA,7,7,McLean
30764,1/1/22,2/5/23,14,15,Tazewell
30765,1/1/22,NA,3,7,Cook
30766,1/1/22,2/3/25,1,4,Knox
30767,12/20/25,NA,14,14,Cook
30769,7/10/25,NA,11,11,McHenry
30770,3/23/22,3/13/26,11,14,Cook
30771,1/1/22,NA,12,16,Cook
30772,1/1/22,NA,8,12,Champaign
30774,1/1/22,8/16/22,8,8,Kankakee
30775,1/15/23,2/14/23,12,12,Lake
30776,12/17/24,NA,10,11,Kane
30777,11/6/25,3/6/26,15,15,McLean
30781,1/1/22,NA,12,16,Henry
30782,1/1/22,1/11/24,0,2,Kane
30783,3/21/25,NA,0,1,Cook
30784,1/1/22,NA,7,11,DuPage
30785,1/1/22,8/16/22,0,0,Cook
30786,1/1/22,5/15/23,6,7,Will
30789,9/27/24,12/18/24,13,13,St. Clair
30790,1/1/22,NA,3,7,Adams
30791,3/14/24,NA,14,16,Cook
30792,1/22/25,NA,15,16,DuPage
30794,4/10/22,9/24/24,9,11,Stark
30795,9/11/22,NA,8,11,McHenry
30796,1/1/22,6/7/22,0,0,Cook
30797,10/6/25,NA,7,7,Will
30799,1/1/22,NA,9,13,Madison
30802,2/24/23,7/7/23,12,12,Cook
30803,5/5/23,7/24/25,11,13,Cook
30807,1/1/22,NA,9,13,Cook
30809,1/1/22,NA,1,5,Cass
30810,1/1/22,NA,12,16,Cook
30811,12/12/25,NA,15,15,Peoria
30812,1/1/22,10/5/25,14,17,Ogle
30814,1/1/22,10/20/23,10,11,DuPage
30815,1/1/22,6/5/22,14,14,Cook
30818,3/10/23,NA,5,8,Kane
30819,1/30/23,NA,3,6,DuPage
30821,1/1/22,NA,10,14,Cook
30825,6/2/23,5/7/26,8,10,Macon
30828,1/1/22,NA,13,17,Cook
30829,1/1/22,7/2/22,9,9,Madison
30830,1/1/22,NA,10,14,Cook
30835,7/29/23,8/5/23,2,2,DuPage
30836,1/1/22,11/2/24,15,17,Cook
30837,1/1/22,5/31/23,15,16,Cook
30838,1/1/22,NA,3,7,Henry
30840,5/28/25,NA,1,2,Macon
30841,1/1/22,NA,5,9,Madison
30842,4/11/26,NA,17,17,Cook
30843,6/20/24,NA,10,12,DuPage
30844,1/1/22,11/16/22,13,13,LaSalle
30845,7/5/22,NA,5,8,Lake
30847,7/17/24,NA,16,17,Kane
30850,1/1/22,NA,6,10,Stephenson
30851,7/21/23,NA,8,10,Kane
30852,3/23/23,8/5/23,2,2,Cook
30854,7/13/23,NA,15,17,Will
30855,3/5/26,NA,2,2,Champaign
30856,10/27/22,8/30/23,9,9,LaSalle
30860,1/19/23,NA,13,16,Cook
30862,9/27/22,12/15/24,2,4,Wabash
30863,1/1/22,9/2/23,7,8,Peoria
30868,1/1/22,4/24/26,13,17,McLean
30869,3/12/24,NA,3,5,Franklin
30872,5/14/23,6/4/24,1,2,Warren
30874,5/4/22,NA,12,16,DuPage
30878,9/29/23,11/25/23,9,9,Whiteside
30879,1/1/22,12/8/24,2,4,Madison
30881,1/1/22,NA,13,17,Lake
30882,1/1/22,8/31/24,2,4,Cook
30883,6/24/24,NA,3,5,Cook
30884,6/10/24,6/26/24,12,12,McHenry
30886,1/1/22,5/2/23,6,7,Kane
30887,1/1/22,2/20/23,7,8,McHenry
30888,10/28/22,1/1/23,16,16,Livingston
30889,1/1/22,11/3/25,14,17,Winnebago
30890,1/1/22,NA,5,9,Lake
30891,1/1/22,4/16/24,6,8,Monroe
30895,1/1/22,NA,9,13,Will
30896,1/1/22,NA,9,13,Cook
30897,1/1/22,10/13/22,7,7,DuPage
30898,1/1/22,7/17/24,14,16,Fulton
30899,7/3/22,8/1/22,13,13,DuPage
30902,11/4/22,NA,9,12,Cook
30904,12/14/24,4/25/26,16,17,Cook
30905,1/1/22,8/12/23,6,7,Cook
30906,1/1/22,NA,5,9,DuPage
30908,1/1/22,NA,11,15,Cass
30909,7/23/22,NA,2,5,McHenry
30911,1/21/23,10/22/23,5,5,Macon
30912,7/25/22,8/1/22,12,12,Cook
30913,7/13/22,NA,13,16,Kankakee
30915,6/13/25,NA,8,9,Ford
30917,2/20/23,NA,5,8,Rock Island
30918,1/1/22,NA,1,5,Will
30920,1/1/22,9/5/22,13,13,Lake
30923,1/1/22,12/7/25,0,3,Champaign
30924,1/1/22,7/15/24,11,13,Whiteside
30925,1/19/23,8/23/24,0,1,Winnebago
30927,11/23/25,NA,8,8,Morgan
30929,1/1/22,NA,12,16,Madison
30931,1/1/22,1/28/22,1,1,Cook
30932,12/28/24,6/16/25,5,5,McLean
30933,1/1/22,3/27/25,2,5,Cook
30934,1/1/22,10/16/23,13,14,Livingston
30936,1/1/22,5/20/22,12,12,Cook
30937,2/1/22,NA,4,8,DuPage
30938,1/1/22,NA,12,16,St. Clair
30940,1/1/22,2/22/24,1,3,Lawrence
30942,1/1/22,NA,6,10,Cook
30944,4/26/22,6/20/22,17,17,Kane
30945,8/9/23,NA,2,4,Lake
30948,1/1/22,1/20/26,9,13,DuPage
30951,1/1/22,10/29/22,2,2,Cook
30954,1/1/22,1/28/22,0,0,Lee
30955,1/1/22,2/17/23,2,3,Lake
30956,1/1/22,4/13/23,2,3,Kane
30958,1/1/22,1/28/23,14,15,Cook
30959,1/1/22,3/11/22,3,3,Cook
30960,1/1/22,9/7/23,1,2,Macoupin
30963,9/29/25,NA,4,4,Cook
30964,11/4/25,1/7/26,2,2,Lake
30966,11/8/25,NA,3,3,Will
30970,4/3/26,NA,16,16,Lake
30971,1/1/22,5/24/24,5,7,Boone
30973,7/23/23,8/23/23,17,17,Logan
30974,4/5/23,11/17/23,7,7,Cook
30977,1/1/22,3/12/24,3,5,Cook
30983,1/1/22,2/24/22,14,14,Cook
30986,1/3/25,NA,10,11,Cook
30987,1/1/22,12/1/22,15,15,Boone
30988,12/4/24,NA,9,10,DuPage
30989,1/1/22,3/29/22,10,10,DuPage
30995,1/1/22,6/17/22,11,11,DuPage
30997,1/1/22,NA,3,7,Cook
31000,1/1/22,10/14/23,7,8,McLean
31001,10/26/24,NA,10,11,Will
31003,2/3/24,NA,4,6,Lake
31005,2/13/25,NA,1,2,DuPage
31006,1/1/22,7/8/23,5,6,Cook
31007,10/3/25,NA,12,12,DuPage
31008,9/25/24,2/21/26,5,6,Lake
31009,3/11/26,NA,1,1,Cook
31010,7/4/25,NA,9,9,Champaign
31013,1/1/22,NA,8,12,Effingham
31016,1/1/22,NA,2,6,Cook
31017,11/20/24,NA,2,3,DuPage
31019,1/1/22,2/10/24,14,16,Whiteside
31022,2/26/24,NA,3,5,St. Clair
31023,1/1/22,8/2/23,4,5,Peoria
31024,6/15/26,NA,11,11,Fulton
31026,1/1/22,12/3/25,13,16,Logan
31027,1/1/22,12/27/22,5,5,Cook
31032,7/24/24,NA,14,15,Lake
31034,1/1/22,NA,4,8,Lake
31036,5/26/24,NA,0,2,Winnebago
31039,5/19/23,12/17/23,0,0,Whiteside
31040,9/10/25,NA,16,16,Cook
31043,1/1/22,4/6/22,8,8,Cook
31045,6/23/22,6/28/24,6,8,Lake
31046,1/1/22,5/31/22,7,7,Macoupin
31047,1/1/22,6/20/24,0,2,Cook
31048,1/1/22,5/3/22,5,5,Kendall
31049,5/28/22,NA,0,4,Stephenson
31050,1/1/22,NA,7,11,Cook
31051,5/18/24,NA,12,14,Cook
31052,5/9/24,NA,12,14,Cook
31053,1/1/22,8/20/25,6,9,Rock Island
31054,1/1/22,12/20/25,7,10,Cook
31056,6/19/26,NA,1,1,DuPage
31057,5/27/26,NA,14,14,Will
31059,2/26/22,NA,10,14,Cook
31060,4/16/25,NA,0,1,Will
31061,2/13/22,NA,6,10,Randolph
31062,3/20/24,4/9/24,9,9,Cook
31064,3/25/23,NA,6,9,Kane
31066,1/1/22,1/1/26,4,8,Crawford
31067,11/30/22,9/29/24,15,16,McHenry
31068,1/1/22,5/27/25,14,17,Kane
31069,3/21/25,NA,0,1,Kane
31070,5/22/23,NA,3,6,Cook
31072,10/11/24,4/4/26,6,7,Rock Island
31075,8/15/25,4/21/26,17,17,Cook
31077,8/28/22,NA,12,15,Montgomery
31078,11/23/23,NA,11,13,Macon
31079,12/23/22,3/24/24,6,7,Will
31081,12/23/25,1/21/26,4,4,DuPage
31082,1/19/26,3/14/26,17,17,Monroe
31083,1/18/23,3/21/25,13,15,Bureau
31084,4/14/25,NA,0,1,Cook
31085,9/14/22,5/8/25,15,17,Cook
31086,6/29/23,5/12/24,6,6,Rock Island
31087,4/16/24,10/27/24,13,13,Madison
31091,1/15/25,NA,5,6,Winnebago
31093,4/5/26,NA,14,14,Ogle
31094,3/11/24,NA,12,14,Kane
31096,1/1/22,10/23/22,17,17,Cook
31100,2/14/26,NA,10,10,Kane
31101,1/1/22,NA,12,16,McLean
31104,1/1/22,7/5/25,3,6,DuPage
31105,3/27/24,2/18/26,14,15,Cook
31106,1/1/22,NA,2,6,DuPage
31107,1/1/22,10/9/25,8,11,Logan
31109,1/1/22,NA,4,8,Ogle
31110,1/1/22,NA,0,4,St. Clair
31112,2/12/23,NA,5,8,Lake
31114,1/1/22,NA,7,11,McLean
31119,1/1/22,12/10/25,6,9,Macoupin
31120,2/9/23,5/14/23,2,2,McLean
31122,1/1/22,12/9/22,12,12,DuPage
31126,3/12/26,3/21/26,13,13,Cook
31127,12/29/25,NA,15,15,Cook
31128,9/22/23,12/17/24,5,6,McLean
31129,12/18/24,NA,8,9,Randolph
31132,1/1/22,NA,7,11,Piatt
31133,11/16/23,NA,6,8,Will
31134,1/1/22,NA,6,10,Lake
31135,1/1/22,NA,7,11,Monroe
31136,4/27/22,7/9/22,6,6,Macoupin
31137,1/1/22,6/4/24,0,2,Cook
31139,12/10/23,NA,14,16,Cook
31141,3/12/26,NA,5,5,McLean
31142,7/16/23,NA,6,8,Cook
31143,1/1/22,6/29/26,10,14,Lake
31144,1/1/22,6/22/24,4,6,Cook
31145,1/1/22,4/15/24,3,5,Lawrence
31149,1/1/22,NA,12,16,Cook
31151,12/18/23,NA,14,16,Livingston
31152,1/1/22,NA,11,15,DuPage
31153,1/1/22,12/6/22,9,9,Kendall
31154,9/5/24,10/8/24,1,1,Cook
31156,10/15/22,NA,13,16,DuPage
31157,7/3/23,NA,1,3,Lake
31158,5/16/26,6/21/26,5,5,Boone
31160,12/23/25,NA,8,8,Cook
31162,10/15/25,NA,2,2,Peoria
31163,1/1/22,10/18/24,9,11,Douglas
31164,8/22/23,NA,6,8,Cook
31166,3/12/23,NA,4,7,Lake
31167,1/1/22,7/18/24,0,2,Macoupin
31168,1/1/22,NA,7,11,DuPage
31169,1/1/22,NA,12,16,DeKalb
31172,10/11/25,10/15/25,6,6,Will
31173,11/19/22,NA,2,5,Lake
31175,1/1/22,NA,6,10,Montgomery
31177,1/1/22,4/19/23,4,5,Marshall
31183,3/17/26,NA,4,4,Kendall
31184,11/8/23,NA,7,9,Adams
31186,1/1/22,2/6/24,1,3,Madison
31187,8/20/25,11/9/25,2,2,DuPage
31188,1/1/22,2/18/25,11,14,Cook
31190,6/13/26,NA,6,6,Williamson
31193,8/24/24,NA,0,1,Kane
31196,11/6/25,NA,8,8,Winnebago
31197,10/22/22,NA,4,7,Cook
31198,5/7/23,NA,4,7,Lake
31200,1/1/22,NA,13,17,Bureau
31201,1/1/22,9/6/22,8,8,Cook
31205,1/1/22,10/4/23,0,1,Ogle
31206,1/1/22,5/3/24,14,16,DuPage
31207,1/1/22,8/17/23,4,5,Madison
31209,8/6/22,NA,0,3,Will
31211,1/19/24,3/8/24,13,13,Kendall
31212,1/1/22,NA,0,4,Peoria
31215,10/1/25,NA,6,6,Cook
31216,3/2/26,NA,17,17,McLean
31221,1/1/22,NA,12,16,Cook
31222,1/1/22,3/29/23,16,17,Kane
31223,3/12/23,8/20/23,0,0,Douglas
31225,4/12/26,NA,14,14,McDonough
31231,1/1/22,NA,8,12,Cook
31233,1/10/25,NA,3,4,Will
31235,4/26/24,NA,15,17,Kane
31236,11/29/25,NA,11,11,Cook
31237,12/19/22,NA,0,3,DuPage
31238,4/2/26,NA,2,2,DuPage
31239,1/5/24,1/14/25,12,13,Will
31241,6/15/26,NA,14,14,Lake
31243,10/7/25,6/21/26,2,2,Macon
31244,12/10/24,NA,1,2,DuPage
31248,4/11/26,NA,7,7,Winnebago
31249,1/2/24,NA,3,5,Cook
31251,1/1/22,4/21/22,1,1,Lawrence
31252,1/1/22,2/10/23,9,10,Champaign
31254,1/1/22,NA,12,16,Tazewell
31255,3/11/22,12/12/25,0,3,LaSalle
31257,1/1/22,6/22/23,8,9,Will
31259,1/1/22,8/24/25,9,12,Cook
31265,11/29/23,NA,15,17,Cook
31268,12/1/25,NA,13,13,Winnebago
31269,1/1/22,5/7/26,4,8,Will
31272,1/1/22,4/24/24,12,14,Lake
31273,1/5/23,3/15/26,13,16,Peoria
31274,1/1/22,NA,11,15,Lake
31275,7/9/23,6/22/25,11,12,Lake
31276,12/26/25,NA,1,1,Champaign
31277,2/11/24,NA,2,4,Fulton
31279,4/30/25,5/14/25,1,1,Winnebago
31280,1/1/22,NA,9,13,McHenry
31282,7/2/25,NA,1,1,DuPage
31283,10/17/22,10/29/22,4,4,Will
31285,4/14/23,5/20/26,10,13,Cook
31286,1/1/22,NA,11,15,Cook
31290,1/1/22,NA,4,8,Kendall
31292,1/1/22,4/13/24,8,10,Cook
31293,1/1/22,3/25/26,11,15,Cook
31294,1/1/22,10/3/25,13,16,Cook
31295,9/27/24,NA,10,11,DuPage
31297,1/1/22,10/13/25,3,6,Monroe
31298,2/26/24,NA,15,17,Christian
31299,2/1/24,NA,3,5,Vermilion
31300,10/9/23,NA,1,3,Kane
31301,1/1/22,8/6/25,0,3,Sangamon
31305,1/1/22,7/2/24,15,17,DuPage
31308,1/1/22,6/7/24,12,14,DuPage
31309,12/27/25,NA,8,8,Cook
31310,1/1/22,NA,8,12,McLean
31312,10/16/25,NA,16,16,Peoria
31313,1/1/22,1/28/24,11,13,DuPage
31314,11/6/25,NA,0,0,DuPage
31316,10/30/24,NA,3,4,Christian
31320,1/1/22,12/3/25,8,11,Kane
31321,1/1/22,3/4/22,10,10,Ogle
31322,10/25/25,NA,7,7,Clinton
31324,10/29/25,NA,5,5,Lake
31327,6/27/25,NA,6,7,Lake
31329,1/1/22,6/23/23,7,8,Cook
31332,12/3/23,5/6/24,10,10,Jackson
31335,11/13/24,NA,9,10,Calhoun
31336,9/24/23,NA,2,4,Cook
31337,1/1/22,NA,2,6,McHenry
31338,2/19/26,NA,11,11,Cook
31340,1/1/22,12/26/25,1,4,St. Clair
31347,11/30/23,NA,6,8,McHenry
31348,6/5/26,NA,15,15,Lake
31349,2/23/22,6/4/25,13,16,Clinton
31353,1/1/22,6/25/23,0,1,Sangamon
31355,1/1/22,11/26/24,13,15,DuPage
31357,9/22/22,10/19/22,14,14,St. Clair
31358,12/25/22,10/31/24,2,3,Lake
31359,3/13/26,NA,9,9,Sangamon
31360,7/1/24,NA,14,16,Vermilion
31362,1/1/22,2/9/24,3,5,Kane
31363,11/1/22,NA,8,11,DuPage
31366,1/1/22,7/2/22,1,1,Cook
31368,12/22/25,NA,5,5,Cook
31369,1/1/22,10/26/22,6,6,Cook
31372,1/1/22,4/26/22,1,1,Cook
31374,2/9/23,4/1/23,15,15,St. Clair
31376,1/1/22,NA,9,13,Lake
31377,1/1/22,5/14/25,14,17,Cook
31378,4/24/26,NA,1,1,Cook
31384,6/8/23,NA,8,11,Ogle
31388,1/1/22,NA,13,17,Macon
31389,1/1/22,NA,11,15,Cook
31390,7/4/22,3/1/24,13,14,Kendall
31391,1/22/25,NA,8,9,Cook
31392,1/1/22,5/23/23,11,12,DeKalb
31395,1/1/22,2/4/25,4,7,Will
31398,3/7/24,11/12/25,15,16,Saline
31399,1/1/22,NA,7,11,Champaign
31401,9/3/25,NA,1,1,Boone
31404,1/1/22,NA,1,5,Macon
31406,5/2/26,6/5/26,11,11,Randolph
31407,1/1/22,2/19/24,8,10,Winnebago
31408,11/4/25,NA,11,11,Lake
31409,1/1/22,1/6/25,14,17,Kane
31412,6/7/25,NA,12,13,Coles
31413,1/1/22,10/1/23,12,13,Lake
31414,12/16/22,12/24/24,9,11,Cook
31417,2/20/26,NA,17,17,DuPage
31420,11/13/22,8/19/24,16,17,Champaign
31422,1/1/22,NA,13,17,Edgar
31426,5/17/22,NA,0,4,Perry
31428,1/1/22,2/23/25,5,8,Lake
31429,1/1/22,6/1/22,6,6,White
31431,9/14/23,NA,10,12,DuPage
31433,1/1/22,2/17/22,17,17,McHenry
31434,5/4/22,12/24/24,10,12,Kane
31435,1/1/22,3/10/24,7,9,Kankakee
31437,1/1/22,6/23/25,1,4,Cook
31439,1/1/22,1/19/24,7,9,Cook
31441,1/23/23,NA,0,3,Cook
31444,1/1/22,NA,3,7,Cook
31445,1/1/22,12/5/23,2,3,Champaign
31447,7/24/24,NA,8,9,Will
31451,6/10/24,7/19/24,7,7,Cook
31452,9/29/22,2/2/24,14,15,McHenry
31453,10/13/25,11/13/25,3,3,Cook
31454,1/1/22,4/12/23,11,12,Lake
31456,12/14/24,NA,12,13,LaSalle
31458,2/17/25,7/19/25,0,0,Cook
31464,5/20/24,8/10/24,8,8,Franklin
31465,1/1/22,5/13/24,2,4,Cook
31467,5/13/25,NA,12,13,Cook
31469,4/25/25,NA,2,3,Williamson
31470,1/1/22,3/11/26,4,8,Sangamon
31471,6/9/25,NA,2,3,Whiteside
31472,7/22/22,NA,7,10,Champaign
31473,1/1/22,4/9/24,11,13,Lake
31474,1/1/22,NA,10,14,Will
31475,8/14/23,NA,11,13,Bond
31476,1/1/22,6/10/25,11,14,Lake
31477,10/30/22,NA,10,13,Will
31481,11/19/24,NA,8,9,DuPage
31482,1/1/22,11/25/23,7,8,Boone
31484,11/28/22,4/25/25,11,13,Richland
31486,6/18/26,NA,0,0,DuPage
31490,11/11/22,6/14/23,17,17,Adams
31494,1/17/25,NA,0,1,Champaign
31496,1/1/22,3/4/25,0,3,LaSalle
31499,5/17/26,NA,9,9,Sangamon
31501,6/2/26,NA,10,10,Will
31503,10/14/23,11/27/23,13,13,McHenry
31504,1/1/22,3/5/22,3,3,Kankakee
31506,1/1/22,7/5/23,16,17,Ogle
31507,12/20/23,NA,13,15,Kankakee
31510,1/1/22,10/12/23,3,4,Lake
31511,1/1/22,9/20/23,14,15,Champaign
31512,7/21/22,NA,11,14,Cook
31516,12/28/24,7/21/25,16,16,Cook
31517,4/7/26,NA,17,17,Lake
31521,10/31/22,NA,7,10,DuPage
31522,5/10/23,NA,5,8,Kankakee
31523,6/5/26,NA,2,2,Cook
31526,1/1/22,NA,7,11,Cook
31527,1/1/22,6/17/23,10,11,Cook
31528,4/15/24,NA,3,5,Cook
31529,1/1/22,NA,13,17,Putnam
31531,1/1/22,NA,1,5,Will
31534,1/1/22,4/20/24,6,8,Kane
31535,1/1/22,6/9/24,9,11,Kane
31537,1/1/22,11/30/23,0,1,Lake
31540,1/28/24,12/3/25,9,10,Monroe
31541,12/22/25,NA,2,2,McHenry
31542,1/1/22,3/31/25,8,11,Will
31543,1/1/22,11/29/25,3,6,Cook
31545,2/17/24,NA,1,3,St. Clair
31546,1/1/22,8/7/25,6,9,Cook
31547,1/1/22,2/23/24,10,12,McHenry
31548,1/1/22,NA,8,12,Cass
31549,1/1/22,NA,8,12,Kankakee
31550,1/1/22,4/18/24,1,3,Kane
31552,1/1/22,4/30/24,2,4,Vermilion
31553,1/1/22,9/1/24,6,8,Kane
31555,1/1/22,5/7/23,4,5,Cook
31556,6/19/23,6/20/23,16,16,Clinton
31557,1/1/22,NA,3,7,DuPage
31562,1/1/22,7/30/22,7,7,Cook
31563,1/1/22,NA,5,9,Vermilion
31564,4/14/24,NA,7,9,Tazewell
31566,1/1/22,4/5/22,15,15,Cook
31569,1/1/22,5/4/23,9,10,McLean
31572,1/1/22,12/18/23,15,16,Cook
31573,5/14/26,5/16/26,15,15,Cook
31574,1/1/22,8/30/22,0,0,Kane
31575,1/1/22,NA,9,13,Cook
31576,1/28/24,NA,15,17,Will
31577,8/24/22,12/18/25,11,14,Cook
31581,5/21/26,NA,5,5,Lake
31582,1/1/22,NA,9,13,DuPage
31584,9/10/25,NA,0,0,DeKalb
31585,1/1/22,9/18/22,13,13,Sangamon
31587,1/1/22,10/18/24,12,14,Clinton
31591,1/1/22,5/28/26,12,16,Kane
31592,3/14/25,NA,1,2,Boone
31594,8/31/25,NA,11,11,Cook
31598,3/6/22,NA,3,7,Lake
31600,1/1/23,10/13/24,10,11,Douglas
31601,1/1/22,8/2/22,5,5,Will
31603,3/3/24,NA,14,16,DuPage
31604,1/16/26,NA,11,11,McHenry
31605,1/1/22,11/22/25,7,10,DuPage
31606,3/17/25,NA,2,3,Cook
31609,1/1/22,10/2/23,10,11,DuPage
31612,2/3/25,4/14/25,11,11,Cook
31613,1/1/22,NA,3,7,Iroquois
31614,1/1/22,1/21/25,6,9,LaSalle
31615,2/25/22,NA,12,16,Will
31616,7/8/23,3/9/24,9,9,Kane
31619,9/12/24,NA,10,11,Cook
31626,8/2/24,2/24/25,9,9,Cook
31630,9/22/24,3/27/26,1,2,Kane
31632,8/16/23,NA,0,2,Jefferson
31633,1/1/22,NA,10,14,Stark
31634,1/1/22,1/15/23,4,5,St. Clair
31635,7/11/22,11/16/22,5,5,Marion
31637,12/14/22,NA,0,3,DuPage
31640,8/14/22,5/12/24,10,11,DuPage
31643,1/1/22,7/23/23,8,9,Will
31646,4/28/26,NA,15,15,DuPage
31647,1/1/22,10/30/24,0,2,Will
31649,6/18/26,NA,15,15,McHenry
31652,1/1/22,12/19/22,12,12,Lake
31654,7/16/22,NA,8,11,Will
31655,7/20/24,12/28/24,2,2,Lake
31657,1/1/22,5/17/26,12,16,Lake
31659,6/10/26,NA,12,12,Lake
31660,4/11/22,NA,10,14,Cook
31662,1/1/22,11/9/23,3,4,Sangamon
31664,1/1/22,2/23/22,13,13,LaSalle
31667,1/1/22,4/8/22,10,10,Whiteside
31668,1/1/22,11/17/24,8,10,Kane
31671,4/23/23,6/9/23,4,4,Kendall
31672,1/1/22,5/18/22,11,11,Rock Island
31674,12/19/25,NA,1,1,Edgar
31675,1/1/22,12/25/22,5,5,Lake
31677,12/5/23,4/12/25,0,1,Rock Island
31684,1/1/22,NA,2,6,McLean
31686,1/1/22,12/20/23,11,12,McHenry
31690,1/1/22,11/20/22,17,17,McLean
31691,1/1/22,NA,12,16,DeKalb
31692,1/1/22,9/10/24,8,10,Lake
31693,5/12/26,NA,11,11,Lake
31697,10/30/23,NA,7,9,Will
31698,1/1/22,3/25/22,8,8,Kankakee
31699,1/1/22,9/19/24,13,15,Henry
31701,1/7/26,NA,9,9,Moultrie
31703,4/9/23,NA,12,15,DuPage
31706,1/1/22,8/4/24,2,4,Lake
31707,1/1/22,9/16/23,6,7,De Witt
31709,1/1/22,NA,7,11,Jackson
31710,1/1/22,5/23/23,9,10,Jackson
31711,1/1/22,11/14/24,10,12,Will
31714,4/3/26,NA,14,14,DuPage
31717,9/18/25,NA,7,7,Cook
31720,1/1/22,4/1/23,12,13,Bond
31721,1/25/26,NA,17,17,Henry
31722,4/13/23,8/24/25,6,8,Macoupin
31724,1/1/22,11/6/23,1,2,Madison
31725,1/1/22,11/27/24,15,17,Warren
31726,9/14/22,NA,11,14,Lake
31727,9/30/23,NA,4,6,DuPage
31728,4/26/26,NA,15,15,Edgar
31731,3/27/22,5/29/24,3,5,Kendall
31732,1/1/22,1/20/22,12,12,Cook
31739,12/17/22,1/1/23,17,17,Will
31742,1/1/22,11/11/25,0,3,Will
31743,11/23/24,NA,2,3,DuPage
31747,1/1/22,11/27/22,16,16,Lake
31748,3/24/22,NA,9,13,Adams
31751,4/3/22,11/2/25,8,11,Lake
31755,11/8/22,NA,4,7,Cook
31756,1/1/22,NA,10,14,Kane
31758,1/1/22,4/10/23,1,2,Kendall
31759,1/1/22,7/25/22,8,8,Mercer
31760,1/1/22,NA,11,15,Cook
31764,1/1/22,9/15/22,0,0,Cook
31765,1/1/22,7/25/22,1,1,DuPage
31767,1/1/22,NA,8,12,Jackson
31768,1/1/22,11/24/25,5,8,Christian
31769,11/11/22,NA,1,4,Cook
31771,1/1/22,3/28/23,7,8,Cook
31772,1/1/22,8/19/23,7,8,Williamson
31773,1/1/22,NA,4,8,Lake
31776,1/1/22,8/31/23,8,9,DuPage
31778,5/14/26,NA,14,14,Cook
31779,1/1/22,12/21/23,10,11,DeKalb
31780,1/1/22,NA,0,4,Lake
31784,1/1/22,NA,11,15,Lake
31785,1/1/22,6/13/23,6,7,Cook
31787,11/3/23,1/22/25,3,4,DuPage
31789,4/23/23,8/15/23,15,15,Champaign
31790,1/1/22,1/31/23,12,13,Cook
31791,3/12/26,NA,2,2,Will
31792,6/11/22,8/16/22,4,4,Cook
31796,1/1/22,NA,0,4,Cook
31801,1/1/22,NA,11,15,Lake
31803,11/3/24,6/4/26,13,14,Vermilion
31805,3/27/26,NA,6,6,Will
31807,4/19/25,NA,14,15,DuPage
31810,3/20/23,3/26/26,10,13,St. Clair
31812,1/1/22,NA,11,15,Cook
31813,8/22/23,NA,12,14,Will
31814,1/1/22,2/1/26,13,17,Kane
31815,7/21/23,NA,9,11,Woodford
31816,1/1/22,NA,13,17,Cook
31817,1/1/22,9/9/25,3,6,Cook
31818,5/9/26,NA,10,10,Lake
31819,3/29/26,NA,12,12,Kendall
31821,1/1/22,NA,10,14,Lake
31822,1/1/22,NA,4,8,Vermilion
31823,1/1/22,NA,7,11,Cook
31826,5/8/22,9/21/24,11,13,St. Clair
31827,10/10/23,4/2/25,3,4,McLean
31828,1/1/22,NA,0,4,Lake
31830,1/1/22,NA,12,16,Will
31832,1/16/22,6/21/24,11,13,DuPage
31836,8/13/24,NA,13,14,Will
31839,7/10/23,NA,1,3,Cook
31841,1/1/22,9/13/23,12,13,Fulton
31842,6/3/24,NA,0,2,Cook
31843,1/1/22,NA,7,11,Grundy
31844,7/18/22,3/9/23,4,4,Peoria
31845,1/1/22,3/8/23,12,13,Cook
31848,7/2/24,NA,16,17,Lake
31850,9/10/22,6/29/26,9,12,Cook
31851,7/1/25,NA,4,5,Cook
31852,3/28/25,4/5/25,7,7,Cook
31853,5/26/23,6/13/25,2,4,St. Clair
31855,2/29/24,NA,5,7,Will
31856,1/1/22,2/9/24,1,3,LaSalle
31857,1/3/22,NA,1,5,Kane
31858,1/1/22,6/17/23,13,14,Cook
31859,9/14/25,NA,7,7,Cook
31861,12/1/23,2/14/24,11,11,Washington
31862,1/1/22,2/6/26,11,15,Cook
31863,1/1/22,11/23/24,2,4,Woodford
31864,6/19/24,NA,9,11,Will
31865,1/1/22,NA,5,9,Cook
31866,2/11/22,3/5/22,16,16,Will
31868,1/1/22,11/24/22,11,11,Cook
31870,2/13/25,NA,15,16,Cook
31872,1/1/22,9/21/22,2,2,Kane
31873,1/1/22,9/2/22,9,9,Adams
31875,1/1/22,7/29/24,7,9,McLean
31876,1/1/22,12/23/25,8,11,Washington
31877,4/3/22,10/9/23,13,14,Cook
31881,9/3/25,NA,17,17,McLean
31885,1/1/22,3/30/24,0,2,DuPage
31886,1/1/22,NA,13,17,Cook
31888,11/25/23,NA,1,3,Calhoun
31890,1/1/22,NA,5,9,Lake
31891,2/21/25,NA,2,3,Williamson
31892,1/1/22,5/20/23,0,1,DuPage
31897,1/1/22,5/23/23,15,16,Fulton
31899,1/1/22,NA,2,6,Cook
31901,5/30/26,NA,5,5,Cook
31904,1/1/22,12/20/25,4,7,Livingston
31905,1/1/22,NA,5,9,Lake
31906,1/1/22,4/25/24,1,3,Cook
31908,1/1/22,NA,8,12,Cook
31909,3/5/24,NA,5,7,DuPage
31910,1/1/22,9/30/25,5,8,McLean
31911,12/25/22,1/6/25,2,4,Rock Island
31912,1/5/26,NA,13,13,Will
31913,10/22/23,12/9/24,13,14,Cook
31914,1/1/22,12/10/22,3,3,Marshall
31916,1/1/22,1/11/23,4,5,Lake
31917,2/21/26,NA,15,15,Lake
31919,10/18/25,NA,15,15,Lake
31921,1/1/22,7/19/23,15,16,Will
31922,2/24/25,NA,4,5,Cook
31923,8/31/22,2/9/23,1,1,Cook
31924,1/4/23,NA,3,6,Lake
31926,9/18/24,NA,14,15,Kane
31928,8/19/22,10/23/23,9,10,Rock Island
31929,1/1/22,9/27/24,15,17,Cook
31931,1/1/22,NA,9,13,Lake
31935,1/1/22,NA,6,10,Cook
31936,1/1/22,NA,0,4,Lake
31938,1/1/22,1/28/25,1,4,Will
31940,1/1/22,12/10/22,13,13,Kane
31941,7/7/24,8/15/24,6,6,Cook
31942,10/4/25,NA,9,9,Grundy
31943,1/1/22,NA,4,8,Cook
31946,12/11/22,NA,13,16,Kane
31950,1/1/22,4/30/25,5,8,St. Clair
31953,8/15/25,11/8/25,6,6,Cook
31954,1/1/22,NA,0,4,Ogle
31956,1/1/22,NA,1,5,Johnson
31959,9/10/24,NA,10,11,DeKalb
31960,3/11/23,5/31/23,0,0,McLean
31961,1/1/22,8/4/22,10,10,Will
31962,1/1/22,NA,7,11,LaSalle
31965,1/1/22,NA,2,6,Will
31967,1/1/22,2/23/23,5,6,Kane
31969,1/1/22,9/2/22,17,17,Cook
31972,11/8/24,9/28/25,7,7,St. Clair
31973,6/12/24,NA,10,12,McHenry
31974,1/1/22,5/4/23,15,16,Cook
31975,1/1/22,NA,12,16,Whiteside
31976,9/4/22,NA,2,5,Cook
31978,8/16/24,8/20/24,7,7,Cook
31979,6/12/24,NA,0,2,Woodford
31981,1/1/22,12/19/24,11,13,Whiteside
31984,1/1/22,6/26/25,11,14,DuPage
31986,11/13/23,NA,10,12,DuPage
31990,12/18/25,NA,4,4,Will
31991,11/30/22,12/12/22,9,9,Winnebago
31992,1/1/22,3/2/23,0,1,Adams
31993,1/1/22,7/5/24,9,11,Cook
31994,10/17/24,12/15/24,16,16,Cook
31996,5/10/26,NA,13,13,Kane
31998,1/1/22,NA,6,10,Rock Island
31999,7/26/23,NA,6,8,Livingston
32000,1/1/22,6/15/22,7,7,DuPage
32003,5/26/24,2/1/25,8,8,Will
32004,10/16/24,NA,13,14,DuPage
32005,1/1/22,5/9/24,14,16,Cook
32006,7/26/24,NA,0,1,DuPage
32014,1/11/25,NA,9,10,Jersey
32015,11/2/25,NA,3,3,Marion
32018,1/1/22,4/23/24,3,5,Cook
32019,1/1/22,1/16/22,4,4,Livingston
32020,7/14/22,NA,4,7,Cook
32021,1/27/23,4/21/23,15,15,Christian
32022,1/1/22,NA,9,13,DuPage
32023,2/11/22,NA,2,6,Champaign
32026,9/3/22,NA,7,10,Cook
32028,1/1/22,10/30/25,0,3,Cook
32029,1/1/22,11/15/24,0,2,Kane
32032,5/14/23,NA,9,12,Champaign
32034,1/1/22,8/11/22,12,12,McHenry
32035,3/10/24,NA,0,2,Clark
32037,1/1/22,NA,4,8,Lake
32041,1/1/22,11/3/23,6,7,Kane
32042,8/31/24,NA,9,10,Macon
32043,1/1/22,NA,12,16,Cook
32044,5/29/24,NA,15,17,Madison
32045,2/8/25,NA,5,6,Macoupin
32048,1/1/22,7/6/22,6,6,Cook
32050,1/1/22,1/25/24,8,10,Winnebago
32051,1/1/22,NA,12,16,Sangamon
32053,1/1/22,4/9/23,0,1,DuPage
32058,5/13/26,NA,3,3,Cook
32060,1/1/22,11/20/23,8,9,Cook
32061,1/1/22,6/21/22,7,7,Will
32062,11/14/22,6/23/24,2,3,Lake
32063,1/1/22,3/2/24,7,9,Lake
32066,1/1/22,5/19/22,13,13,St. Clair
32067,10/22/25,NA,13,13,Cook
32068,1/1/22,12/31/23,7,8,Cook
32069,1/1/22,4/9/26,8,12,Henry
32070,2/20/26,NA,15,15,Lake
32071,8/1/24,NA,0,1,Will
32072,4/14/23,NA,1,4,Champaign
32073,6/29/26,NA,4,4,St. Clair
32075,2/15/26,NA,3,3,Cook
32076,1/1/22,3/18/22,10,10,Will
32079,12/30/23,NA,2,4,Kankakee
32080,5/9/26,NA,10,10,Cook
32081,1/1/22,9/8/24,11,13,Kane
32083,1/1/22,NA,6,10,Champaign
32086,1/1/22,7/15/24,2,4,Winnebago
32088,9/7/23,5/18/26,3,5,Cook
32091,1/1/22,NA,12,16,Kane
32092,10/28/24,NA,1,2,DeKalb
32093,4/4/23,NA,14,17,Cook
32094,1/1/22,3/21/24,12,14,Jasper
32095,1/1/22,8/14/22,16,16,Fayette
32096,6/1/26,NA,11,11,McLean
32099,7/25/23,NA,14,16,Will
32101,3/30/26,NA,10,10,Sangamon
32105,4/19/22,9/20/24,1,3,Ford
32106,3/19/26,NA,17,17,Winnebago
32107,1/1/22,NA,9,13,DuPage
32112,1/1/22,8/30/22,8,8,Franklin
32113,1/1/22,NA,1,5,Lake
32114,1/1/22,5/24/22,7,7,Cook
32115,1/1/22,8/8/22,7,7,Macoupin
32116,8/20/22,NA,1,4,Cook
32119,8/17/25,9/17/25,6,6,Fayette
32120,2/8/26,NA,12,12,Will
32121,3/3/23,5/7/26,7,10,DuPage
32122,6/12/25,NA,1,2,Will
32127,10/9/23,5/6/25,11,12,DuPage
32128,5/15/25,NA,11,12,Cook
32129,9/25/22,12/19/23,10,11,DuPage
32131,6/3/26,NA,16,16,Cook
32133,1/1/22,NA,7,11,LaSalle
32135,1/1/22,3/27/25,6,9,DuPage
32136,11/27/25,NA,8,8,Kendall
32138,1/1/22,4/12/23,4,5,Shelby
32142,1/1/22,2/1/23,16,17,DuPage
32143,9/25/23,NA,3,5,Menard
32145,1/1/22,NA,3,7,Cook
32146,1/31/26,NA,17,17,Macon
32149,5/31/25,10/23/25,12,12,Kane
32151,5/13/23,7/21/23,12,12,Cook
32154,10/2/23,12/16/23,15,15,Will
32155,7/5/24,NA,13,14,Kankakee
32156,8/11/25,NA,9,9,Williamson
32161,1/1/22,3/14/24,9,11,DuPage
32162,1/1/22,1/11/25,9,12,Cook
32163,10/14/25,NA,17,17,Kane
32167,10/24/25,NA,10,10,St. Clair
32168,6/25/22,9/15/25,12,15,Sangamon
32171,1/1/22,2/21/22,1,1,Boone
32176,7/21/22,NA,2,5,Perry
32178,1/1/22,6/26/23,16,17,Madison
32179,3/24/22,NA,9,13,Kane
32181,10/14/24,NA,8,9,Cook
32182,12/27/22,NA,10,13,DuPage
32184,1/1/22,6/9/25,14,17,Cook
32187,8/6/23,NA,12,14,Kankakee
32190,1/1/22,NA,8,12,Jackson
32191,1/1/22,NA,5,9,Macon
32192,6/1/25,NA,9,10,White
32193,7/15/22,NA,0,3,Vermilion
32194,1/1/22,NA,0,4,Cook
32195,1/1/22,NA,13,17,Henry
32196,7/30/25,NA,6,6,Winnebago
32198,8/15/24,NA,10,11,McHenry
32199,1/1/22,11/7/24,9,11,Cook
32200,1/1/22,NA,11,15,Cook
32205,8/3/25,NA,3,3,Cook
32207,1/1/22,5/31/23,9,10,Kane
32212,7/10/23,11/28/24,13,14,LaSalle
32214,5/27/23,NA,4,7,Cook
32215,1/1/22,3/24/24,7,9,Cook
32216,1/11/25,NA,11,12,Coles
32217,8/23/22,NA,10,13,Cook
32218,3/3/26,NA,11,11,St. Clair
32220,1/1/22,NA,0,4,Boone
32221,1/1/22,11/22/23,8,9,Peoria
32222,9/28/24,6/10/26,0,1,DuPage
32225,9/10/25,NA,1,1,Kane
32226,1/1/22,11/16/22,1,1,Lake
32227,1/1/22,9/27/23,6,7,Cook
32228,1/1/23,1/31/23,12,12,Will
32229,4/24/24,NA,2,4,DuPage
32230,11/26/24,NA,15,16,DuPage
32231,3/24/26,NA,0,0,Williamson
32233,1/1/22,9/9/24,7,9,Rock Island
32235,1/4/22,4/25/23,10,11,Lake
32236,11/8/22,NA,2,5,Will
32239,1/1/22,NA,8,12,DeKalb
32242,1/1/22,NA,8,12,Will
32243,9/18/22,NA,6,9,Cook
32244,4/1/23,NA,7,10,Macon
32245,4/8/24,NA,6,8,Kane
32246,12/7/23,NA,7,9,Kane
32247,8/28/23,NA,0,2,DuPage
32248,1/1/22,NA,1,5,Madison
32249,5/5/26,NA,8,8,DuPage
32252,7/3/22,10/22/25,5,8,Cook
32256,2/2/23,6/21/25,12,14,Lake
32257,12/28/23,6/3/26,11,13,Will
32258,9/3/22,12/3/22,1,1,Hancock
32260,9/28/25,NA,12,12,Lake
32261,1/15/25,NA,6,7,Kane
32264,1/1/22,4/20/23,5,6,Winnebago
32265,10/7/22,6/9/26,9,12,Kane
32266,12/6/22,NA,14,17,Kane
32270,1/1/22,6/16/25,2,5,Jo Daviess
32271,1/1/22,8/2/25,11,14,Will
32272,1/1/22,11/14/25,4,7,Lake
32273,1/18/25,NA,1,2,Will
32274,10/25/23,NA,2,4,St. Clair
32275,7/1/22,3/14/26,10,13,Cook
32276,1/1/22,4/22/26,3,7,Cook
32278,10/27/24,NA,13,14,Kankakee
32279,9/14/24,NA,7,8,DeKalb
32280,1/1/22,NA,12,16,Lake
32282,6/7/26,NA,1,1,Cook
32283,4/12/22,NA,4,8,Lake
32284,1/1/22,10/3/22,7,7,Will
32285,3/10/26,NA,14,14,Cook
32286,4/16/23,NA,12,15,Henry
32287,1/20/23,NA,14,17,McHenry
32290,1/1/22,9/1/23,0,1,Effingham
32302,11/12/24,NA,8,9,Christian
32304,11/16/25,12/2/25,7,7,Will
32306,1/1/22,10/4/22,15,15,Lake
32309,4/18/24,12/17/25,5,6,Cook
32311,1/1/22,NA,4,8,McLean
32314,1/1/22,NA,1,5,Shelby
32317,1/1/22,NA,0,4,Cook
32319,1/1/22,NA,12,16,DuPage
32323,12/31/25,NA,11,11,Cook
32325,5/26/25,5/31/26,7,8,Peoria
32326,1/1/22,NA,1,5,DuPage
32327,10/17/22,2/6/23,1,1,Cook
32328,3/24/25,4/29/25,15,15,Williamson
32329,1/1/22,NA,8,12,DuPage
32330,1/1/22,3/24/24,6,8,Kane
32331,2/18/25,NA,15,16,Jersey
32332,1/5/26,NA,0,0,Will
32333,1/1/22,NA,3,7,McLean
32334,5/24/22,NA,4,8,DuPage
32335,12/3/25,NA,6,6,McLean
32336,9/19/23,10/29/23,1,1,Cook
32338,1/1/22,2/13/26,8,12,Tazewell
32340,1/1/22,9/23/22,4,4,Winnebago
32341,2/10/26,3/27/26,2,2,Cook
32342,1/1/22,11/28/25,3,6,Whiteside
32343,1/1/22,2/25/24,15,17,Will
32347,5/30/25,NA,8,9,Lake
32349,1/1/22,NA,2,6,Madison
32351,9/14/23,NA,1,3,DuPage
32352,7/25/25,NA,2,2,Henry
32354,11/6/25,1/25/26,9,9,Cook
32357,11/27/23,NA,13,15,Cook
32359,5/17/24,NA,3,5,Cook
32361,1/1/22,9/12/24,6,8,Kane
32362,11/26/23,NA,1,3,Peoria
32363,3/22/24,12/21/25,2,3,Sangamon
32368,1/1/22,NA,12,16,Marshall
32370,1/1/22,1/19/22,3,3,Hardin
32372,1/1/22,NA,0,4,Cook
32374,1/1/22,12/16/22,6,6,Jo Daviess
32375,1/1/22,NA,11,15,Knox
32377,1/1/22,NA,9,13,Cook
32378,5/29/22,9/5/25,0,3,Will
32379,1/1/22,10/17/22,2,2,Will
32383,1/1/22,9/5/23,12,13,Lake
32385,12/30/25,NA,16,16,Kane
32387,1/1/22,3/31/24,5,7,Kane
32389,2/13/23,NA,13,16,Macon
32390,1/1/22,12/25/25,3,6,Will
32391,3/4/22,4/10/22,9,9,DuPage
32392,1/1/22,NA,10,14,Will
32395,1/1/22,7/3/24,9,11,Boone
32397,1/1/22,NA,4,8,Cumberland
32398,5/29/25,NA,10,11,DuPage
32400,1/1/22,NA,8,12,McHenry
32403,1/1/22,3/27/25,7,10,Will
32404,1/1/22,2/8/24,11,13,Jackson
32406,8/5/25,NA,13,13,Champaign
32408,10/31/25,2/27/26,5,5,Cook
32409,1/1/22,7/13/24,9,11,DuPage
32411,3/2/22,NA,12,16,Cook
32412,1/1/22,NA,0,4,Will
32413,5/15/22,NA,5,9,DuPage
32415,1/1/22,12/30/23,9,10,Douglas
32416,1/1/22,9/20/24,1,3,Piatt
32418,1/1/22,3/14/22,1,1,DuPage
32419,1/1/22,NA,8,12,Madison
32422,1/1/22,12/14/25,7,10,Cook
32424,12/27/23,NA,12,14,Kendall
32426,1/1/22,NA,9,13,Peoria
32427,1/1/22,2/16/22,12,12,DuPage
32431,1/1/22,NA,9,13,Cook
32432,11/8/22,NA,12,15,Lake
32433,1/1/22,NA,12,16,Lake
32440,1/1/22,1/27/23,13,14,Kane
32441,3/25/25,NA,7,8,St. Clair
32442,1/1/22,2/1/23,7,8,Cook
32447,4/1/25,1/13/26,6,6,Madison
32450,3/7/25,NA,1,2,Vermilion
32451,6/10/22,3/25/23,2,2,Macoupin
32452,1/1/22,8/24/23,2,3,Cook
32453,9/10/24,NA,13,14,DuPage
32455,1/1/22,6/19/24,6,8,Boone
32456,1/1/22,6/29/24,11,13,Lake
32458,5/7/24,NA,1,3,Kane
32459,1/1/22,10/1/23,3,4,DuPage
32460,1/1/22,10/19/25,11,14,Cook
32463,1/1/22,10/30/24,11,13,Lake
32464,1/1/22,12/4/23,11,12,Livingston
32466,3/1/24,NA,5,7,Pike
32467,1/1/22,8/16/22,3,3,Will
32468,8/3/22,5/18/26,14,17,Will
32470,1/1/22,10/17/22,17,17,Peoria
32474,5/28/26,NA,2,2,Will
32476,1/1/22,7/9/23,5,6,Tazewell
32478,10/18/22,NA,5,8,St. Clair
32479,12/9/24,NA,10,11,McDonough
32482,1/1/22,1/10/25,3,6,Cook
32484,1/1/22,NA,1,5,Kankakee
32485,5/17/26,NA,0,0,Adams
32486,1/1/22,NA,0,4,Kane
32487,5/7/25,NA,12,13,Will
32489,8/18/25,NA,11,11,Cook
32492,1/1/22,3/27/25,3,6,DuPage
32493,1/21/24,NA,0,2,Tazewell
32495,4/22/24,6/6/24,17,17,McLean
32496,3/29/26,NA,5,5,Kane
32497,12/16/25,NA,12,12,Lake
32500,1/1/22,10/12/22,0,0,Ogle
32504,10/29/23,7/31/25,7,8,Lake
32507,1/1/22,6/12/25,10,13,Lake
32509,1/1/22,8/2/23,8,9,Will
32511,3/9/26,NA,3,3,Lake
32512,1/1/22,NA,9,13,Saline
32515,1/1/22,NA,11,15,DuPage
32518,1/1/22,12/18/23,3,4,DuPage
32520,1/1/22,4/3/24,14,16,Lake
32521,8/11/25,3/15/26,13,13,Adams
32522,4/21/22,8/7/24,8,10,Cook
32523,1/1/22,NA,3,7,Kane
32525,1/1/22,NA,10,14,Lake
32526,11/9/24,NA,7,8,Lake
32527,5/30/25,6/2/25,6,6,DuPage
32528,1/1/22,NA,9,13,DuPage
32530,11/16/23,NA,13,15,Douglas
32533,11/27/24,5/5/25,1,1,DuPage
32534,5/27/24,7/28/24,17,17,Cook
32536,1/1/22,1/17/26,7,11,Lake
32537,9/18/22,NA,1,4,Lake
32540,11/21/24,12/12/24,16,16,Ogle
32541,12/14/24,2/23/25,12,12,Will
32542,7/18/25,NA,16,16,Cook
32544,8/7/23,NA,12,14,Lake
32548,3/21/24,NA,13,15,Shelby
32549,1/1/22,NA,0,4,Cook
32551,1/7/25,1/16/25,3,3,Lake
32554,6/25/23,NA,5,8,Kane
32556,1/1/22,2/21/23,9,10,DuPage
32561,1/1/22,2/8/23,5,6,Will
32563,7/6/24,NA,3,4,DuPage
32565,3/3/22,11/8/22,14,14,Kane
32566,1/1/22,NA,10,14,Kane
32568,1/1/22,NA,9,13,Vermilion
32569,5/22/24,1/29/25,3,3,Edgar
32570,9/9/23,NA,12,14,Coles
32572,1/1/22,9/11/24,11,13,Lake
32573,1/1/22,NA,6,10,Rock Island
32575,1/1/22,11/4/24,7,9,Will
32578,1/1/22,NA,1,5,St. Clair
32579,8/20/22,NA,10,13,Kane
32580,2/3/26,NA,13,13,Will
32581,1/1/22,3/31/23,16,17,Will
32582,5/18/23,NA,5,8,DuPage
32584,10/21/22,1/5/23,7,7,Cook
32585,1/1/22,NA,2,6,McHenry
32588,12/7/24,NA,16,17,Boone
32590,1/1/22,8/28/25,2,5,Cook
32591,2/12/25,NA,12,13,Cook
32592,11/9/24,NA,2,3,Lake
32593,1/1/22,12/17/25,5,8,Cook
32595,1/1/25,5/7/25,8,8,Henry
32596,5/28/23,6/10/23,15,15,DuPage
32598,1/1/22,NA,13,17,Will
32599,1/1/22,10/6/24,8,10,Lake
32601,10/31/24,NA,8,9,DuPage
32602,1/1/22,11/19/24,0,2,Grundy
32603,6/6/24,NA,6,8,DuPage
32606,1/1/22,1/9/24,15,17,DuPage
32608,11/5/25,2/20/26,1,1,Champaign
32609,1/1/22,1/9/22,1,1,Lake
32613,10/3/25,NA,15,15,Grundy
32615,6/22/26,NA,2,2,Lake
32616,1/8/24,NA,1,3,Madison
32619,7/4/22,NA,4,7,Fayette
32620,1/1/22,11/11/25,10,13,Whiteside
32621,4/8/26,NA,13,13,Randolph
32622,6/1/23,NA,9,12,Rock Island
32625,9/16/24,11/12/24,14,14,Cook
32634,2/14/22,9/20/22,9,9,Will
32635,1/1/22,7/9/23,11,12,Winnebago
32636,4/22/26,6/30/26,1,1,Will
32638,2/4/23,3/2/25,7,9,Cook
32641,6/13/26,NA,1,1,DuPage
32646,6/30/26,NA,15,15,Cook
32647,1/1/22,NA,6,10,McDonough
32648,1/1/22,8/14/22,17,17,DuPage
32649,1/1/22,3/17/23,16,17,Cook
32652,4/23/25,NA,4,5,Cook
32653,10/17/23,NA,0,2,Kendall
32656,1/1/22,NA,10,14,Kane
32663,12/23/23,NA,12,14,McLean
32664,1/16/23,NA,9,12,Lake
32665,12/26/25,NA,7,7,Lake
32666,1/15/24,7/8/25,11,12,McHenry
32671,1/1/22,NA,5,9,Peoria
32673,1/1/22,8/10/23,9,10,Woodford
32674,2/25/24,NA,12,14,Lake
32675,1/1/22,1/21/24,14,16,Macoupin
32677,1/1/22,4/22/23,8,9,Rock Island
32678,3/20/24,NA,5,7,Cook
32679,1/1/22,1/10/25,0,3,Kane
32680,1/1/22,NA,10,14,Lake
32681,1/1/22,2/3/23,0,1,Will
32682,1/1/22,3/14/22,0,0,Madison
32683,1/1/22,11/29/22,16,16,McLean
32686,1/1/22,12/19/22,15,15,Coles
32689,10/13/23,NA,13,15,DeKalb
32691,6/10/26,NA,4,4,DuPage
32692,4/24/24,NA,1,3,Will
32694,1/1/22,5/18/24,9,11,Kane
32697,1/1/22,NA,9,13,Cook
32698,1/1/22,7/12/23,6,7,Jersey
32704,1/1/22,7/14/22,15,15,Cook
32706,1/1/22,4/16/22,6,6,Kane
32710,1/1/22,4/21/26,12,16,Cook
32712,2/24/25,NA,3,4,Mercer
32715,1/1/22,NA,9,13,Sangamon
32717,1/1/22,3/6/23,1,2,Cook
32718,1/1/22,7/10/23,8,9,Winnebago
32721,5/18/25,NA,10,11,Massac
32722,1/1/22,1/16/22,2,2,Cook
32723,4/22/26,NA,16,16,Cook
32724,10/15/24,NA,2,3,DuPage
32725,1/1/22,NA,1,5,Henry
32726,1/1/22,4/29/25,5,8,Will
32731,1/1/22,3/26/23,13,14,Stephenson
32733,12/19/23,NA,1,3,Jefferson
32734,6/17/22,5/14/26,9,12,DuPage
32736,1/1/22,12/27/24,15,17,Mercer
32737,8/5/23,NA,11,13,Lake
32739,3/29/25,NA,3,4,Saline
32741,1/1/22,NA,11,15,McLean
32742,9/5/23,NA,3,5,McLean
32746,6/13/22,NA,13,17,Kane
32747,10/12/22,NA,13,16,Bureau
32748,9/8/25,NA,9,9,Kane
32752,7/18/25,NA,10,10,Cook
32753,12/5/22,NA,8,11,Livingston
32755,8/6/25,NA,11,11,Jersey
32756,1/1/22,NA,11,15,Kane
32757,3/15/24,NA,2,4,Lake
32761,1/1/22,8/9/25,10,13,Cook
32764,1/1/22,12/23/24,4,6,Cook
32767,4/22/24,NA,8,10,Winnebago
32771,5/17/23,11/3/23,11,11,Cook
32774,12/25/25,NA,16,16,Lake
32778,3/11/26,NA,1,1,Kankakee
32780,1/5/25,3/11/25,16,16,DeKalb
32781,1/1/22,1/17/22,4,4,Cook
32784,4/22/24,8/21/24,9,9,Cook
32785,8/5/23,12/25/25,1,3,DuPage
32790,8/27/24,NA,2,3,Lake
32792,1/1/22,10/5/24,0,2,Kane
32793,10/11/24,NA,4,5,Cook
32794,1/1/22,9/28/24,3,5,Sangamon
32795,1/5/24,9/1/24,13,13,Cook
32796,1/1/22,6/30/26,5,9,Kankakee
32797,12/15/23,12/28/23,11,11,Cook
32800,1/11/25,8/6/25,16,16,DuPage
32801,10/27/22,1/23/25,4,6,Will
32802,12/10/25,1/23/26,12,12,Lake
32803,1/1/22,2/23/26,7,11,Cook
32805,7/30/23,8/21/24,14,15,DuPage
32808,1/22/22,1/3/25,6,8,Franklin
32809,6/9/22,NA,6,10,McHenry
32812,1/1/22,NA,0,4,DuPage
32814,1/1/22,NA,5,9,Kane
32815,8/9/23,NA,1,3,Will
32817,4/21/23,9/6/25,8,10,LaSalle
32820,8/22/25,NA,16,16,Clinton
32821,1/11/26,NA,13,13,Cook
32825,1/1/22,4/6/24,11,13,McHenry
32828,1/1/22,NA,5,9,Cook
32829,11/18/24,NA,7,8,Winnebago
32830,1/1/22,8/1/25,6,9,Hancock
32832,2/20/22,1/19/24,16,17,DuPage
32834,1/1/22,6/4/25,10,13,Cook
32835,12/28/25,NA,11,11,Cook
32837,3/26/23,NA,7,10,Will
32838,1/21/23,2/23/23,15,15,Rock Island
32840,4/4/23,NA,0,3,Cook
32842,1/1/22,NA,6,10,Lake
32843,1/1/22,2/18/24,9,11,Kane
32847,1/1/22,NA,12,16,Will
32848,4/2/25,NA,12,13,Lake
32849,1/28/25,NA,7,8,Cook
32851,10/10/22,2/19/23,6,6,Cook
32853,1/27/24,8/30/24,1,1,DuPage
32855,3/15/23,NA,5,8,Cook
32856,3/8/23,2/14/26,15,17,Cook
32860,2/20/25,NA,12,13,DuPage
32861,4/27/25,NA,11,12,Cook
32863,1/1/22,4/24/23,12,13,Kane
32864,1/1/22,11/15/23,8,9,Cook
32865,1/1/22,11/19/25,13,16,Lake
32868,1/1/22,6/7/24,2,4,Lake
32870,1/1/22,NA,9,13,Cook
32871,11/9/24,NA,10,11,Cook
32872,1/1/22,5/23/22,15,15,Will
32873,1/1/22,7/19/24,0,2,McLean
32877,1/1/22,2/22/25,11,14,Cook
32879,1/1/22,NA,4,8,Will
32880,1/1/22,11/9/22,9,9,Cook
32881,1/1/22,10/1/25,1,4,DuPage
32882,1/1/22,NA,10,14,Cook
32885,1/1/22,9/15/22,14,14,Cook
32886,1/1/22,NA,8,12,DuPage
32891,7/19/24,NA,4,5,DuPage
32892,1/1/22,1/9/24,1,3,Cook
32894,6/9/22,NA,13,17,Tazewell
32895,4/30/24,NA,8,10,Kendall
32896,2/14/26,NA,11,11,Madison
32897,1/1/22,9/16/25,13,16,Clay
32900,12/26/24,NA,6,7,Lake
32901,10/20/22,NA,0,3,Tazewell
32903,1/1/22,8/18/24,6,8,Cook
32906,1/1/22,9/1/25,12,15,DuPage
32908,9/27/22,8/31/25,3,5,DuPage
32909,1/1/22,10/13/22,17,17,Kankakee
32912,1/1/22,5/7/24,2,4,Cook
32913,1/1/22,NA,13,17,Kankakee
32914,2/4/23,NA,10,13,Warren
32916,1/1/22,NA,6,10,Boone
32917,1/1/22,9/22/23,1,2,Will
32918,1/1/22,NA,3,7,McDonough
32921,10/4/23,3/22/26,0,2,Franklin
32922,8/13/23,1/17/25,14,15,DuPage
32923,1/1/22,8/5/23,15,16,Lake
32924,8/17/23,4/14/26,2,4,Champaign
32926,4/22/24,NA,3,5,Ford
32927,1/1/22,NA,5,9,Kane
32933,11/11/24,2/19/25,9,9,Cook
32935,6/14/24,6/28/24,12,12,Cook
32936,1/1/22,NA,4,8,DeKalb
32937,1/1/22,4/3/24,7,9,Lake
32938,1/1/22,6/1/25,4,7,Will
32942,1/1/22,9/10/24,0,2,Will
32943,1/1/22,7/8/25,1,4,Peoria
32946,12/17/25,NA,0,0,Cook
32947,1/1/22,NA,0,4,Cook
32948,5/5/23,9/15/23,10,10,Vermilion
32955,1/1/22,6/17/23,14,15,Menard
32956,1/1/22,3/6/26,5,9,Boone
32957,5/8/24,NA,5,7,McHenry
32958,8/4/24,NA,3,4,Jo Daviess
32959,6/29/24,NA,2,4,DuPage
32960,6/3/22,6/18/22,10,10,Johnson
32962,5/21/24,6/14/24,3,3,Cook
32963,1/1/22,11/8/22,12,12,Lake
32965,9/16/25,11/7/25,9,9,Cook
32966,3/4/24,NA,13,15,Will
32969,3/16/26,NA,17,17,Cook
32971,1/17/26,NA,2,2,Rock Island
32975,3/20/24,3/23/24,10,10,Cook
32976,6/17/26,NA,17,17,Cook
32978,11/16/22,NA,11,14,Will
32979,1/1/22,11/20/25,0,3,Crawford
32980,5/26/24,NA,8,10,Knox
32984,1/1/22,2/19/23,16,17,Will
32985,7/14/24,3/10/25,10,10,McLean
32989,1/1/22,NA,7,11,Will
32991,3/20/22,4/26/22,3,3,Cook
32993,1/1/22,11/2/22,16,16,Cook
32994,1/1/22,3/2/23,2,3,Will
32996,1/1/22,NA,11,15,Fulton
33003,1/1/22,1/15/25,8,11,Logan
33005,1/1/22,NA,1,5,Lake
33009,5/1/25,NA,10,11,Whiteside
33011,1/1/22,NA,6,10,Kane
33015,1/1/22,11/5/24,11,13,Richland
33016,1/1/22,4/29/26,12,16,Winnebago
33019,1/1/22,1/15/24,14,16,Winnebago
33020,1/1/22,NA,2,6,Shelby
33021,1/1/22,10/18/24,15,17,Cook
33022,1/1/22,6/30/26,5,9,Livingston
33023,1/1/22,11/4/25,8,11,Rock Island
33024,5/7/26,NA,6,6,Vermilion
33027,10/24/24,NA,10,11,Kane
33031,1/1/22,10/24/25,2,5,DuPage
33032,1/1/22,4/25/24,11,13,Cook
33036,1/1/22,9/29/23,5,6,Kane
33039,8/16/22,NA,14,17,Lake
33042,4/18/23,NA,11,14,Christian
33043,5/14/22,NA,11,15,DuPage
33044,12/15/24,NA,4,5,Kane
33045,1/1/22,4/3/26,12,16,DuPage
33046,1/1/22,NA,0,4,DuPage
33047,3/29/22,NA,9,13,Madison
33049,3/22/22,10/1/23,8,9,Fayette
33052,1/1/22,NA,5,9,DuPage
33053,1/1/22,7/25/25,4,7,Kankakee
33056,1/1/22,NA,3,7,DuPage
33058,1/1/22,6/21/24,0,2,Whiteside
33059,11/1/24,12/6/25,2,3,Cook
33060,1/1/22,7/2/22,10,10,Kendall
33061,1/1/22,4/26/24,3,5,Kane
33062,6/17/24,NA,10,12,Cook
33063,5/24/22,NA,12,16,Kendall
33064,11/26/22,5/10/26,1,4,Lake
33065,2/19/22,2/3/25,10,12,Kendall
33066,1/1/22,NA,13,17,Will
33069,1/1/22,12/22/22,15,15,Clinton
33073,1/1/22,10/7/25,13,16,Clark
33076,3/26/26,NA,1,1,Cook
33077,12/10/22,2/20/25,2,4,Lake
33079,1/1/22,NA,4,8,Will
33081,12/17/25,NA,17,17,DuPage
33082,1/1/22,NA,8,12,Cook
33083,5/2/26,NA,6,6,Cook
33085,7/20/24,NA,11,12,Champaign
33088,1/1/22,2/20/25,7,10,Cook
33089,1/1/22,NA,13,17,Will
33090,1/1/22,1/17/25,9,12,Will
33092,2/14/23,NA,10,13,Cook
33094,10/6/23,NA,15,17,DuPage
33096,11/16/24,NA,15,16,DuPage
33097,3/1/22,12/29/24,7,9,Saline
33102,1/1/22,NA,11,15,Fulton
33103,5/30/23,7/25/23,16,16,DuPage
33104,1/1/22,NA,6,10,DuPage
33105,3/29/26,NA,6,6,DuPage
33106,8/1/24,NA,12,13,Cook
33107,1/1/22,2/3/25,6,9,Cook
33108,1/1/22,7/19/25,7,10,Ogle
33114,1/1/22,NA,10,14,Tazewell
33115,1/1/22,NA,12,16,Macoupin
33116,8/24/25,NA,6,6,Adams
33120,7/9/25,NA,14,14,DuPage
33121,1/1/22,12/14/22,1,1,Cook
33123,1/1/22,NA,10,14,Perry
33125,1/1/22,1/18/23,11,12,Cook
33126,7/25/23,NA,7,9,Lake
33127,12/12/23,NA,11,13,Vermilion
33128,1/1/22,1/20/23,12,13,Cook
33130,10/12/22,7/7/25,5,7,Edgar
33131,1/1/22,8/13/22,2,2,Lake
33132,1/15/25,NA,6,7,Cook
33136,3/18/26,NA,11,11,Kane
33137,6/25/22,NA,11,15,Cook
33138,7/29/22,NA,12,15,Kendall
33139,11/4/25,NA,8,8,Kane
33140,1/1/22,9/3/22,7,7,McLean
33141,5/12/22,7/4/22,16,16,Lee
33146,1/1/22,11/6/23,16,17,Woodford
33147,1/1/22,6/17/23,1,2,Cook
33150,5/9/25,NA,4,5,Kane
33151,1/1/22,4/16/25,10,13,Cook
33153,8/16/25,NA,1,1,St. Clair
33154,1/1/22,NA,6,10,Bureau
33155,7/26/23,5/4/24,14,14,Jackson
33157,8/3/22,NA,5,8,DuPage
33158,2/18/23,NA,1,4,Lake
33159,12/14/24,NA,13,14,DuPage
33160,7/24/22,NA,12,15,Cook
33163,1/1/22,8/31/25,6,9,Will
33166,1/1/22,NA,1,5,Lake
33169,1/1/22,3/7/26,4,8,Lake
33172,1/16/26,NA,11,11,Cook
33175,1/1/22,NA,5,9,Madison
33176,1/1/22,9/6/25,13,16,Will
33178,1/1/22,NA,8,12,Clinton
33180,5/21/22,11/10/25,2,5,St. Clair
33182,1/1/22,1/31/25,3,6,Cook
33186,1/1/22,NA,13,17,Cook
33188,1/1/22,6/11/26,6,10,Cook
33189,1/1/22,NA,12,16,Cook
33191,1/1/22,NA,8,12,Woodford
33193,1/1/22,6/13/25,3,6,Cook
33194,9/24/24,11/20/24,10,10,Mason
33196,1/1/22,3/9/25,12,15,Will
33200,9/1/25,NA,14,14,Lake
33201,1/1/22,NA,8,12,Bureau
33203,5/27/26,NA,7,7,Williamson
33205,3/3/24,NA,14,16,DuPage
33206,1/1/22,10/14/22,6,6,Will
33207,1/21/25,9/26/25,5,5,DuPage
33208,11/9/22,12/25/22,16,16,Cook
33209,12/30/24,NA,15,16,Will
33210,1/1/22,NA,0,4,Will
33211,1/1/22,12/2/24,7,9,Cook
33212,1/27/25,NA,12,13,Whiteside
33213,1/1/22,NA,3,7,Whiteside
33214,5/24/26,NA,4,4,Macon
33215,1/22/22,11/14/25,2,5,Lake
33220,1/1/22,2/11/22,16,16,Winnebago
33222,6/23/22,NA,4,8,Henry
33223,1/1/22,5/28/26,9,13,Kane
33225,8/25/24,NA,14,15,Rock Island
33226,1/1/22,NA,4,8,Madison
33228,2/11/25,9/3/25,7,7,LaSalle
33229,1/1/22,5/7/25,8,11,Kane
33231,4/12/23,NA,2,5,Cook
33232,11/1/22,1/22/23,14,14,DuPage
33233,1/1/22,12/31/24,3,5,Cook
33240,1/1/22,8/20/25,11,14,Macon
33242,2/2/22,7/22/23,1,2,Will
33243,10/1/22,NA,0,3,Winnebago
33244,5/27/26,NA,0,0,Lake
33245,4/29/22,7/29/22,11,11,Johnson
33247,3/2/26,NA,17,17,Lake
33251,9/13/25,2/23/26,4,4,Kane
33253,10/6/23,NA,7,9,Will
33255,8/22/24,NA,8,9,Kane
33260,5/30/23,5/12/25,8,9,Fayette
33262,1/1/22,11/3/24,12,14,Effingham
33263,9/5/24,9/18/24,0,0,DuPage
33264,12/7/25,NA,5,5,Cook
33265,1/1/22,NA,6,10,DuPage
33267,2/26/24,3/28/24,2,2,Adams
33268,2/17/24,7/14/25,4,5,Jersey
33270,1/1/22,4/16/24,9,11,Cook
33271,1/1/22,NA,4,8,Kane
33272,6/2/22,10/22/23,10,11,Grundy
33273,1/1/22,9/24/23,16,17,Kane
33275,10/11/22,NA,8,11,St. Clair
33277,12/16/23,4/19/25,15,16,Cook
33278,1/1/22,10/14/25,13,16,St. Clair
33279,1/1/22,8/17/24,0,2,Kankakee
33280,1/1/22,11/15/23,4,5,Cook
33282,3/18/22,4/11/25,11,14,Macoupin
33285,11/13/22,11/30/25,3,6,Cook
33287,2/20/25,NA,14,15,Peoria
33291,7/8/24,NA,7,8,Pike
33293,5/5/22,8/14/23,4,5,Cook
33295,4/21/25,4/24/25,6,6,Will
33296,6/16/22,1/23/23,7,7,Randolph
33297,1/1/22,2/11/24,1,3,Cook
33298,4/18/24,NA,7,9,Lake
33299,1/1/22,1/21/22,17,17,Lake
33301,1/1/22,4/23/22,9,9,Washington
33302,1/1/22,NA,11,15,Lake
33303,9/25/23,12/8/23,13,13,Madison
33304,1/1/22,10/2/22,11,11,Washington
33305,1/1/22,7/17/25,2,5,Winnebago
33307,1/1/22,8/5/22,15,15,Will
33309,11/11/23,NA,0,2,Moultrie
33311,1/1/22,2/15/23,10,11,De Witt
33314,7/4/22,4/13/23,7,7,Clinton
33315,1/1/22,NA,13,17,McLean
33317,1/1/22,1/3/23,7,8,Madison
33323,10/6/25,11/6/25,1,1,Cook
33324,8/15/25,NA,13,13,Cook
33326,6/21/23,NA,12,15,McHenry
33327,1/1/22,NA,9,13,Vermilion
33329,1/1/22,11/29/23,6,7,DuPage
33330,11/23/22,4/9/26,11,14,Kankakee
33339,6/10/22,NA,5,9,Kankakee
33340,2/12/22,NA,0,4,DuPage
33341,1/1/22,NA,11,15,Kane
33342,1/1/22,12/9/23,16,17,Lake
33343,6/8/25,7/3/25,9,9,Lake
33345,3/18/25,NA,6,7,Lake
33346,1/1/22,NA,12,16,Carroll
33352,1/1/22,2/16/22,2,2,Cook
33353,6/2/26,NA,17,17,Cook
33355,1/1/22,5/24/24,15,17,Sangamon
33356,1/1/22,1/23/26,11,15,Cook
33358,4/3/24,NA,5,7,Cook
33359,6/2/22,NA,9,13,Cook
33361,1/1/22,11/19/22,0,0,McLean
33362,1/12/22,9/18/23,7,8,Lake
33363,1/1/22,NA,7,11,Cook
33364,1/1/22,NA,13,17,Cook
33371,9/1/24,NA,2,3,Adams
33377,1/1/22,NA,13,17,Kankakee
33378,1/1/22,7/12/23,14,15,Macon
33380,1/1/22,2/1/22,1,1,DuPage
33382,8/1/25,NA,13,13,Mercer
33383,1/1/22,NA,8,12,Lake
33388,1/1/22,6/28/23,15,16,Cook
33389,1/1/22,11/24/23,3,4,Cook
33392,1/1/22,12/28/24,7,9,Adams
33395,3/28/25,NA,11,12,Rock Island
33399,1/1/22,1/16/22,6,6,Lake
33400,1/1/22,2/13/26,1,5,Whiteside
33401,1/1/22,1/14/24,7,9,Kane
33405,10/13/25,NA,0,0,Kane
33406,1/1/22,1/24/23,10,11,DuPage
33408,1/1/22,10/26/24,1,3,Macon
33410,1/1/22,7/2/24,6,8,Winnebago
33411,1/1/22,10/2/22,4,4,DuPage
33412,12/20/25,NA,1,1,Cook
33413,9/15/23,NA,6,8,Lake
33414,10/6/25,NA,9,9,Cook
33416,5/26/22,11/29/24,13,15,Winnebago
33417,1/1/22,5/12/23,2,3,Macon
33420,3/28/26,NA,13,13,Champaign
33423,3/20/24,5/13/25,6,7,Cook
33425,1/1/22,5/13/22,8,8,Cook
33426,12/20/24,NA,6,7,Lake
33427,4/12/26,NA,6,6,Coles
33429,3/10/22,3/15/26,5,9,DuPage
33430,1/1/22,12/8/23,5,6,DuPage
33432,10/1/25,NA,9,9,Kankakee
33433,6/24/23,11/13/24,11,12,Lake
33434,1/1/22,NA,4,8,Winnebago
33435,4/20/22,NA,7,11,Will
33443,1/1/22,NA,13,17,Cook
33444,8/13/25,NA,3,3,Cook
33445,12/18/22,2/12/23,12,12,Montgomery
33446,1/1/22,10/1/24,12,14,Kankakee
33448,3/15/26,NA,4,4,Grundy
33450,1/17/24,NA,6,8,Lake
33451,5/5/22,8/29/22,12,12,Morgan
33452,1/4/26,NA,9,9,Will
33453,5/11/25,NA,8,9,Cook
33456,1/1/22,6/8/25,9,12,DuPage
33457,4/18/25,NA,0,1,De Witt
33459,1/1/22,NA,10,14,Madison
33461,1/1/22,1/20/22,6,6,Clinton
33462,2/18/23,NA,0,3,Winnebago
33469,12/25/25,NA,9,9,Coles
33470,1/1/22,11/13/24,9,11,Jackson
33472,1/1/22,NA,2,6,Cook
33473,4/12/26,NA,3,3,DuPage
33475,1/1/22,NA,2,6,Will
33478,5/25/26,NA,14,14,Jefferson
33479,2/24/23,7/13/23,10,10,Kane
33480,10/19/22,11/4/22,10,10,Will
33482,10/21/23,NA,3,5,Cook
33485,4/9/25,NA,14,15,Cook
33486,8/4/23,NA,13,15,Lake
33490,1/1/22,7/25/23,2,3,DuPage
33492,4/6/25,NA,12,13,LaSalle
33493,11/17/23,NA,12,14,Kendall
33495,1/1/22,8/7/22,15,15,McHenry
33496,1/1/22,6/29/23,13,14,Cook
33498,10/22/23,NA,7,9,Kane
33499,8/13/23,2/27/25,0,1,Cook
33501,1/1/22,5/29/23,5,6,Randolph
33503,1/1/22,8/11/24,12,14,Lake
33509,1/1/22,11/4/24,7,9,Cook
33510,1/1/22,8/23/25,8,11,St. Clair
33511,1/1/22,3/5/22,6,6,LaSalle
33513,5/4/24,9/11/25,9,10,Adams
33514,1/1/22,11/9/22,14,14,Stephenson
33515,10/8/23,NA,6,8,Cook
33516,6/21/22,5/1/25,0,2,Cook
33519,1/1/22,8/23/22,12,12,Sangamon
33520,4/1/24,NA,0,2,Cook
33521,11/22/23,NA,8,10,DuPage
33523,7/26/25,7/28/25,5,5,Adams
33524,1/1/22,2/3/23,13,14,Cook
33525,1/1/22,4/1/22,0,0,Lake
33527,11/1/24,NA,4,5,DuPage
33529,1/1/22,5/25/23,3,4,Cumberland
33531,1/1/22,8/8/22,11,11,Lake
33532,1/18/23,NA,5,8,McHenry
33534,1/1/22,3/7/22,10,10,Will
33535,1/1/22,8/18/24,4,6,Will
33536,1/1/22,2/27/23,4,5,Lake
33540,4/18/23,NA,11,14,Cook
33541,1/1/22,NA,3,7,Cook
33544,1/1/22,NA,0,4,Cook
33545,10/23/23,6/6/25,16,17,Kane
33546,1/1/22,NA,0,4,Cook
33548,1/1/22,NA,12,16,McHenry
33549,1/1/22,11/23/22,2,2,Pulaski
33552,8/4/23,10/9/23,8,8,Kane
33553,1/1/22,NA,10,14,Cook
33554,1/1/22,2/22/23,9,10,Lake
33555,4/25/23,4/15/25,0,1,Rock Island
33556,12/24/24,NA,5,6,Kane
33558,1/1/22,NA,12,16,Effingham
33559,9/6/23,3/7/25,8,9,Cook
33560,1/1/22,7/7/24,7,9,Lake
33561,1/1/22,10/17/22,15,15,DuPage
33562,9/25/23,NA,7,9,Kane
33563,4/11/24,NA,0,2,Cook
33564,1/1/22,11/12/22,15,15,Cook
33567,9/30/22,NA,13,16,Cook
33569,1/5/24,4/10/24,3,3,Will
33570,1/1/22,NA,13,17,Lake
33573,1/11/24,NA,8,10,Lake
33576,1/26/23,NA,0,3,Pike
33577,3/3/22,NA,5,9,Cook
33578,1/1/22,6/2/22,11,11,Will
33579,1/1/22,NA,6,10,Champaign
33580,4/21/24,4/1/25,6,6,Lake
33581,1/1/22,8/12/23,13,14,Cook
33582,1/1/22,7/13/24,13,15,DuPage
33583,1/25/26,NA,13,13,Cook
33585,1/23/25,NA,8,9,Cook
33588,9/10/25,1/27/26,11,11,Macon
33589,1/1/22,12/23/22,12,12,DuPage
33590,1/1/22,10/27/23,5,6,Kane
33591,1/1/22,10/1/23,14,15,Macoupin
33592,10/30/25,NA,7,7,Cook
33593,8/24/24,NA,1,2,Henry
33595,1/1/22,5/8/23,5,6,DuPage
33596,6/11/22,2/12/26,13,16,Lake
33597,1/1/22,1/12/22,14,14,DeKalb
33598,7/13/22,6/2/23,5,5,Will
33599,1/1/22,NA,9,13,Cook
33600,9/4/22,9/19/22,1,1,Kane
33601,1/5/22,9/14/24,1,3,LaSalle
33603,2/24/24,9/29/24,16,16,DuPage
33604,1/1/22,NA,12,16,Lake
33605,1/1/22,NA,10,14,Lake
33606,5/31/25,NA,14,15,Cook
33608,3/15/24,NA,0,2,Will
33611,1/1/22,NA,11,15,Madison
33614,1/1/22,3/1/26,0,4,Ogle
33615,10/31/24,NA,1,2,Cook
33620,1/1/22,NA,11,15,Kane
33622,1/17/26,NA,0,0,DuPage
33624,1/1/22,NA,5,9,Macon
33626,3/17/25,NA,11,12,Will
33627,3/11/23,5/1/26,10,13,Hancock
33630,1/1/22,NA,9,13,Kane
33631,1/1/22,9/22/23,8,9,DuPage
33632,8/17/22,5/9/26,6,9,Kane
33633,1/1/22,5/3/23,0,1,Peoria
33634,11/30/24,NA,11,12,Kane
33636,1/1/22,NA,1,5,DuPage
33639,1/1/22,NA,6,10,Fulton
33640,4/16/24,12/9/25,15,16,Cook
33641,1/1/22,4/30/25,2,5,Hancock
33643,1/1/22,8/24/22,7,7,Cook
33644,9/13/24,2/12/25,16,16,Washington
33648,1/1/22,10/1/23,0,1,Will
33649,1/1/22,5/9/23,8,9,Cook
33651,10/9/22,NA,7,10,DeKalb
33652,1/1/22,4/27/25,5,8,Cook
33653,1/1/22,12/27/23,6,7,Kane
33656,8/26/25,NA,7,7,Cook
33657,5/17/22,5/24/26,9,13,Kendall
33658,5/5/22,3/15/25,7,9,DuPage
33660,11/12/22,NA,9,12,Moultrie
33661,1/1/22,NA,5,9,McHenry
33663,4/16/24,NA,12,14,Cook
33664,7/4/22,1/13/26,3,6,Kane
33670,1/1/22,9/3/23,4,5,Crawford
33671,2/4/24,NA,2,4,Lake
33672,10/24/23,NA,15,17,LaSalle
33673,1/1/22,1/7/22,11,11,Lake
33674,1/1/22,9/21/23,14,15,St. Clair
33677,1/1/22,NA,12,16,DuPage
33678,1/1/22,3/24/26,5,9,Lake
33679,1/1/22,5/21/23,16,17,Cook
33680,1/1/22,7/8/22,10,10,Madison
33681,7/28/22,9/14/24,14,16,Cook
33683,1/1/22,5/7/23,15,16,Iroquois
33685,12/11/25,NA,0,0,Cook
33686,5/30/26,NA,1,1,Kane
33689,10/18/22,5/28/25,2,4,DuPage
33690,5/12/25,NA,2,3,Iroquois
33694,1/1/22,NA,2,6,Cook
33695,4/5/23,NA,1,4,Madison
33698,12/21/25,1/22/26,12,12,Woodford
33699,1/1/22,6/28/25,6,9,Lake
33701,1/1/22,5/24/22,11,11,Lawrence
33703,10/11/23,NA,5,7,Will
33704,7/12/22,7/20/22,3,3,Cook
33705,12/20/22,12/21/25,7,10,Stephenson
33707,1/1/22,NA,5,9,Franklin
33710,2/15/23,NA,11,14,Cook
33715,12/30/24,NA,4,5,Kane
33717,1/12/26,NA,5,5,Kane
33718,1/1/22,6/20/23,2,3,Will
33719,10/21/25,NA,14,14,McLean
33724,1/1/22,NA,0,4,Will
33725,1/1/22,3/1/22,7,7,Williamson
33727,9/22/22,11/28/22,9,9,Madison
33728,10/13/24,3/27/25,1,1,Cook
33730,6/11/25,NA,7,8,Kane
33733,1/1/22,9/12/22,1,1,DuPage
33739,1/4/22,NA,9,13,Cook
33740,11/23/22,2/15/25,13,15,Rock Island
33741,1/1/22,NA,8,12,Kane
33742,11/17/23,5/22/26,15,17,Cook
33744,12/30/22,4/2/25,11,13,Tazewell
33748,8/4/23,NA,1,3,McDonough
33750,1/1/22,2/12/26,3,7,Lake
33753,1/1/22,6/20/23,13,14,Cook
33754,1/1/22,10/5/22,6,6,Cook
33756,1/1/22,8/16/23,6,7,Lake
33757,1/1/22,3/4/22,9,9,Cook
33758,4/10/23,NA,4,7,Clinton
33759,1/1/22,7/11/22,12,12,Rock Island
33760,2/15/25,NA,15,16,Ogle
33762,5/14/23,NA,11,14,Will
33763,7/17/24,NA,7,8,Cook
33766,1/1/22,12/19/25,12,15,DuPage
33768,5/2/22,5/8/22,14,14,Stephenson
33769,1/1/22,7/27/25,10,13,Kane
33771,5/20/26,NA,8,8,Cook
33774,1/1/22,NA,7,11,DuPage
33776,5/22/26,NA,5,5,DuPage
33777,1/1/22,1/21/23,16,17,Will
33778,8/11/23,NA,10,12,Winnebago
33783,1/1/22,5/6/23,6,7,McHenry
33784,3/27/24,12/20/25,14,15,Cook
33786,10/8/23,NA,9,11,Cook
33787,1/1/22,NA,6,10,Cook
33788,3/16/25,5/15/25,6,6,Cook
33789,1/3/26,NA,7,7,Cook
33790,1/1/22,1/1/26,13,17,Cook
33791,12/21/24,NA,15,16,Randolph
33792,5/9/24,10/28/24,3,3,Cook
33793,1/1/22,2/21/26,6,10,DuPage
33795,1/1/22,1/18/23,12,13,Saline
33796,11/12/25,NA,11,11,Cook
33798,1/1/22,9/28/22,5,5,Macoupin
33799,10/1/22,3/15/25,12,14,Cook
33800,1/1/22,9/29/23,16,17,Kankakee
33802,2/19/22,NA,2,6,Cook
33803,1/1/22,12/22/22,14,14,DuPage
33805,1/1/22,NA,2,6,Cook
33806,1/1/22,NA,10,14,Macoupin
33807,1/1/22,NA,10,14,Cook
33808,1/11/22,10/19/22,16,16,Cook
33810,9/24/23,1/25/26,14,16,McDonough
33811,1/1/22,12/15/23,14,15,Cook
33812,1/1/22,12/14/22,6,6,Warren
33813,4/23/25,NA,1,2,Cook
33814,1/1/22,NA,2,6,Kankakee
33815,1/1/22,3/26/25,6,9,Kane
33816,1/1/22,NA,11,15,Williamson
33818,1/1/22,NA,13,17,Will
33819,5/1/24,NA,2,4,Kane
33820,2/9/23,8/29/23,8,8,Cook
33821,1/1/22,3/23/22,1,1,Shelby
33822,1/1/22,1/27/24,5,7,St. Clair
33824,11/18/25,NA,0,0,Kankakee
33825,3/9/24,NA,11,13,Will
33826,2/5/26,NA,14,14,Iroquois
33828,3/11/26,NA,15,15,Lake
33830,1/1/22,NA,9,13,Will
33831,12/10/22,NA,5,8,Marion
33832,8/25/23,10/20/25,8,10,Kane
33833,1/1/22,9/2/22,1,1,Morgan
33835,10/15/25,NA,1,1,Lake
33840,10/17/24,NA,5,6,Grundy
33841,1/1/22,NA,9,13,Whiteside
33846,11/14/25,NA,3,3,Champaign
33848,1/1/22,2/21/22,0,0,DuPage
33850,1/16/24,9/21/25,0,1,Cook
33851,1/1/22,8/19/22,9,9,St. Clair
33855,1/1/22,NA,7,11,Lake
33856,9/6/25,NA,6,6,DuPage
33859,2/5/26,NA,11,11,Will
33860,10/31/25,NA,5,5,Cook
33861,1/1/22,5/24/22,3,3,Kane
33863,4/20/22,8/30/22,12,12,Lake
33866,1/1/22,12/24/23,13,14,Knox
33871,1/1/22,1/30/24,5,7,Sangamon
33875,3/21/23,12/13/24,14,15,Cook
33877,12/7/25,NA,1,1,DuPage
33878,7/13/25,NA,16,16,Cook
33879,10/5/22,NA,11,14,Cook
33880,1/1/22,10/8/25,5,8,Will
33881,1/1/22,NA,0,4,Will
33882,1/1/22,NA,11,15,Cook
33883,1/1/22,4/22/23,9,10,Kane
33884,1/1/22,NA,2,6,Knox
33886,1/1/22,NA,8,12,DuPage
33887,1/1/22,7/2/23,1,2,Lake
33888,1/1/22,1/28/25,3,6,DuPage
33889,5/23/22,6/9/22,12,12,Cook
33890,1/1/22,9/9/25,14,17,Will
33891,1/1/22,NA,3,7,Lake
33895,3/13/25,12/16/25,14,14,Rock Island
33896,1/6/24,6/9/25,5,6,Kane
33897,12/9/25,NA,1,1,Crawford
33898,1/1/22,NA,1,5,Cook
33899,4/18/24,NA,4,6,DuPage
33900,6/9/23,6/7/26,5,7,Cook
33902,1/1/22,5/7/22,8,8,DuPage
33905,10/16/24,NA,2,3,Will
33906,1/1/22,1/29/25,2,5,Cook
33908,9/9/23,9/13/25,13,15,Monroe
33910,9/6/25,NA,7,7,Peoria
33911,1/1/22,NA,6,10,DuPage
33912,1/1/22,6/1/24,13,15,Madison
33913,1/1/22,5/6/23,16,17,Knox
33916,1/1/22,NA,2,6,Kane
33919,1/1/22,8/27/23,10,11,Fulton
33923,1/1/22,2/18/22,6,6,Ford
33924,1/1/22,11/29/23,4,5,Cook
33925,1/1/22,4/16/24,3,5,Lake
33927,1/1/22,NA,3,7,DeKalb
33930,12/27/23,NA,10,12,Cook
33931,1/1/22,NA,2,6,Will
33932,8/10/25,11/22/25,11,11,Cook
33937,3/17/22,NA,0,4,Kane
33938,1/1/22,2/27/26,5,9,DuPage
33939,1/1/22,NA,2,6,Edgar
33943,1/1/22,1/20/22,14,14,DuPage
33944,1/1/22,11/15/25,6,9,Boone
33945,1/5/22,NA,10,14,Cook
33946,1/1/22,12/5/25,7,10,DuPage
33947,1/1/22,NA,5,9,Will
33948,1/1/22,NA,10,14,Cook
33950,3/29/26,NA,4,4,DuPage
33952,2/28/24,NA,10,12,McLean
33953,3/21/22,3/16/26,11,14,Kane
33954,8/19/24,NA,6,7,St. Clair
33955,6/14/22,5/7/24,4,5,Lake
33956,3/11/26,NA,17,17,Monroe
33957,1/1/22,NA,9,13,Lake
33958,7/6/22,NA,4,7,Morgan
33960,4/21/26,NA,4,4,Rock Island
33961,4/26/25,6/14/25,13,13,Kane
33963,1/1/22,6/25/26,4,8,Winnebago
33966,1/1/22,9/21/24,6,8,Kane
33967,9/1/24,NA,11,12,DuPage
33971,1/1/22,NA,10,14,Madison
33973,2/5/25,NA,0,1,Monroe
33975,1/1/22,11/1/24,10,12,Ogle
33977,1/1/22,6/25/26,4,8,Cook
33978,7/7/22,7/8/22,1,1,Kane
33979,1/1/22,10/20/22,1,1,Kane
33980,1/1/22,3/1/24,12,14,DuPage
33981,12/20/22,5/6/25,14,16,Cook
33984,1/1/22,2/5/24,7,9,Cook
33985,1/1/22,4/14/24,11,13,Woodford
33989,1/25/22,NA,1,5,Will
33990,1/1/22,11/28/23,2,3,DeKalb
33994,1/1/22,NA,4,8,Will
33997,1/24/22,5/3/22,2,2,Adams
33999,4/20/24,5/13/24,11,11,Will
34002,8/27/24,5/30/25,8,8,McLean
34003,1/1/22,7/12/25,3,6,DuPage
34004,10/17/22,1/12/26,6,9,DuPage
34006,2/27/23,NA,12,15,DuPage
34007,1/1/22,NA,10,14,DeKalb
34008,5/18/22,NA,11,15,Vermilion
34009,10/15/22,NA,12,15,Will
34011,9/7/25,NA,5,5,Lake
34014,1/1/22,4/17/25,13,16,DeKalb
34015,1/1/22,10/2/22,3,3,Saline
34017,5/20/26,NA,6,6,LaSalle
34020,6/23/22,NA,8,12,Cook
34023,6/3/25,NA,16,17,DuPage
34025,1/1/22,NA,3,7,Cook
34026,1/1/22,5/8/22,17,17,Cook
34027,1/1/22,4/13/24,0,2,Lake
34028,2/6/24,NA,11,13,Cook
34029,1/1/22,NA,13,17,Vermilion
34030,1/1/22,NA,7,11,Cook
34032,1/1/22,6/3/23,5,6,Lake
34033,10/26/25,NA,15,15,Morgan
34034,3/11/24,NA,12,14,Cook
34035,1/1/22,12/24/22,12,12,Cook
34038,1/1/22,NA,10,14,DuPage
34041,4/16/23,6/26/23,2,2,Montgomery
34042,1/1/22,6/25/22,14,14,Will
34043,1/1/22,8/30/23,16,17,Peoria
34048,10/21/23,NA,7,9,Jefferson
34049,1/1/22,11/5/22,8,8,Cook
34051,5/28/26,NA,15,15,Knox
34052,1/1/22,NA,12,16,DuPage
34053,1/1/22,NA,12,16,Macon
34057,1/1/22,NA,6,10,White
34058,1/1/22,2/28/25,5,8,Madison
34060,4/28/23,NA,11,14,Lake
34063,1/1/22,NA,3,7,Cook
34064,8/27/22,2/9/23,13,13,Cook
34066,1/26/24,NA,0,2,Macon
34067,6/14/25,NA,2,3,McLean
34068,3/18/26,NA,13,13,Monroe
34072,8/30/24,NA,1,2,Vermilion
34073,1/1/22,NA,8,12,Kankakee
34074,1/1/22,9/5/23,6,7,Peoria
34076,1/1/22,NA,13,17,Macoupin
34079,1/1/22,2/3/26,3,7,DuPage
34080,6/2/25,NA,16,17,McHenry
34081,1/1/22,NA,3,7,Champaign
34082,2/11/22,3/31/25,8,11,Whiteside
34083,11/16/22,NA,12,15,Effingham
34084,12/12/22,4/18/23,1,1,Fulton
34087,1/1/22,2/1/22,6,6,Cook
34088,1/1/22,NA,7,11,Cook
34091,7/1/22,NA,7,11,Will
34093,11/2/22,1/22/26,8,11,McDonough
34094,1/1/22,1/17/23,4,5,Lake
34098,12/26/24,NA,11,12,Kankakee
34099,1/1/22,11/30/22,1,1,Cook
34100,1/1/22,3/15/24,2,4,Peoria
34102,1/1/22,12/22/25,4,7,Cook
34104,1/1/22,NA,2,6,Will
34106,12/20/22,8/1/25,0,2,Cook
34107,1/1/22,NA,11,15,Cook
34110,12/6/23,NA,15,17,Lake
34111,1/1/22,NA,11,15,Cook
34112,6/23/25,3/1/26,16,16,Cook
34113,7/3/23,3/22/26,7,9,McHenry
34116,1/1/22,12/14/25,1,4,Cook
34117,1/1/22,11/10/25,2,5,Lake
34118,5/6/26,NA,15,15,Madison
34119,1/1/22,NA,9,13,Stephenson
34121,7/7/23,NA,9,11,Lake
34122,9/11/24,NA,0,1,Will
34124,10/21/23,11/2/23,13,13,McLean
34125,5/1/22,NA,3,7,DuPage
34127,1/13/24,NA,14,16,DeKalb
34128,1/1/22,NA,5,9,McDonough
34130,1/1/22,10/19/22,11,11,Cook
34133,1/1/22,11/25/23,3,4,Lake
34134,8/20/22,4/12/25,13,15,St. Clair
34136,1/1/22,3/30/26,10,14,DuPage
34137,10/12/24,NA,8,9,Cook
34138,1/1/22,4/24/22,3,3,Sangamon
34140,1/1/22,6/24/23,0,1,DuPage
34141,10/8/23,NA,2,4,Logan
34144,3/10/22,3/9/25,1,3,Cook
34146,1/6/26,NA,0,0,Cook
34147,1/1/22,NA,7,11,LaSalle
34148,1/30/26,NA,13,13,Lake
34149,1/1/22,9/20/22,10,10,Cook
34150,4/15/22,5/26/22,15,15,Lake
34151,3/27/22,NA,13,17,Cook
34152,1/1/22,5/25/22,1,1,Will
34153,6/8/26,NA,17,17,DuPage
34154,4/10/24,NA,2,4,McHenry
34155,12/21/22,NA,12,15,Boone
34156,3/3/22,8/3/24,1,3,Peoria
34159,1/1/22,7/18/24,14,16,DuPage
34162,8/14/23,NA,4,6,Grundy
34169,10/16/22,NA,14,17,DuPage
34170,1/1/22,2/18/23,0,1,Cook
34173,4/17/26,NA,17,17,Fulton
34175,5/12/24,6/4/26,14,16,Will
34176,1/1/22,1/12/22,1,1,Cook
34178,1/11/22,NA,1,5,LaSalle
34180,9/3/23,5/29/25,13,14,Kane
34182,1/1/22,5/8/26,8,12,DuPage
34183,1/1/22,6/29/23,9,10,Lake
34184,2/2/25,11/6/25,14,14,Madison
34185,1/1/22,NA,5,9,Hamilton
34186,11/23/23,NA,7,9,Union
34188,1/1/22,7/7/25,6,9,Kane
34189,1/1/22,1/22/23,4,5,Cook
34190,7/18/23,NA,5,7,White
34192,1/1/22,3/10/22,15,15,Peoria
34196,1/1/22,NA,4,8,Lake
34197,1/1/22,9/6/24,5,7,Will
34198,4/19/22,NA,7,11,Cook
34199,1/1/22,NA,7,11,Cook
34200,2/15/26,NA,10,10,Cook
34202,1/1/22,9/29/22,1,1,Kane
34205,1/1/22,10/26/23,9,10,Lake
34206,7/25/22,8/4/22,2,2,Will
34207,4/13/22,3/31/24,16,17,McHenry
34209,1/1/22,NA,13,17,Cook
34210,1/1/22,NA,4,8,Cook
34211,10/15/25,4/11/26,0,0,Will
34212,1/1/22,7/20/24,10,12,DuPage
34213,12/17/23,NA,8,10,Champaign
34216,1/1/22,NA,1,5,Cook
34218,1/1/22,8/24/23,16,17,Lake
34222,1/1/22,2/10/22,8,8,McLean
34223,5/8/22,NA,8,12,Piatt
34224,1/1/22,NA,9,13,Kane
34227,1/1/22,1/26/26,3,7,Douglas
34228,1/1/22,9/22/23,8,9,Cook
34230,8/24/25,NA,8,8,Cook
34231,7/30/23,7/31/23,6,6,Cook
34234,1/1/22,10/20/24,15,17,Christian
34235,1/1/22,2/12/24,5,7,Cook
34236,1/1/22,NA,10,14,Franklin
34237,1/1/22,NA,12,16,Will
34238,1/1/22,NA,11,15,DuPage
34239,1/1/22,NA,11,15,Will
34240,8/23/22,3/2/24,16,17,Douglas
34241,1/1/22,5/1/25,3,6,Effingham
34242,1/1/22,1/9/23,3,4,Perry
34245,3/13/26,NA,3,3,Knox
34246,10/22/25,NA,6,6,Rock Island
34251,1/1/22,7/23/24,4,6,Lake
34252,1/1/22,NA,9,13,Tazewell
34253,9/17/24,NA,1,2,Lake
34254,1/1/22,2/9/22,14,14,Cook
34255,10/20/22,6/10/23,3,3,Lake
34256,12/18/25,NA,10,10,Mercer
34257,1/1/22,5/1/23,15,16,Lake
34259,1/1/22,3/20/22,17,17,DuPage
34261,8/20/25,NA,9,9,Will
34262,1/1/22,NA,11,15,Lake
34264,1/1/22,NA,5,9,Macon
34265,4/8/25,NA,3,4,St. Clair
34272,1/9/24,NA,12,14,Lake
34273,2/20/26,NA,17,17,Kane
34274,1/1/22,12/30/22,1,1,DuPage
34276,10/15/23,4/12/25,12,13,Bond
34277,3/2/24,5/9/24,7,7,DeKalb
34280,5/26/24,6/30/24,12,12,Cook
34283,1/1/22,4/25/22,12,12,DuPage
34284,1/1/22,NA,3,7,DuPage
34287,4/5/25,NA,8,9,Will
34288,5/30/22,NA,6,10,Kane
34289,11/18/23,NA,5,7,Kane
34290,8/8/22,11/17/22,5,5,Kendall
34291,1/11/22,9/17/23,3,4,Jackson
34292,10/13/25,NA,7,7,Gallatin
34293,12/10/25,NA,15,15,Will
34294,9/30/25,NA,13,13,Cook
34307,10/10/24,NA,6,7,Lake
34308,1/1/22,9/15/23,13,14,Knox
34309,10/28/22,4/27/25,6,8,McLean
34311,2/28/24,NA,9,11,Tazewell
34312,10/26/25,NA,7,7,Cook
34313,3/14/26,6/12/26,7,7,Ogle
34315,5/24/25,10/5/25,16,16,Will
34318,1/1/22,NA,11,15,Cook
34319,1/1/22,6/24/26,6,10,Rock Island
34323,1/1/22,7/10/23,3,4,McLean
34325,10/29/25,6/10/26,12,12,Will
34326,4/26/26,NA,6,6,DuPage
34329,9/27/23,12/6/23,17,17,DuPage
34330,1/1/22,11/18/22,16,16,Cook
34331,5/8/22,8/6/23,11,12,Cook
34334,1/1/22,NA,3,7,Cook
34337,9/22/23,NA,11,13,Will
34338,1/1/22,1/14/22,7,7,Cook
34339,1/1/22,12/21/24,12,14,Tazewell
34340,1/1/22,NA,11,15,Shelby
34342,6/11/25,NA,6,7,Stephenson
34344,2/11/23,NA,10,13,DuPage
34346,1/11/25,NA,10,11,Lee
34348,1/1/22,NA,6,10,Tazewell
34353,1/1/22,2/24/23,1,2,Champaign
34354,11/11/24,NA,15,16,Champaign
34355,6/10/23,NA,9,12,Cook
34356,1/1/22,8/16/24,13,15,Cook
34358,1/1/22,NA,13,17,St. Clair
34359,1/1/22,11/7/22,10,10,Kendall
34360,11/9/24,NA,13,14,Will
34362,5/26/26,NA,11,11,Kendall
34363,1/1/22,NA,10,14,Lake
34364,1/1/22,NA,5,9,Cook
34365,12/22/25,NA,6,6,DeKalb
34367,8/7/25,NA,5,5,Peoria
34368,1/1/22,NA,10,14,Kane
34369,1/1/22,9/15/22,7,7,Will
34370,2/8/24,4/16/24,5,5,DuPage
34371,3/21/26,NA,5,5,Lake
34373,4/9/24,NA,13,15,Lake
34375,1/1/22,NA,7,11,Cook
34377,1/1/22,5/1/25,12,15,DuPage
34378,7/7/22,NA,9,12,Lake
34381,2/18/23,9/23/24,15,16,McLean
34383,5/25/24,NA,14,16,Cook
34385,1/1/22,NA,4,8,Cook
34386,1/1/22,11/14/22,12,12,Will
34387,5/26/24,5/7/26,4,5,Winnebago
34391,1/1/22,1/12/23,3,4,Lake
34394,1/1/22,11/22/23,8,9,Adams
34397,1/1/22,NA,10,14,Lake
34399,1/1/22,NA,13,17,DuPage
34403,1/1/22,NA,7,11,Knox
34405,1/1/22,NA,11,15,Cook
34407,1/1/22,10/5/23,15,16,DuPage
34408,3/24/26,NA,4,4,Cook
34409,1/1/23,NA,10,13,Lake
34411,1/1/22,NA,1,5,Champaign
34412,8/22/24,5/18/26,10,11,DeKalb
34413,1/1/22,3/31/26,0,4,Cook
34414,7/8/25,NA,10,10,Livingston
34416,5/5/24,7/27/24,17,17,Knox
34424,2/20/24,6/9/24,3,3,Will
34431,1/1/22,4/17/26,13,17,Cook
34433,1/1/22,12/26/25,13,16,Will
34434,1/1/22,NA,3,7,Cook
34438,8/8/24,NA,14,15,Ogle
34439,1/1/22,9/5/25,4,7,Cook
34441,11/18/24,NA,4,5,McHenry
34443,1/1/22,6/19/22,12,12,Will
34445,1/1/22,6/28/23,14,15,McHenry
34447,1/1/22,NA,7,11,Cook
34448,1/1/22,NA,12,16,Lake
34449,1/1/22,10/26/22,16,16,Kankakee
34450,11/10/23,11/24/23,10,10,Kane
34456,5/26/23,3/19/24,14,14,Douglas
34457,1/1/22,4/13/22,14,14,Will
34458,2/3/24,NA,10,12,Kendall
34461,1/1/22,NA,3,7,Champaign
34463,6/20/22,NA,10,14,Boone
34466,7/27/24,8/3/24,1,1,Lake
34467,7/18/22,9/3/24,12,14,Lake
34469,1/1/22,NA,9,13,Lake
34471,1/1/22,10/13/22,7,7,Cook
34472,8/19/22,5/4/25,0,2,Will
34473,4/28/23,NA,12,15,Kane
34480,8/4/22,NA,7,10,DuPage
34482,4/9/24,9/11/24,17,17,Fulton
34483,9/14/23,NA,0,2,Saline
34484,1/1/22,2/10/26,10,14,Kankakee
34487,1/28/26,NA,12,12,Cook
34488,11/11/22,NA,9,12,Cook
34489,1/1/22,NA,5,9,Monroe
34491,1/1/22,NA,0,4,Cook
34492,9/22/25,2/16/26,12,12,Will
34493,1/1/22,12/17/22,14,14,Cook
34494,1/1/22,5/29/25,10,13,Cook
34498,1/1/22,NA,9,13,DuPage
34504,5/23/26,NA,7,7,DuPage
34506,1/1/22,5/28/23,5,6,Cook
34508,12/14/25,3/27/26,13,13,Coles
34509,1/1/22,8/16/23,5,6,Woodford
34511,1/1/22,7/20/23,16,17,Cook
34517,10/24/24,NA,11,12,McLean
34518,1/1/22,6/11/23,12,13,Kane
34519,1/16/22,4/19/22,2,2,Fulton
34520,1/1/22,NA,4,8,Cook
34522,4/7/23,4/22/23,10,10,Kane
34524,1/1/22,NA,13,17,Will
34529,1/1/22,7/3/23,2,3,DuPage
34531,1/1/22,10/6/23,6,7,Jackson
34532,1/1/22,3/28/26,3,7,Champaign
34533,1/1/22,5/19/22,1,1,Lake
34534,5/8/23,NA,9,12,Lake
34535,11/7/23,12/6/23,11,11,Adams
34536,9/27/22,NA,9,12,Kane
34538,1/1/22,1/7/26,8,12,Peoria
34541,3/19/24,5/14/24,14,14,Cook
34542,1/21/22,NA,3,7,Monroe
34543,1/1/22,7/14/24,12,14,Cook
34545,1/1/22,10/12/22,14,14,Effingham
34546,12/5/23,NA,3,5,Cook
34547,1/1/22,2/5/23,0,1,Whiteside
34550,1/1/22,6/1/25,3,6,Henry
34551,10/15/25,NA,3,3,Winnebago
34553,6/25/26,NA,11,11,Scott
34558,1/22/22,7/21/22,1,1,Will
34563,2/27/26,NA,11,11,Lake
34564,1/1/22,2/14/24,1,3,Kane
34565,1/1/22,1/9/26,6,10,Stephenson
34566,1/12/22,10/26/23,15,16,McLean
34567,1/1/22,11/8/23,6,7,Cook
34568,8/10/25,NA,10,10,Cook
34569,5/7/22,NA,5,9,DuPage
34570,1/1/22,10/7/22,2,2,DuPage
34571,12/8/25,NA,15,15,DuPage
34572,1/1/22,5/26/23,5,6,DuPage
34573,5/6/24,6/19/26,7,9,Lake
34574,12/16/23,NA,13,15,DuPage
34575,1/1/22,1/2/23,6,7,Madison
34583,1/1/22,11/11/22,15,15,Lake
34584,3/17/23,6/3/23,3,3,Cook
34585,10/19/22,NA,10,13,Will
34587,6/2/23,4/23/24,13,13,Cook
34588,1/1/22,3/12/25,8,11,Cook
34592,1/1/22,10/9/25,5,8,Boone
34594,1/1/22,8/4/24,4,6,Cook
34595,1/1/22,8/20/24,6,8,Kane
34598,1/1/22,2/1/24,6,8,Moultrie
34599,1/1/22,2/24/25,10,13,Cook
34600,1/1/22,6/2/22,11,11,Cook
34602,1/1/22,NA,8,12,Will
34603,1/1/22,NA,8,12,Jackson
34604,3/7/24,5/5/24,9,9,Cook
34608,4/7/26,NA,16,16,DuPage
34609,1/11/22,1/19/26,10,14,Perry
34612,1/1/22,NA,12,16,St. Clair
34613,2/2/25,NA,12,13,Effingham
34614,1/1/22,11/30/22,7,7,Lake
34616,11/8/24,NA,14,15,Cook
34617,2/11/26,NA,1,1,Champaign
34618,4/8/22,4/30/25,3,6,Douglas
34620,8/16/23,NA,9,11,Cook
34622,4/19/22,NA,3,7,Cook
34623,1/1/22,NA,0,4,Kane
34625,1/1/22,2/15/24,10,12,Will
34626,12/25/24,NA,13,14,Lake
34627,6/17/26,NA,8,8,Will
34631,1/1/22,2/24/23,12,13,Fulton
34633,1/1/22,6/13/25,12,15,Will
34634,1/1/22,NA,7,11,Lake
34635,1/1/22,10/31/22,10,10,Tazewell
34636,8/5/22,9/6/22,8,8,DuPage
34637,11/24/22,NA,8,11,Cook
34641,8/29/24,NA,12,13,Cook
34644,12/29/24,NA,9,10,Douglas
34649,2/26/26,NA,8,8,Kane
34653,2/22/25,NA,1,2,Whiteside
34654,9/26/22,NA,12,15,Rock Island
34655,4/30/24,NA,10,12,Ford
34656,8/16/25,NA,15,15,Lake
34657,1/1/22,1/4/22,1,1,Tazewell
34658,7/31/23,NA,8,10,DuPage
34660,1/1/22,NA,12,16,Kane
34661,4/9/22,7/10/22,9,9,McLean
34664,1/1/22,NA,13,17,Effingham
34665,1/1/22,NA,8,12,Cook
34666,5/8/24,6/3/24,15,15,Tazewell
34667,1/1/22,3/9/22,17,17,McHenry
34668,6/21/23,8/19/24,2,3,Winnebago
34669,11/12/25,NA,4,4,Whiteside
34674,1/1/22,NA,11,15,Cook
34675,1/1/22,NA,4,8,Lake
34678,2/16/24,7/10/25,11,12,Sangamon
34680,12/31/24,NA,1,2,DuPage
34683,1/1/22,11/18/22,1,1,Cook
34687,6/18/23,NA,10,13,Lake
34688,4/4/24,4/10/24,7,7,Peoria
34689,6/4/26,NA,3,3,Madison
34690,1/1/22,NA,7,11,Rock Island
34692,3/9/26,4/23/26,2,2,Cook
34694,1/1/22,9/2/24,10,12,Will
34695,10/7/25,10/29/25,3,3,Cook
34696,2/12/25,7/16/25,2,2,Cook
34700,1/1/22,NA,11,15,Cook
34703,4/3/23,NA,6,9,Cook
34706,1/1/22,2/16/26,10,14,Lake
34713,1/1/22,6/8/22,6,6,Bond
34715,1/1/22,11/20/25,9,12,Will
34716,8/26/24,NA,8,9,Cook
34718,4/9/24,7/17/24,13,13,Will
34719,1/1/22,11/18/22,10,10,Macon
34720,1/1/22,6/7/25,13,16,Lake
34721,9/6/23,3/31/25,16,17,Cook
34722,1/1/22,NA,1,5,Cook
34724,3/2/25,NA,16,17,Will
34729,6/2/23,5/8/25,13,14,Cook
34731,10/13/23,NA,13,15,Kane
34738,6/12/25,NA,1,2,Lake
34739,6/19/25,3/19/26,4,4,McHenry
34740,1/1/22,10/4/24,10,12,McHenry
34741,1/1/22,NA,10,14,Cook
34743,1/1/22,8/25/24,2,4,Kane
34747,1/1/22,6/8/22,4,4,Williamson
34748,1/1/22,7/16/25,14,17,Cook
34749,10/2/22,12/24/25,7,10,Henry
34756,1/17/24,NA,10,12,Jackson
34757,12/22/23,NA,9,11,DuPage
34758,1/1/22,11/22/23,12,13,Will
34759,1/1/22,NA,8,12,Cook
34760,1/3/24,NA,0,2,Lake
34761,1/1/22,NA,3,7,Lake
34764,4/22/22,1/12/23,15,15,McHenry
34767,1/1/22,9/30/24,12,14,Stephenson
34768,3/7/24,3/19/24,11,11,DeKalb
34769,6/22/23,NA,2,5,Cook
34770,6/8/23,NA,2,5,Champaign
34771,1/1/22,1/7/24,13,15,Will
34773,1/1/22,6/29/22,10,10,DuPage
34774,1/1/22,12/18/23,12,13,Cook
34777,1/24/25,NA,15,16,Cook
34782,1/1/22,9/26/25,7,10,DeKalb
34783,3/21/22,3/22/25,11,14,DeKalb
34786,6/27/25,NA,0,1,Cook
34788,6/18/22,NA,1,5,Cook
34792,2/20/24,NA,8,10,Rock Island
34793,6/30/26,NA,9,9,DuPage
34795,10/21/25,6/9/26,13,13,Will
34796,1/1/22,5/8/22,3,3,Henry
34797,1/1/22,NA,8,12,Cook
34798,12/8/24,NA,4,5,DuPage
34799,9/16/22,NA,1,4,McHenry
34800,4/22/23,NA,3,6,Lake
34803,1/1/22,NA,5,9,Lake
34805,1/1/22,10/31/23,1,2,Madison
34808,1/1/22,NA,3,7,Carroll
34810,1/1/22,NA,3,7,Effingham
34811,2/21/24,NA,9,11,Lake
34812,1/10/26,NA,10,10,Cook
34813,5/8/23,7/11/23,4,4,Cook
34814,1/1/22,4/15/25,12,15,Kankakee
34815,1/27/23,12/29/24,7,8,Gallatin
34816,1/1/22,NA,2,6,Will
34817,11/30/23,NA,7,9,DuPage
34818,1/1/22,4/9/23,4,5,Bureau
34819,1/1/22,2/9/22,3,3,Lee
34820,7/19/25,NA,12,12,Adams
34822,1/1/22,4/23/24,14,16,Cook
34823,1/1/22,NA,10,14,Will
34824,1/1/22,4/20/26,1,5,Kane
34826,9/7/25,NA,17,17,Cook
34829,1/1/22,NA,1,5,Cook
34830,1/1/22,8/4/23,4,5,Cook
34833,2/19/26,NA,13,13,Cook
34835,1/1/22,3/7/23,5,6,Cook
34836,1/4/23,4/1/23,10,10,Winnebago
34837,2/4/23,NA,2,5,DuPage
34838,1/1/22,4/13/24,11,13,McHenry
34840,9/24/25,NA,9,9,Cook
34842,1/1/22,NA,11,15,DuPage
34844,1/1/22,NA,6,10,Lake
34848,11/26/22,1/2/24,13,14,Kane
34850,9/9/23,3/27/24,8,8,DuPage
34851,1/1/22,NA,0,4,Lake
34852,6/17/22,12/23/24,14,16,Pike
34853,1/1/22,NA,4,8,McLean
34854,1/1/22,NA,6,10,Ogle
34855,1/1/22,NA,1,5,Kane
34862,12/8/25,NA,3,3,St. Clair
34863,1/1/22,11/10/22,14,14,DuPage
34864,2/22/25,NA,11,12,DuPage
34866,3/31/22,4/20/22,4,4,Montgomery
34867,3/8/22,8/2/25,2,5,Moultrie
34868,1/1/22,6/16/22,10,10,Kankakee
34871,1/1/22,NA,11,15,Lake
34873,1/1/22,NA,1,5,Macoupin
34875,1/1/22,7/11/25,14,17,Will
34876,12/18/24,4/4/25,0,0,Lake
34877,3/6/22,9/16/22,11,11,Cook
34878,12/3/23,12/31/23,7,7,DuPage
34882,1/30/24,NA,9,11,Ogle
34885,6/14/22,2/12/24,14,15,Livingston
34889,3/24/23,4/3/23,7,7,Will
34890,1/1/22,11/3/22,8,8,Lake
34891,1/1/22,NA,12,16,Cook
34896,9/24/23,7/9/24,10,10,Cook
34897,9/25/22,NA,9,12,Will
34899,1/1/22,5/11/23,15,16,Sangamon
34900,1/1/22,NA,5,9,Stephenson
34902,11/1/25,NA,1,1,Will
34903,8/28/25,NA,7,7,Will
34907,1/1/22,11/20/25,3,6,Cook
34908,1/1/22,4/29/23,13,14,McHenry
34910,8/30/22,NA,8,11,Cook
34913,1/1/22,5/15/22,12,12,Grundy
34915,12/22/24,NA,12,13,Kane
34922,1/1/22,1/25/24,1,3,Cook
34925,1/21/24,NA,3,5,Cook
34936,1/1/22,NA,7,11,Lake
34940,5/29/22,NA,3,7,Cook
34942,1/1/22,3/30/22,9,9,Sangamon
34952,1/1/22,4/12/22,4,4,Will
34953,1/1/22,3/25/24,6,8,Cook
34955,8/6/23,3/30/25,7,8,Randolph
34956,4/11/22,5/24/22,10,10,Clinton
34959,2/21/22,NA,12,16,Effingham
34960,10/20/23,11/7/25,13,15,Cook
34963,4/4/25,6/26/25,11,11,Cook
34966,5/15/22,NA,8,12,McHenry
34968,1/1/22,1/19/24,11,13,DuPage
34969,1/1/22,3/12/23,11,12,Kane
34971,1/1/22,11/13/22,0,0,DuPage
34972,12/11/23,NA,8,10,DuPage
34973,9/1/24,NA,5,6,DuPage
34974,4/25/26,NA,4,4,Kane
34977,1/1/22,12/29/22,0,0,Peoria
34978,1/1/22,4/28/22,4,4,Lake
34979,10/8/22,6/26/24,6,7,Cook
34980,1/21/25,NA,3,4,Tazewell
34981,1/1/22,5/16/25,3,6,Cook
34985,6/5/25,NA,13,14,Cook
34986,1/1/22,4/14/26,9,13,DuPage
34988,1/1/22,NA,12,16,Jefferson
34990,1/1/22,1/22/24,10,12,Coles
34994,1/1/22,NA,8,12,Lake
34995,1/1/22,6/25/25,2,5,McHenry
34996,1/1/22,2/16/24,7,9,Cook
34997,2/11/23,NA,12,15,St. Clair
35002,1/1/22,6/7/25,14,17,Cook
35005,7/8/22,5/14/26,7,10,Kane
35006,6/8/26,NA,6,6,Stephenson
35007,1/1/22,10/6/22,10,10,Lake
35010,12/29/22,11/23/24,14,15,Cook
35011,1/1/22,1/10/22,4,4,Ogle
35012,1/1/22,10/29/22,5,5,Kane
35013,1/1/22,1/27/22,1,1,Marshall
35014,1/1/22,9/18/24,3,5,DuPage
35015,12/14/23,10/7/25,3,4,Lake
35017,1/1/22,NA,5,9,Cook
35024,1/1/22,NA,5,9,Lake
35025,1/12/23,NA,14,17,Lake
35027,1/1/22,8/23/25,13,16,Winnebago
35029,1/1/22,11/13/25,11,14,Will
35032,1/1/22,9/16/22,6,6,Champaign
35033,6/1/23,6/21/25,0,2,DuPage
35034,12/21/23,NA,0,2,Will
35039,1/1/22,5/14/24,12,14,Cook
35040,9/30/25,NA,13,13,Coles
35044,5/2/24,10/31/25,12,13,Peoria
35045,11/22/22,8/7/25,11,13,McHenry
35046,11/7/22,NA,10,13,Sangamon
35047,11/12/23,NA,1,3,Stephenson
35052,7/11/25,NA,16,16,Shelby
35056,1/1/22,NA,12,16,Cumberland
35060,1/1/22,NA,5,9,Cook
35061,1/1/22,1/4/22,1,1,DuPage
35063,6/10/23,NA,13,16,Cook
35066,6/12/24,NA,2,4,Will
35068,8/27/23,NA,7,9,Cook
35070,1/1/22,2/12/24,9,11,DuPage
35071,1/1/22,9/9/22,7,7,Cook
35074,6/30/25,NA,15,16,DuPage
35075,7/7/24,NA,12,13,Pike
35077,1/1/22,NA,5,9,Cook
35078,2/27/23,NA,7,10,Cook
35081,1/1/22,NA,9,13,Will
35083,9/26/22,2/28/25,2,4,Cook
35086,11/29/24,NA,9,10,Cook
35089,1/1/22,9/10/25,14,17,Cook
35090,1/23/23,2/24/26,3,6,Cook
35091,1/5/22,2/12/22,0,0,Lake
35092,1/1/22,NA,12,16,Will
35095,1/1/22,5/14/23,15,16,Lake
35097,1/1/22,NA,11,15,Cook
35106,1/1/22,NA,11,15,Whiteside
35110,1/1/22,NA,7,11,Cook
35111,1/1/22,NA,0,4,Marion
35112,9/20/25,NA,8,8,DuPage
35113,12/12/24,NA,12,13,Cook
35114,4/22/25,NA,12,13,DuPage
35116,7/30/22,11/5/23,13,14,Kane
35117,3/20/26,NA,9,9,Will
35118,11/5/24,NA,3,4,Cook
35119,1/1/22,NA,7,11,Cook
35120,1/1/22,8/3/22,17,17,Tazewell
35121,7/28/25,9/26/25,5,5,Adams
35122,1/1/22,NA,2,6,Cook
35124,4/6/22,4/21/25,12,15,DuPage
35125,10/28/24,1/4/25,1,1,Madison
35126,1/1/22,NA,9,13,Logan
35127,1/17/22,NA,9,13,Cook
35130,1/1/22,5/10/22,8,8,Clark
35131,1/1/22,10/4/22,1,1,Will
35132,4/18/26,NA,17,17,Will
35134,2/6/26,NA,2,2,Will
35137,3/12/23,1/11/26,1,3,Kane
35139,1/1/22,6/7/24,6,8,Cook
35142,1/1/22,8/25/25,8,11,Johnson
35143,1/1/22,10/10/23,2,3,McLean
35144,12/20/25,NA,16,16,Cook
35145,1/12/22,NA,2,6,Pope
35147,12/4/22,6/18/26,13,16,Cook
35148,1/1/22,NA,7,11,Will
35150,1/1/22,9/27/24,9,11,Union
35151,2/3/22,4/7/22,13,13,DuPage
35152,12/10/24,NA,13,14,Cook
35153,1/1/22,NA,0,4,DuPage
35157,12/12/22,10/22/24,14,15,DuPage
35159,7/19/23,NA,1,3,Lake
35161,1/1/22,NA,13,17,Cook
35162,9/9/23,NA,14,16,Kane
35164,1/1/22,NA,13,17,DuPage
35165,5/23/23,NA,10,13,Cook
35166,1/1/22,6/15/26,1,5,DuPage
35167,2/27/25,NA,13,14,McDonough
35168,5/17/24,NA,2,4,Morgan
35170,1/1/22,2/26/26,0,4,Champaign
35174,2/10/22,11/18/22,14,14,Winnebago
35176,1/1/22,NA,9,13,Vermilion
35177,1/1/22,4/21/23,5,6,Cook
35178,5/14/26,NA,12,12,Fulton
35179,1/1/22,NA,4,8,Kane
35180,1/1/22,NA,13,17,Cook
35181,12/22/25,2/22/26,2,2,Cook
35182,1/1/22,7/11/25,14,17,Cook
35183,1/1/22,12/12/23,5,6,McHenry
35184,10/15/23,NA,7,9,McHenry
35185,12/9/25,NA,9,9,Cook
35186,5/13/26,NA,4,4,DuPage
35188,1/1/22,NA,10,14,DuPage
35189,1/1/22,11/2/25,6,9,St. Clair
35192,12/25/24,6/10/25,6,6,Cook
35194,1/1/22,1/7/22,11,11,Will
35195,1/1/22,NA,4,8,Cook
35198,10/17/24,1/27/25,16,16,Peoria
35199,1/1/22,NA,5,9,Cook
35202,1/1/22,1/27/25,12,15,Cook
35204,11/27/23,NA,9,11,Cook
35205,1/1/22,3/14/23,11,12,Peoria
35206,3/13/25,NA,10,11,Kane
35210,1/1/22,8/20/23,13,14,Cook
35211,1/1/22,10/15/23,4,5,Winnebago
35212,4/8/26,NA,11,11,Will
35215,3/9/23,NA,7,10,Cook
35216,1/1/22,NA,8,12,Madison
35218,5/29/22,6/14/22,4,4,Cook
35220,2/12/26,NA,10,10,Cook
35221,1/1/22,12/9/25,4,7,Peoria
35222,5/22/24,NA,0,2,Logan
35225,1/1/22,NA,3,7,Kane
35227,1/1/22,10/27/23,13,14,Kane
35229,2/6/25,NA,13,14,Whiteside
35232,1/1/22,3/9/22,11,11,Cook
35233,1/22/24,2/7/24,13,13,Will
35234,1/1/22,5/12/23,13,14,Saline
35237,12/18/24,3/12/25,1,1,Will
35238,1/1/22,NA,8,12,McHenry
35239,8/2/23,NA,11,13,Lake
35241,2/1/25,NA,2,3,Lake
35242,1/11/24,NA,14,16,Greene
35243,1/1/22,NA,12,16,Peoria
35244,1/17/23,NA,12,15,Lake
35245,10/30/22,7/15/23,3,3,Cook
35248,1/1/22,1/3/22,3,3,Cook
35250,1/1/22,3/27/26,13,17,Will
35251,11/23/25,NA,1,1,Rock Island
35257,1/1/22,2/23/23,12,13,McHenry
35258,1/1/22,NA,3,7,Pike
35260,8/18/22,3/15/24,15,16,Cook
35263,7/17/23,7/26/23,14,14,Cook
35264,1/1/22,NA,0,4,DuPage
35266,7/17/24,11/17/25,12,13,Macoupin
35269,8/26/25,NA,11,11,DuPage
35270,10/14/23,2/9/24,8,8,Will
35273,5/2/25,1/24/26,9,9,McLean
35276,12/26/22,NA,4,7,Lake
35279,1/1/22,NA,3,7,Knox
35284,4/26/25,NA,11,12,Lake
35285,11/12/25,NA,16,16,Kane
35286,5/15/24,11/11/24,9,9,Cook
35287,1/1/22,12/30/24,14,16,Cook
35289,3/4/24,6/28/26,10,12,Shelby
35290,9/1/23,NA,4,6,Will
35291,1/1/22,4/17/22,17,17,Stephenson
35293,1/1/22,NA,1,5,Cook
35296,5/16/24,NA,0,2,McHenry
35301,8/2/25,NA,16,16,Cook
35302,5/30/26,NA,17,17,St. Clair
35304,1/1/22,NA,1,5,Cook
35307,1/1/22,10/28/23,3,4,Cook
35308,3/29/22,6/9/25,13,16,Lake
35310,1/1/22,11/24/22,9,9,DuPage
35314,1/1/22,5/23/22,15,15,Champaign
35317,1/12/24,NA,12,14,DuPage
35319,7/20/23,9/30/23,10,10,McHenry
35320,6/27/22,8/3/22,13,13,Lake
35322,8/25/24,NA,4,5,Cook
35324,10/6/22,NA,11,14,Kane
35325,1/1/22,3/21/23,3,4,DuPage
35326,10/13/25,NA,10,10,Cook
35328,11/5/24,NA,9,10,Henry
35330,1/1/22,8/19/24,1,3,Tazewell
35333,1/1/22,3/12/23,3,4,Kankakee
35335,1/1/22,4/23/22,2,2,McLean
35336,1/1/22,7/2/24,9,11,Kendall
35339,1/1/22,NA,9,13,McHenry
35340,11/16/22,7/9/24,4,5,Lake
35341,1/1/22,12/16/24,8,10,Jefferson
35345,12/6/25,NA,12,12,Will
35347,1/1/22,NA,12,16,Lake
35349,12/13/23,NA,13,15,Cook
35350,1/1/22,3/21/22,0,0,Will
35351,4/15/25,NA,13,14,Will
35352,1/1/22,NA,3,7,Cook
35354,8/18/23,9/7/23,2,2,Winnebago
35358,1/1/22,NA,10,14,DuPage
35360,4/18/26,NA,0,0,Will
35361,1/1/22,2/19/26,7,11,Lake
35363,1/1/22,12/21/25,8,11,Kane
35365,1/1/22,8/29/23,10,11,McHenry
35367,1/1/22,6/20/25,8,11,Cook
35368,7/13/25,NA,12,12,Cook
35369,5/19/25,NA,11,12,McHenry
35370,7/3/22,10/13/22,10,10,Peoria
35371,2/12/24,2/29/24,NA,NA,Lake
35373,9/27/25,NA,1,1,Champaign
35374,3/23/23,12/25/23,10,10,Cook
35375,1/1/22,5/16/22,15,15,Cook
35379,8/19/22,3/8/26,14,17,Lake
35380,1/1/22,10/6/25,12,15,Lake
35384,1/1/22,10/5/23,2,3,Kane
35388,1/1/22,5/24/24,15,17,Champaign
35389,1/1/22,12/11/25,7,10,Cook
35390,9/6/23,NA,13,15,Lake
35393,1/1/22,NA,12,16,Will
35395,4/29/23,NA,1,4,McLean
35396,12/28/25,NA,9,9,Cook
35399,11/25/24,12/9/24,0,0,Will
35400,3/11/26,NA,12,12,Cook
35403,1/1/22,1/28/23,11,12,Cook
35404,1/1/22,2/5/24,12,14,Wayne
35405,5/22/25,NA,12,13,DuPage
35406,1/1/22,NA,4,8,LaSalle
35408,1/1/22,2/1/22,16,16,Vermilion
35411,1/1/22,1/17/24,7,9,Cook
35412,1/1/22,1/7/23,11,12,Macoupin
35413,9/21/25,NA,7,7,Lake
35414,5/15/25,NA,15,16,Cook
35415,8/5/25,NA,14,14,Kane
35417,1/1/22,NA,5,9,Moultrie
35418,1/1/22,NA,5,9,Lake
35419,5/19/24,4/5/26,1,2,Kane
35422,1/7/23,2/21/23,0,0,Ogle
35423,10/4/23,NA,0,2,Will
35424,1/1/22,NA,8,12,Greene
35425,4/29/24,NA,12,14,Williamson
35426,1/1/22,1/27/25,9,12,DuPage
35428,1/1/22,2/17/24,13,15,McLean
35430,3/16/23,NA,13,16,DeKalb
35435,1/10/25,3/22/25,6,6,Peoria
35437,6/3/23,NA,12,15,Knox
35439,5/5/26,NA,17,17,Sangamon
35443,10/22/24,NA,16,17,Winnebago
35445,1/27/25,NA,14,15,Lake
35447,1/1/22,9/28/23,11,12,Madison
35448,1/1/22,3/13/23,9,10,Will
35449,6/6/25,NA,16,17,Monroe
35451,9/27/25,NA,16,16,Boone
35452,6/8/25,NA,7,8,Kane
35453,2/19/23,8/27/25,10,12,Will
35455,11/17/25,NA,11,11,Cook
35456,1/1/22,9/23/23,16,17,Lake
35457,1/1/22,12/26/22,6,6,Madison
35458,7/21/25,8/5/25,9,9,Will
35459,1/1/22,NA,2,6,Cook
35461,3/31/26,NA,9,9,Kane
35462,9/26/22,9/23/25,0,2,DuPage
35463,1/1/22,10/28/22,0,0,Kane
35464,1/1/22,9/7/24,14,16,Lake
35466,1/1/22,6/4/24,9,11,DuPage
35473,1/1/22,8/6/22,1,1,Cook
35474,1/1/22,7/13/24,14,16,Will
35475,6/18/26,NA,0,0,Lake
35476,10/2/24,NA,2,3,DuPage
35478,2/10/22,2/9/25,1,4,Tazewell
35479,1/1/22,NA,12,16,Cook
35481,8/20/22,3/8/25,10,12,DuPage
35484,1/1/22,8/25/24,7,9,Kane
35485,1/1/22,6/24/22,17,17,Cook
35486,1/1/22,1/19/26,5,9,Adams
35487,7/15/24,NA,9,10,Lake
35490,1/1/22,3/25/26,8,12,Cook
35492,3/15/24,NA,14,16,DuPage
35495,1/1/22,10/29/22,5,5,Tazewell
35496,1/2/22,7/27/25,5,8,McHenry
35498,1/1/22,5/15/26,0,4,DuPage
35499,1/1/22,1/6/23,4,5,DuPage
35500,12/14/22,NA,14,17,Ogle
35504,1/1/22,2/16/25,9,12,DuPage
35505,11/12/23,9/18/24,16,16,Lake
35506,6/20/22,NA,10,14,McLean
35508,1/1/22,NA,0,4,DuPage
35510,7/22/25,NA,15,15,St. Clair
35511,1/1/22,NA,10,14,Grundy
35514,6/3/26,NA,3,3,Henry
35515,1/1/22,NA,13,17,Cook
35517,1/1/22,NA,10,14,Stephenson
35520,1/1/22,1/24/24,9,11,Cook
35521,2/5/25,3/3/25,3,3,DuPage
35523,1/1/22,3/29/23,5,6,Lake
35524,1/1/22,1/21/22,2,2,Vermilion
35525,1/1/22,9/13/24,7,9,Cook
35528,10/3/22,NA,4,7,Cook
35529,11/14/22,5/3/25,11,13,DeKalb
35530,1/1/22,5/13/26,3,7,Kane
35531,1/30/24,NA,5,7,Lake
35533,1/1/22,12/1/23,2,3,Cook
35534,1/1/22,3/16/24,15,17,Cook
35535,3/7/25,NA,16,17,Winnebago
35536,1/1/22,4/5/22,13,13,McLean
35538,12/12/22,12/26/22,8,8,Cook
35539,11/3/24,1/17/25,4,4,Lake
35541,3/8/25,3/15/25,0,0,Will
35547,11/22/24,NA,3,4,DuPage
35548,1/1/22,12/7/22,3,3,McHenry
35549,5/15/25,NA,8,9,Kane
35553,11/30/23,NA,1,3,Cook
35554,2/6/26,6/7/26,1,1,Williamson
35556,4/26/23,NA,1,4,Tazewell
35557,1/1/22,2/3/26,1,5,Vermilion
35559,1/1/22,9/29/24,3,5,Ogle
35560,1/1/22,5/11/26,0,4,Lake
35562,1/1/22,NA,0,4,McHenry
35564,1/1/22,NA,8,12,Peoria
35565,1/1/22,2/29/24,NA,NA,Cook
35566,9/6/22,NA,5,8,Cook
35567,1/1/22,8/1/22,3,3,Cook
35569,1/1/22,10/11/23,13,14,Cook
35571,7/20/22,NA,9,12,Cook
35573,1/1/22,5/25/25,10,13,Morgan
35575,12/6/23,5/29/24,14,14,DuPage
35577,2/3/26,NA,9,9,Livingston
35580,1/13/26,NA,15,15,Will
35581,11/7/23,NA,13,15,Lake
35582,1/1/22,1/19/22,1,1,McLean
35583,1/1/22,12/30/22,4,4,Franklin
35584,1/1/22,8/13/23,7,8,LaSalle
35588,1/1/22,NA,2,6,St. Clair
35592,1/1/22,3/24/22,8,8,DuPage
35594,12/2/25,NA,16,16,McDonough
35595,1/1/22,9/21/23,7,8,Ogle
35596,1/1/22,7/24/23,9,10,Will
35597,6/1/24,NA,0,2,DuPage
35598,1/1/22,9/28/22,14,14,Kane
35601,1/1/22,NA,6,10,Cook
35605,4/1/22,4/11/22,17,17,Kane
35608,1/1/22,3/29/22,4,4,Peoria
35610,9/9/23,NA,8,10,Kane
35611,1/1/22,3/26/22,5,5,Kendall
35612,1/1/22,NA,5,9,Franklin
35614,12/3/24,12/15/24,16,16,Kane
35615,1/1/22,3/22/22,5,5,Cook
35616,1/1/22,6/30/24,14,16,St. Clair
35617,5/5/25,5/26/25,16,16,Union
35618,6/17/22,NA,13,17,Morgan
35620,2/6/25,NA,8,9,Cook
35622,8/15/23,NA,4,6,Lake
35623,1/1/22,11/3/22,4,4,DuPage
35627,1/1/22,NA,13,17,Whiteside
35630,11/12/25,NA,5,5,Will
35636,2/3/26,NA,10,10,DuPage
35637,1/1/22,3/16/24,5,7,Cook
35639,1/1/22,NA,5,9,Fulton
35640,1/1/22,NA,6,10,Boone
35645,6/8/22,NA,1,5,Lake
35647,10/7/22,6/1/23,9,9,McHenry
35648,1/1/22,12/25/23,9,10,Lake
35649,1/28/23,NA,5,8,Lake
35651,1/1/22,3/15/22,17,17,Rock Island
35652,1/1/22,NA,0,4,DuPage
35654,1/1/22,7/5/25,2,5,Champaign
35655,11/23/23,NA,5,7,Kane
35658,1/1/22,NA,9,13,Morgan
35659,3/23/23,4/14/23,7,7,Kane
35663,9/2/24,10/6/25,14,15,Madison
35664,1/1/22,NA,10,14,Clinton
35666,9/26/24,NA,8,9,Whiteside
35670,1/1/22,NA,6,10,Jasper
35672,1/6/25,3/9/25,7,7,Sangamon
35674,3/27/24,NA,14,16,Clinton
35675,7/6/22,7/8/25,13,16,DuPage
35677,1/1/22,4/26/24,5,7,Jo Daviess
35678,10/12/24,11/16/24,13,13,Marion
35680,1/1/22,NA,0,4,Cook
35682,1/1/22,NA,12,16,Cook
35684,1/3/26,NA,17,17,Will
35687,1/1/22,10/21/23,11,12,Jackson
35689,1/1/22,8/1/23,0,1,Lake
35690,12/7/22,NA,0,3,Cook
35691,7/19/25,NA,11,11,Jefferson
35692,6/2/23,9/13/23,17,17,Boone
35693,1/1/22,NA,12,16,Henry
35694,9/21/25,NA,3,3,Will
35700,1/29/26,NA,5,5,McHenry
35702,1/1/22,NA,3,7,Will
35709,1/9/22,10/26/22,17,17,Cook
35712,1/1/22,NA,12,16,Clark
35713,1/1/22,NA,6,10,Kankakee
35714,8/28/24,NA,0,1,Cook
35718,10/25/22,NA,14,17,Lake
35720,1/1/22,NA,4,8,Grundy
35725,1/1/22,NA,2,6,Kankakee
35726,1/1/22,NA,1,5,DuPage
35727,10/28/23,12/8/23,3,3,Cook
35728,9/28/23,10/4/23,9,9,Will
35729,2/7/22,NA,11,15,DuPage
35730,6/6/24,7/22/24,9,9,Will
35732,1/1/22,10/6/22,1,1,Lake
35733,1/1/22,2/24/23,12,13,Clark
35734,4/10/25,NA,0,1,Will
35735,7/11/25,NA,17,17,Marion
35736,1/1/22,9/18/22,6,6,Cook
35737,1/1/22,12/14/22,7,7,Will
35739,5/5/25,5/12/25,11,11,Cook
35740,3/21/24,NA,9,11,Kane
35741,11/27/25,NA,15,15,Cook
35743,10/14/25,NA,13,13,Will
35744,3/11/24,NA,12,14,DuPage
35745,7/24/24,4/3/26,7,8,Cook
35746,8/6/22,12/31/25,7,10,DuPage
35747,1/1/22,5/6/24,12,14,Cook
35748,2/20/26,5/6/26,7,7,Williamson
35752,1/1/22,NA,7,11,Lake
35756,8/24/25,NA,2,2,DuPage
35757,12/3/22,NA,11,14,Lake
35758,10/2/23,NA,1,3,Lake
35765,12/26/25,5/29/26,6,6,Cook
35767,12/29/25,NA,13,13,Cook
35768,1/3/24,NA,15,17,Cook
35769,10/9/24,NA,15,16,Champaign
35770,2/17/25,6/13/25,2,2,Will
35772,1/9/23,3/4/23,10,10,Cook
35773,6/6/26,NA,16,16,Piatt
35774,1/1/22,NA,2,6,St. Clair
35776,9/9/23,11/15/23,0,0,Lake
35779,5/5/24,2/5/25,6,6,Grundy
35781,1/20/25,2/8/25,10,10,Henry
35783,6/7/23,2/9/24,0,0,Williamson
35785,1/1/22,NA,0,4,Lake
35786,5/26/23,1/6/25,9,10,DuPage
35787,1/1/22,7/19/22,1,1,McHenry
35789,1/1/22,12/22/22,2,2,Ogle
35790,12/22/25,3/11/26,15,15,Mason
35791,9/5/25,NA,1,1,Cook
35793,1/1/22,11/14/23,12,13,McHenry
35795,5/21/24,NA,8,10,Kane
35796,12/15/23,NA,3,5,DuPage
35797,5/8/22,NA,12,16,Lawrence
35798,1/1/22,NA,10,14,Cook
35800,4/5/25,NA,11,12,Sangamon
35801,6/17/24,7/1/24,1,1,DuPage
35803,1/1/22,NA,6,10,Kane
35806,7/9/25,NA,15,15,Boone
35808,1/14/26,NA,6,6,DuPage
35809,1/1/22,3/14/23,14,15,DuPage
35810,12/12/25,NA,15,15,Will
35813,1/1/22,NA,12,16,Macon
35814,3/30/22,8/31/22,17,17,Greene
35818,1/1/22,NA,11,15,Lake
35820,5/20/23,NA,11,14,Grundy
35821,3/4/25,NA,12,13,Cook
35823,10/27/25,10/31/25,1,1,Tazewell
35825,1/1/22,5/10/23,16,17,Cook
35826,9/20/22,NA,0,3,Randolph
35828,1/1/22,NA,11,15,Cook
35829,9/26/25,NA,8,8,Cook
35830,1/14/26,NA,0,0,Will
35835,4/5/22,6/5/22,5,5,Lake
35836,1/1/22,11/10/23,6,7,DuPage
35837,3/24/23,NA,0,3,Cook
35839,1/1/22,5/28/25,10,13,Cook
35840,1/1/22,3/3/24,2,4,Lake
35841,1/1/22,6/6/26,8,12,Will
35842,10/2/25,NA,6,6,DuPage
35843,1/1/22,8/12/24,14,16,Cook
35845,1/1/22,NA,9,13,Whiteside
35847,7/24/23,NA,9,11,Adams
35849,1/1/22,2/9/24,6,8,Will
35851,7/16/23,NA,6,8,DuPage
35854,1/1/22,4/4/22,17,17,Cook
35855,10/12/23,NA,6,8,Lake
35856,2/14/25,5/5/25,7,7,Cook
35857,1/1/22,5/23/23,8,9,Cook
35861,6/1/26,NA,1,1,Cook
35866,10/2/22,12/3/22,4,4,Kendall
35868,1/1/22,1/14/24,10,12,DuPage
35870,1/1/22,5/18/23,3,4,McLean
35872,1/1/22,NA,10,14,Grundy
35873,2/22/26,NA,14,14,DuPage
35874,5/14/23,NA,5,8,DuPage
35875,2/2/23,NA,6,9,Cook
35879,12/8/25,NA,11,11,Kane
35880,6/16/24,2/13/26,10,11,Kane
35883,9/23/25,NA,14,14,Cook
35894,1/1/22,NA,6,10,Winnebago
35898,1/1/22,9/24/24,10,12,McHenry
35901,1/1/22,6/16/25,6,9,St. Clair
35903,3/25/26,NA,15,15,Cook
35904,1/1/22,NA,4,8,Grundy
35906,1/1/22,NA,3,7,Will
35909,9/3/22,NA,1,4,Cook
35910,7/16/23,9/23/23,14,14,Jefferson
35911,1/1/22,4/3/22,7,7,Cook
35912,1/1/22,NA,13,17,Cook
35916,1/1/22,7/14/24,15,17,Cook
35917,1/1/22,NA,11,15,Kane
35920,1/14/26,NA,7,7,DeKalb
35921,5/29/22,6/9/25,0,3,Cook
35922,5/10/25,NA,8,9,DuPage
35923,1/1/22,10/21/25,2,5,Kendall
35929,1/5/22,NA,1,5,Cook
35936,2/12/22,NA,0,4,Peoria
35938,9/9/23,5/23/25,11,12,Will
35939,4/15/23,7/18/25,11,13,Whiteside
35942,11/7/22,12/8/22,1,1,Lake
35943,2/1/22,NA,9,13,St. Clair
35946,1/1/22,NA,9,13,DuPage
35948,1/1/22,10/30/22,15,15,Johnson
35950,11/15/25,NA,4,4,Lawrence
35952,2/9/23,12/12/23,11,11,Kane
35954,1/1/22,NA,12,16,Cook
35956,4/22/26,NA,1,1,Will
35957,1/1/22,10/10/25,1,4,Henry
35958,1/1/22,NA,10,14,DuPage
35959,12/17/25,NA,5,5,Champaign
35964,1/1/22,4/18/23,13,14,Will
35967,12/8/25,NA,0,0,Wayne
35968,1/1/22,11/2/22,12,12,St. Clair
35969,1/1/22,NA,5,9,Kane
35970,1/1/22,10/4/22,16,16,Champaign
35972,1/1/22,1/3/22,14,14,Will
35973,1/1/22,4/12/22,7,7,Lake
35974,3/4/22,NA,2,6,DuPage
35975,11/22/25,NA,1,1,Cook
35976,1/1/22,NA,13,17,Cook
35979,1/1/22,7/13/22,8,8,Will
35981,12/15/23,1/12/24,10,10,Lake
35983,9/17/23,NA,10,12,Rock Island
35986,1/1/22,11/21/24,2,4,DuPage
35990,2/28/26,NA,16,16,Cook
35991,5/16/26,NA,4,4,DuPage
35993,6/19/23,1/7/24,11,11,Kane
35995,4/30/23,NA,0,3,McLean
35996,5/5/24,7/29/24,8,8,Cook
35997,8/9/25,NA,16,16,DuPage
35999,1/1/22,NA,5,9,Lake
36004,11/23/22,NA,7,10,Cook
36005,10/17/23,NA,8,10,Cook
36006,1/1/22,NA,8,12,Lake
36007,4/12/26,NA,1,1,Will
36008,3/17/26,NA,1,1,Kane
36009,1/1/22,NA,3,7,Kendall
36010,11/6/22,4/18/24,14,15,Will
36011,1/1/22,NA,1,5,DuPage
36014,9/24/23,NA,14,16,Kane
36016,6/18/22,NA,9,13,Boone
36018,1/1/22,3/15/22,16,16,DuPage
36019,11/21/23,NA,10,12,DeKalb
36022,1/15/25,4/23/25,12,12,Adams
36023,1/1/22,NA,9,13,Effingham
36025,9/10/24,NA,2,3,Lake
36026,3/14/23,3/18/25,7,9,Cook
36027,2/10/26,5/8/26,5,5,DuPage
36031,1/1/22,NA,12,16,Cook
36032,1/1/22,10/26/23,4,5,Vermilion
36033,9/25/23,6/6/25,10,11,Monroe
36034,1/1/22,9/9/23,4,5,Clinton
36035,6/29/25,NA,13,14,Lake
36036,1/1/22,NA,10,14,DuPage
36037,7/4/24,NA,10,11,Lake
36038,1/1/22,12/12/23,15,16,Will
36039,10/9/24,NA,3,4,DuPage
36042,2/11/22,11/8/23,0,1,Cook
36043,1/1/22,1/29/24,7,9,Lake
36044,9/1/22,NA,10,13,Kane
36047,2/5/22,4/25/25,11,14,Lake
36048,6/15/22,8/17/22,17,17,Union
36052,1/1/22,1/26/23,5,6,DuPage
36053,4/12/22,NA,6,10,Tazewell
36054,5/16/23,8/20/23,10,10,Will
36058,4/26/26,NA,16,16,Rock Island
36059,1/1/22,5/4/26,0,4,Kendall
36061,1/17/23,NA,9,12,Madison
36062,5/30/22,10/10/25,12,15,LaSalle
36063,1/1/22,NA,4,8,Lake
36064,1/1/22,5/1/23,7,8,Christian
36065,1/1/22,NA,0,4,Cook
36067,6/6/24,6/28/26,2,4,Cook
36068,6/29/22,NA,0,4,Kankakee
36070,1/1/22,8/19/22,3,3,Kane
36071,1/1/22,1/18/22,4,4,Kane
36072,12/19/22,NA,2,5,Lee
36073,1/1/22,NA,1,5,DuPage
36074,5/2/26,NA,5,5,DuPage
36075,1/1/22,NA,11,15,Livingston
36078,1/1/22,2/3/25,2,5,DeKalb
36079,3/14/22,9/6/23,16,17,DeKalb
36081,6/4/24,NA,0,2,Cook
36083,11/30/23,NA,1,3,Monroe
36085,1/1/22,NA,13,17,Winnebago
36088,1/1/22,3/27/22,14,14,Kankakee
36089,7/27/23,NA,14,16,DuPage
36091,9/28/25,NA,6,6,Cook
36093,3/20/25,NA,11,12,Cook
36095,9/30/25,NA,14,14,Lake
36096,4/13/25,NA,15,16,Kankakee
36098,1/1/22,8/21/25,8,11,Cook
36099,6/1/23,7/16/23,9,9,Lake
36100,5/14/22,2/13/25,6,8,Lake
36102,1/1/22,NA,1,5,Cook
36103,1/1/22,NA,5,9,Cook
36104,12/24/23,NA,7,9,Lake
36106,1/1/22,NA,6,10,Kane
36108,1/1/22,NA,8,12,Cook
36109,11/17/25,NA,0,0,Kane
36111,1/1/22,10/20/22,13,13,Cook
36115,6/4/22,NA,10,14,DuPage
36117,4/20/25,10/23/25,12,12,Boone
36119,12/15/24,NA,1,2,Will
36121,2/28/24,NA,15,17,Will
36123,1/1/22,NA,4,8,Cook
36125,12/15/23,NA,0,2,Cook
36128,1/20/23,NA,10,13,McLean
36131,1/1/22,10/19/23,0,1,DuPage
36133,1/4/23,7/17/24,6,7,De Witt
36135,1/1/22,6/26/26,2,6,DeKalb
36136,1/1/22,12/28/25,9,12,Champaign
36137,2/3/23,12/23/25,2,4,Lake
36139,1/1/22,NA,4,8,Union
36140,1/1/22,2/12/23,11,12,Johnson
36142,12/24/23,4/1/24,9,9,Lake
36144,1/1/22,2/20/23,13,14,Lake
36145,1/1/22,NA,13,17,Lake
36146,1/1/22,NA,7,11,Macon
36147,1/1/22,NA,3,7,Coles
36149,8/14/23,NA,5,7,Livingston
36150,5/5/22,5/8/22,16,16,St. Clair
36151,1/1/22,NA,0,4,Cook
36152,1/1/22,12/24/24,5,7,LaSalle
36155,1/1/22,NA,9,13,Adams
36158,1/1/22,11/17/23,6,7,Lake
36160,12/2/22,5/19/26,12,15,Cook
36162,1/1/22,2/6/22,13,13,Will
36166,6/30/24,7/13/24,10,10,Cook
36171,1/1/22,NA,8,12,Kane
36173,1/19/25,NA,1,2,Kane
36174,6/16/23,5/4/26,5,7,Will
36175,12/14/22,1/18/24,7,8,Grundy
36178,10/12/24,NA,7,8,LaSalle
36179,1/1/22,NA,7,11,Cook
36180,3/25/22,8/31/23,13,14,DuPage
36181,1/1/22,10/12/22,7,7,Macoupin
36182,1/1/22,4/14/22,2,2,Cook
36183,1/1/22,6/30/25,5,8,Cook
36185,1/1/22,6/29/25,2,5,Montgomery
36186,3/17/26,NA,6,6,Cook
36187,4/11/26,NA,12,12,Cook
36191,1/1/22,2/4/22,5,5,Ogle
36192,1/1/22,NA,4,8,McHenry
36193,11/3/23,11/11/23,11,11,DuPage
36194,1/1/22,NA,7,11,Cook
36195,1/1/22,NA,2,6,LaSalle
36197,4/21/23,6/29/26,8,11,DuPage
36198,1/1/22,NA,13,17,Boone
36200,10/27/22,10/30/22,16,16,Jasper
36201,3/9/24,NA,1,3,Knox
36203,8/4/25,NA,1,1,Will
36204,1/1/22,NA,11,15,Lake
36207,11/11/23,5/1/26,9,11,Macon
36210,1/12/26,NA,5,5,McLean
36213,3/12/25,NA,8,9,Kendall
36215,4/22/25,NA,0,1,Will
36216,4/28/22,3/5/23,8,8,Cook
36220,1/1/22,2/24/23,2,3,LaSalle
36221,1/1/22,NA,4,8,DeKalb
36222,3/23/22,NA,12,16,Lake
36224,1/1/22,NA,5,9,Cook
36225,1/1/22,3/21/22,17,17,Clark
36227,6/14/24,NA,10,12,Peoria
36230,1/1/22,11/17/22,8,8,Jersey
36231,1/1/22,4/23/23,13,14,Cook
36232,2/17/26,NA,1,1,Coles
36234,2/18/22,10/24/23,0,1,Will
36236,7/20/23,2/11/26,13,15,Woodford
36238,9/1/23,NA,15,17,St. Clair
36241,5/1/26,NA,6,6,Marshall
36243,9/6/25,1/23/26,12,12,Lake
36244,1/1/22,2/27/25,13,16,McHenry
36247,6/9/23,4/17/26,10,12,Lake
36249,4/10/24,NA,15,17,DuPage
36253,11/6/22,NA,7,10,Kendall
36254,1/1/22,NA,4,8,Cook
36260,1/1/22,10/12/25,13,16,Peoria
36261,1/1/22,8/16/22,13,13,Sangamon
36262,1/1/22,5/23/24,10,12,McDonough
36265,3/4/26,3/30/26,14,14,Lake
36268,1/1/22,7/26/22,13,13,Pulaski
36269,5/22/24,NA,11,13,Kane
36270,11/21/24,11/27/24,0,0,Will
36272,7/14/23,NA,8,10,McLean
36275,1/1/22,1/7/22,3,3,Effingham
36277,9/9/23,7/3/25,6,7,Cook
36280,1/1/22,NA,12,16,Sangamon
36281,1/1/22,NA,6,10,Madison
36282,9/18/25,NA,11,11,Will
36285,11/7/23,NA,15,17,Lake
36286,1/1/22,NA,4,8,Will
36289,1/1/22,1/18/24,7,9,Whiteside
36290,3/10/22,NA,1,5,Cook
36292,10/2/24,NA,13,14,Kane
36293,12/28/23,NA,6,8,Boone
36294,10/23/25,NA,15,15,Lake
36295,1/1/22,2/21/22,16,16,Jackson
36298,1/1/22,6/4/24,4,6,Will
36299,8/10/25,NA,16,16,DuPage
36300,1/1/22,2/6/25,6,9,Clinton
36302,11/30/25,12/5/25,4,4,Cook
36309,1/1/22,NA,4,8,DuPage
36311,1/26/25,NA,13,14,Will
36313,1/1/22,4/12/24,15,17,Champaign
36316,12/6/22,NA,12,15,Knox
36317,7/14/24,NA,6,7,DuPage
36318,4/27/23,6/9/26,13,16,Union
36320,12/1/25,NA,13,13,Cumberland
36321,10/16/22,NA,8,11,DuPage
36322,1/1/22,NA,3,7,Coles
36323,1/1/22,4/29/23,2,3,Will
36324,7/22/22,10/6/25,14,17,Lake
36327,9/15/23,NA,3,5,Hancock
36328,10/14/24,NA,4,5,Grundy
36329,1/1/22,10/14/24,10,12,DuPage
36333,1/1/22,2/27/22,17,17,Cook
36334,9/23/23,NA,13,15,Cook
36335,5/4/23,NA,5,8,Rock Island
36338,1/1/22,NA,1,5,McLean
36339,6/21/26,NA,12,12,Cook
36341,2/2/26,NA,4,4,Cumberland
36342,1/1/22,3/1/23,11,12,Cook
36343,1/6/22,NA,13,17,Cook
36344,1/1/22,12/21/25,6,9,Madison
36345,1/1/22,9/19/24,9,11,DuPage
36346,1/1/22,NA,6,10,Clark
36347,5/12/26,NA,13,13,Will
36348,1/1/22,5/18/23,14,15,Grundy
36349,1/1/22,12/13/24,0,2,Will
36351,9/19/25,NA,17,17,McHenry
36352,9/8/23,NA,15,17,DuPage
36354,1/1/22,11/8/23,9,10,DeKalb
36355,1/1/22,4/8/26,9,13,Madison
36356,1/1/22,5/14/24,14,16,Cook
36357,1/1/22,9/21/24,10,12,DuPage
36359,1/1/22,NA,6,10,Champaign
36360,1/1/22,NA,4,8,Lake
36361,1/1/22,6/23/24,3,5,Cook
36367,10/31/22,NA,9,12,Sangamon
36368,1/1/22,NA,13,17,St. Clair
36369,3/19/26,NA,0,0,Kane
36370,1/27/23,NA,10,13,Kane
36371,11/14/25,11/28/25,15,15,Sangamon
36376,1/1/22,11/11/24,7,9,Will
36382,5/14/23,NA,2,5,Cook
36383,1/1/22,4/5/22,0,0,DuPage
36384,6/4/26,NA,14,14,Cook
36386,4/24/24,NA,15,17,Lake
36387,11/19/23,NA,10,12,Lake
36388,1/1/22,2/18/24,14,16,St. Clair
36390,1/26/22,NA,11,15,Cook
36392,7/14/25,8/17/25,17,17,Cook
36393,1/1/22,1/30/22,6,6,Kane
36394,1/1/22,8/18/24,8,10,Lake
36395,1/1/22,NA,5,9,Vermilion
36396,8/24/22,12/10/22,5,5,LaSalle
36398,1/1/22,NA,11,15,Lake
36399,4/25/22,1/18/24,11,12,Cook
36400,1/1/22,2/5/22,10,10,Cook
36401,12/16/23,2/18/24,12,12,Cook
36403,1/1/22,NA,13,17,Lake
36404,1/1/22,NA,2,6,Kane
36408,1/1/22,3/26/23,3,4,Cook
36410,3/23/22,6/23/24,3,5,Cook
36411,1/1/22,NA,0,4,Lake
36414,1/1/22,8/7/22,7,7,DuPage
36415,1/1/22,11/24/22,7,7,Cook
36416,1/1/22,1/15/24,8,10,Will
36417,1/1/22,5/8/24,1,3,Cook
36418,1/1/22,NA,11,15,Kane
36420,1/1/22,3/24/22,17,17,DeKalb
36423,11/4/23,2/7/24,1,1,Cook
36426,1/1/22,NA,6,10,Kane
36428,11/9/25,NA,14,14,Will
36429,9/7/22,NA,11,14,Cook
36430,1/1/22,10/25/24,2,4,Will
36431,1/1/22,5/1/23,4,5,Cook
36432,1/1/22,11/4/23,11,12,Lake
36435,1/1/22,NA,13,17,Cook
36436,11/28/25,NA,14,14,Randolph
36437,1/1/22,12/21/22,5,5,DuPage
36440,1/1/22,NA,6,10,Lake
36441,1/1/22,10/8/23,2,3,Clinton
36442,4/26/22,NA,13,17,Will
36443,2/22/23,1/11/25,7,8,McLean
36446,10/19/23,NA,13,15,Tazewell
36448,1/1/22,3/27/22,3,3,Cook
36449,1/1/22,1/28/23,5,6,Madison
36450,1/1/22,NA,3,7,Boone
36451,3/23/26,NA,6,6,Clark
36455,1/1/22,NA,2,6,Cook
36456,2/24/24,NA,15,17,Lake
36460,1/1/22,11/11/25,10,13,Bond
36462,12/19/23,6/23/26,7,9,Cook
36463,1/1/22,1/7/22,5,5,Lake
36464,1/1/22,NA,12,16,Cook
36466,1/1/22,4/19/23,1,2,Morgan
36467,2/28/23,NA,6,9,McLean
36468,1/1/22,7/8/24,11,13,Cook
36470,1/1/22,4/15/24,12,14,Hancock
36472,1/1/22,3/17/22,5,5,Will
36474,1/1/22,NA,11,15,Cook
36480,1/1/22,5/5/24,14,16,DuPage
36483,1/1/22,11/28/24,13,15,Lake
36484,1/1/22,NA,13,17,McLean
36485,1/1/22,3/20/23,13,14,Lake
36486,6/15/22,6/23/22,3,3,Cook
36488,1/1/22,NA,7,11,Monroe
36490,8/31/25,NA,0,0,Cook
36491,1/1/22,NA,13,17,Cook
36494,1/1/22,NA,3,7,Cook
36495,1/1/22,6/25/25,9,12,Lawrence
36496,1/1/22,11/16/23,10,11,Warren
36497,1/1/22,6/24/23,3,4,Cook
36498,1/1/22,NA,12,16,Kane
36499,1/1/22,6/25/24,11,13,DuPage
36500,1/1/22,3/7/25,5,8,Jackson
36501,1/1/22,2/21/25,6,9,DuPage
36505,7/14/24,2/16/25,0,0,Cook
36507,1/1/22,NA,7,11,Adams
36508,1/1/22,3/13/22,9,9,Will
36509,1/1/22,9/26/24,10,12,Lake
36510,8/18/22,NA,2,5,Will
36511,1/1/22,6/27/22,5,5,Cook
36513,7/30/25,NA,0,0,Lake
36514,7/4/23,NA,11,13,Macoupin
36516,2/15/23,NA,13,16,Lake
36518,12/11/25,NA,5,5,Will
36519,1/1/22,12/17/25,5,8,McHenry
36523,1/1/22,12/8/23,0,1,Champaign
36524,11/6/24,NA,9,10,Cook
36528,6/21/26,NA,7,7,Bureau
36529,1/1/22,3/30/22,9,9,LaSalle
36530,5/9/26,NA,16,16,Lake
36531,1/1/22,NA,1,5,Piatt
36536,4/28/26,NA,11,11,Cook
36537,7/26/23,8/3/23,6,6,Will
36539,12/20/25,NA,16,16,Cook
36541,1/3/25,1/20/26,12,13,St. Clair
36542,1/1/22,NA,2,6,Lake
36543,1/1/22,NA,8,12,Kane
36544,1/1/22,NA,13,17,Cook
36545,1/1/22,10/8/23,13,14,Will
36552,1/1/22,10/23/22,15,15,McLean
36554,5/22/24,NA,0,2,Madison
36555,1/1/22,NA,7,11,Cook
36556,11/13/22,NA,11,14,Will
36557,1/1/22,NA,12,16,Cook
36558,1/1/22,NA,12,16,Cook
36563,2/12/26,3/22/26,0,0,Henry
36567,5/30/22,NA,11,15,Will
36568,6/27/23,12/30/25,4,6,Will
36570,8/30/22,12/15/24,8,10,Monroe
36571,6/29/22,10/31/22,7,7,Iroquois
36575,1/1/22,10/29/25,11,14,Kendall
36580,1/1/22,5/22/22,11,11,Will
36581,1/1/22,3/13/26,5,9,Winnebago
36584,1/1/22,2/27/22,6,6,Cook
36585,1/1/22,NA,6,10,Will
36589,1/1/22,5/28/25,11,14,Will
36592,7/29/23,NA,15,17,Kendall
36593,1/1/22,7/27/25,6,9,Kendall
36594,1/1/22,8/16/24,11,13,Cook
36595,9/2/24,NA,15,16,Kane
36599,1/1/22,9/17/22,8,8,Will
36600,3/5/26,NA,5,5,McHenry
36601,5/13/24,NA,6,8,Cook
36603,7/5/22,4/24/23,13,13,Cook
36606,6/22/23,NA,5,8,DuPage
36607,1/1/22,7/1/23,10,11,Cook
36609,1/1/22,3/13/22,5,5,Cook
36610,1/1/22,10/22/24,5,7,Will
36611,3/28/22,NA,13,17,Marion
36612,1/1/22,NA,13,17,Cook
36613,5/20/25,5/27/25,12,12,DuPage
36615,1/21/25,2/5/25,13,13,Madison
36616,12/20/24,NA,16,17,DuPage
36617,1/1/22,9/21/23,14,15,Will
36619,7/25/25,NA,3,3,Woodford
36620,12/14/22,2/11/26,7,10,Lake
36621,12/25/23,12/17/25,16,17,Macon
36622,5/20/24,4/28/25,16,16,Will
36624,1/1/22,8/12/23,3,4,Lake
36625,1/1/22,6/11/26,12,16,Cook
36627,5/24/25,NA,8,9,Cook
36629,1/1/22,11/26/22,11,11,Jackson
36630,1/1/22,NA,5,9,Macon
36631,2/28/25,NA,12,13,Will
36632,1/1/22,8/13/22,14,14,DuPage
36633,10/21/22,NA,13,16,Lake
36634,1/1/22,2/27/23,3,4,DuPage
36636,1/1/22,11/21/22,8,8,Whiteside
36637,1/1/22,4/10/23,15,16,DuPage
36638,7/21/23,NA,11,13,Kane
36641,1/1/22,2/27/25,1,4,Cook
36642,1/1/22,1/9/22,14,14,Montgomery
36643,8/18/23,6/22/25,2,3,Cook
36645,1/1/22,1/14/24,8,10,Cook
36646,1/1/22,10/12/22,0,0,Cook
36648,3/22/25,NA,0,1,Cook
36650,5/29/22,9/7/22,6,6,Ogle
36651,7/16/25,2/11/26,8,8,Madison
36653,1/1/22,9/9/23,1,2,Cook
36654,1/1/22,8/23/25,14,17,DuPage
36655,1/1/22,12/5/25,0,3,Lake
36658,1/1/22,10/28/23,13,14,Rock Island
36659,2/4/25,NA,7,8,St. Clair
36660,1/1/22,10/8/22,14,14,Winnebago
36661,1/1/22,7/10/22,6,6,Madison
36663,1/1/22,NA,11,15,DuPage
36666,10/9/25,NA,13,13,Cook
36669,6/14/22,NA,2,6,Warren
36671,12/19/22,7/25/25,13,15,Randolph
36672,1/1/22,NA,11,15,Macon
36673,1/1/22,7/19/24,6,8,Kane
36674,7/1/25,3/25/26,6,6,Cook
36675,1/23/24,NA,7,9,Whiteside
36676,2/25/25,NA,0,1,Cook
36681,1/1/22,3/21/22,11,11,Cook
36682,1/1/22,6/28/24,9,11,McHenry
36683,10/25/22,NA,11,14,DuPage
36685,11/6/24,12/19/24,14,14,Cook
36686,2/14/25,NA,1,2,Lake
36690,1/26/24,NA,6,8,Lake
36694,8/12/25,NA,0,0,Rock Island
36696,5/5/24,NA,1,3,DuPage
36698,11/2/22,NA,1,4,Cook
36699,7/28/25,NA,10,10,Lake
36700,1/1/22,1/23/22,11,11,DuPage
36702,1/1/22,4/24/24,1,3,Henderson
36705,1/1/22,NA,10,14,Rock Island
36706,1/1/22,2/4/26,13,17,DuPage
36707,1/1/22,NA,12,16,Ogle
36708,1/1/22,7/23/23,13,14,Tazewell
36709,5/22/25,6/2/25,3,3,Cook
36711,12/18/23,NA,7,9,Cook
36713,1/1/22,2/1/23,10,11,Bureau
36714,1/1/22,NA,11,15,Cook
36718,1/1/22,4/1/24,3,5,Lake
36722,4/19/26,4/25/26,14,14,Monroe
36723,1/1/22,4/17/25,7,10,Lake
36724,8/1/24,NA,1,2,Will
36725,3/25/23,12/21/24,15,16,Sangamon
36726,1/1/22,NA,12,16,Lake
36728,12/6/23,NA,14,16,Tazewell
36730,2/4/25,NA,13,14,DuPage
36732,1/1/22,3/27/23,6,7,Cook
36733,8/12/22,1/14/23,10,10,DuPage
36735,3/12/22,3/31/24,13,15,DeKalb
36736,5/4/22,10/19/23,10,11,Cook
36737,1/1/22,NA,11,15,Cook
36739,1/1/22,8/5/22,10,10,DuPage
36740,1/1/22,7/7/22,3,3,DeKalb
36741,2/22/22,10/9/22,2,2,Madison
36743,1/1/22,NA,4,8,DuPage
36744,1/1/22,7/7/22,3,3,Cook
36747,3/11/26,NA,11,11,Cook
36749,6/24/23,9/2/24,12,13,Monroe
36750,1/1/22,8/5/24,1,3,Grundy
36754,1/1/22,11/14/23,3,4,DuPage
36755,11/29/24,1/19/25,8,8,Madison
36757,11/20/22,NA,1,4,Cook
36758,1/1/22,NA,12,16,Cook
36759,10/16/25,11/18/25,6,6,Will
36760,1/1/22,NA,12,16,DeKalb
36763,6/5/22,4/15/25,14,16,St. Clair
36764,11/2/23,8/29/24,1,1,Lake
36765,8/10/25,NA,4,4,DeKalb
36768,2/16/22,NA,9,13,Kendall
36769,1/1/22,5/5/23,10,11,Cook
36770,1/1/22,NA,1,5,Madison
36771,1/1/22,NA,13,17,DuPage
36772,10/21/23,1/10/24,11,11,Cook
36775,3/30/26,NA,3,3,Clinton
36776,2/7/25,NA,10,11,Will
36777,1/1/22,7/13/25,10,13,DeKalb
36778,11/21/23,6/17/25,14,15,Will
36779,12/30/24,NA,2,3,Peoria
36780,2/6/24,NA,11,13,DuPage
36781,5/5/26,NA,16,16,DuPage
36782,1/1/22,NA,5,9,Cook
36783,1/1/22,4/11/22,2,2,Cook
36785,1/1/22,7/9/24,5,7,DuPage
36786,8/11/25,1/6/26,12,12,Kane
36788,7/25/25,NA,4,4,St. Clair
36790,1/1/22,NA,5,9,St. Clair
36791,1/1/22,7/15/23,7,8,Adams
36792,1/1/22,4/4/24,5,7,Lake
36793,1/1/22,11/16/25,1,4,Henry
36794,1/1/22,10/8/23,1,2,Lake
36796,8/11/22,12/24/24,6,8,Peoria
36798,1/1/22,6/27/26,0,4,Williamson
36799,10/1/22,3/28/26,4,7,Lake
36800,3/26/23,6/10/26,9,12,Kankakee
36802,1/1/22,4/8/22,10,10,Lake
36803,1/1/22,1/14/25,10,13,Lake
36805,1/1/22,4/10/24,6,8,DuPage
36806,1/1/22,7/31/22,9,9,DuPage
36808,7/23/22,NA,3,6,Williamson
36809,1/1/22,5/17/22,16,16,LaSalle
36811,1/1/22,10/18/24,9,11,DuPage
36815,3/13/25,3/15/25,6,6,Will
36820,1/1/22,NA,3,7,Kane
36821,11/14/25,NA,12,12,Lake
36822,1/28/22,6/22/22,9,9,Williamson
36823,1/1/22,NA,11,15,Rock Island
36826,5/16/22,2/14/26,7,10,McLean
36827,9/17/24,11/10/24,7,7,Will
36829,6/21/23,8/21/23,1,1,Kane
36832,1/1/22,NA,0,4,Piatt
36835,3/17/25,NA,9,10,DuPage
36837,10/21/23,NA,8,10,Cook
36838,1/1/22,NA,12,16,Cook
36840,7/27/24,3/17/25,0,0,Cook
36841,1/1/22,NA,11,15,Lake
36842,1/6/23,3/20/24,3,4,Cook
36843,7/19/25,NA,7,7,Cook
36844,1/1/22,NA,9,13,Richland
36845,3/25/23,5/3/23,13,13,Kane
36847,12/4/25,NA,14,14,DuPage
36850,3/2/26,NA,7,7,Will
36852,3/3/25,4/22/25,10,10,McHenry
36855,8/6/23,NA,10,12,Lake
36856,4/7/25,NA,7,8,Cook
36858,1/1/22,NA,9,13,Champaign
36859,1/1/22,NA,9,13,DuPage
36862,9/26/23,7/1/24,12,12,Randolph
36867,1/1/22,8/14/22,14,14,Kane
36869,1/1/22,1/17/26,9,13,Will
36870,6/4/25,9/24/25,12,12,LaSalle
36871,4/5/25,6/29/26,4,5,Kendall
36873,1/1/22,7/20/25,7,10,McDonough
36875,11/7/23,12/24/23,8,8,Cook
36876,6/8/26,NA,11,11,DuPage
36877,11/7/25,NA,5,5,Will
36879,1/1/22,11/20/22,3,3,Kane
36881,1/1/22,7/7/22,12,12,Will
36882,1/1/22,4/25/22,1,1,Tazewell
36883,1/1/22,6/21/26,0,4,Madison
36885,7/10/25,NA,9,9,Cook
36890,1/1/22,NA,11,15,McLean
36891,3/21/22,NA,10,14,Lake
36896,8/31/25,11/25/25,11,11,Kane
36897,1/1/22,3/9/26,8,12,Will
36898,1/1/22,4/17/22,7,7,Winnebago
36900,1/1/22,8/15/23,9,10,Wabash
36901,1/1/22,5/24/24,8,10,Cook
36905,3/3/24,NA,15,17,Lake
36906,2/19/26,NA,2,2,Kane
36908,1/1/22,NA,12,16,Kane
36909,3/4/23,5/18/23,14,14,Cook
36910,8/13/23,NA,8,10,LaSalle
36911,1/1/22,4/9/22,0,0,Vermilion
36913,1/1/22,NA,10,14,Cook
36916,1/1/22,2/2/22,15,15,Sangamon
36917,7/27/25,10/31/25,16,16,Winnebago
36918,4/29/24,NA,7,9,Will
36920,1/1/22,7/16/23,12,13,Will
36922,1/1/22,8/24/24,4,6,Bond
36924,1/1/22,7/21/23,3,4,Cook
36925,1/1/22,4/25/26,1,5,DuPage
36926,9/28/25,NA,5,5,Lake
36927,1/1/22,3/18/22,14,14,Marion
36928,1/8/22,6/19/26,13,17,LaSalle
36932,2/18/23,3/9/26,12,15,Peoria
36933,12/15/23,1/15/25,3,4,St. Clair
36934,7/22/24,NA,4,5,Cass
36935,3/6/22,12/3/24,15,17,DeKalb
36936,1/1/22,4/3/22,10,10,Marion
36939,7/13/24,NA,14,15,DuPage
36941,1/1/22,NA,13,17,Kankakee
36946,1/1/22,NA,10,14,Cook
36947,1/1/22,5/5/25,8,11,Champaign
36949,2/20/22,4/28/25,10,13,Kankakee
36950,4/28/25,NA,0,1,Kendall
36952,1/1/22,2/3/23,7,8,Cook
36953,1/1/22,8/28/25,6,9,DeKalb
36954,12/2/22,NA,3,6,Cook
36955,7/1/23,6/5/26,15,17,Kankakee
36956,6/30/22,NA,9,13,DuPage
36957,11/28/24,1/6/26,15,16,Clinton
36958,2/25/23,3/29/25,13,15,Clark
36959,12/4/22,6/11/25,11,13,Lake
36963,1/1/22,NA,13,17,Ogle
36964,7/21/23,NA,2,4,Warren
36966,9/18/23,NA,12,14,Lake
36967,1/1/22,4/19/22,7,7,Will
36968,1/1/22,NA,6,10,Johnson
36969,1/1/22,4/5/22,12,12,Cook
36971,1/1/22,4/1/26,9,13,Cook
36972,1/1/22,NA,11,15,Marion
36973,4/19/22,NA,6,10,Lake
36975,1/1/22,NA,10,14,Cook
36978,12/9/22,NA,0,3,Cook
36979,1/1/22,11/26/24,1,3,Will
36980,1/1/22,NA,2,6,Cook
36981,12/27/24,NA,14,15,Cook
36982,5/3/22,NA,2,6,Will
36984,1/1/22,3/20/24,5,7,Livingston
36987,1/1/22,2/1/22,5,5,DuPage
36990,1/1/22,NA,9,13,Sangamon
36992,7/27/24,NA,8,9,Will
36993,1/1/22,3/22/26,6,10,DuPage
36995,3/16/23,4/2/23,6,6,Cook
36996,6/9/26,NA,9,9,Stephenson
36998,3/4/24,5/12/26,13,15,Winnebago
36999,1/1/22,7/27/23,16,17,Kane
37002,4/23/26,NA,17,17,Kane
37003,5/31/25,5/28/26,6,6,Peoria
37004,1/1/22,12/31/22,13,13,McLean
37006,1/1/22,NA,6,10,Vermilion
37007,5/12/26,NA,2,2,Lake
37008,4/3/22,11/15/24,4,6,DuPage
37014,6/2/24,NA,9,11,Kankakee
37016,1/1/22,NA,2,6,McHenry
37017,4/29/22,NA,5,9,Macon
37018,11/13/22,10/22/23,12,12,Cook
37019,1/1/22,11/14/23,14,15,LaSalle
37020,12/6/25,NA,5,5,Lake
37021,1/1/22,NA,8,12,Lake
37023,1/1/22,1/5/22,7,7,DeKalb
37026,1/1/22,12/21/24,5,7,Will
37027,1/1/22,7/15/24,6,8,Whiteside
37029,6/3/24,NA,13,15,Cook
37032,1/1/22,12/12/22,8,8,Champaign
37034,11/16/24,NA,2,3,Will
37035,1/1/22,2/12/23,10,11,Kane
37036,1/1/22,11/12/23,14,15,Marion
37037,6/29/25,NA,16,17,Kankakee
37040,1/1/22,NA,10,14,Kane
37042,1/2/23,NA,0,3,Cook
37043,5/25/22,NA,5,9,Rock Island
37044,1/1/22,6/9/24,7,9,DuPage
37045,1/1/22,1/4/23,15,16,Will
37046,10/16/22,1/28/26,1,4,Cook
37047,8/2/23,NA,4,6,Lake
37048,1/1/22,4/23/23,12,13,McLean
37049,1/1/22,8/15/23,7,8,Kane
37050,5/4/22,NA,4,8,Will
37051,11/23/22,NA,11,14,Will
37055,1/15/25,NA,4,5,Winnebago
37056,1/1/22,NA,6,10,Cook
37057,9/27/23,NA,10,12,Winnebago
37060,2/4/26,NA,1,1,Will
37062,1/1/22,4/9/22,12,12,Coles
37064,1/1/22,10/5/22,9,9,Cook
37065,8/31/24,NA,15,16,Union
37066,1/1/22,7/16/25,11,14,Cook
37068,1/1/22,NA,2,6,Cook
37073,1/1/22,4/26/25,1,4,Knox
37080,9/3/25,NA,10,10,Winnebago
37082,5/19/26,NA,1,1,Fulton
37083,4/15/23,NA,13,16,DuPage
37086,4/18/23,NA,4,7,Saline
37088,4/11/22,12/21/22,11,11,Bureau
37091,3/1/24,NA,11,13,Cook
37092,2/6/22,NA,11,15,Peoria
37093,12/24/23,NA,7,9,McHenry
37094,1/1/22,6/29/22,1,1,Clinton
37098,1/1/22,NA,8,12,Lake
37101,1/1/22,NA,11,15,Cook
37103,1/1/22,4/9/22,4,4,Will
37105,6/30/23,2/12/24,15,15,Will
37110,7/1/23,7/28/25,8,10,Lake
37111,12/10/23,NA,9,11,Fayette
37112,4/4/22,7/11/25,0,3,Knox
37113,1/1/22,7/10/22,14,14,Cook
37114,1/1/22,NA,2,6,Champaign
37116,1/7/25,3/17/25,3,3,Cook
37117,3/10/22,NA,7,11,DuPage
37119,1/1/22,3/7/26,5,9,Lake
37120,1/1/22,NA,10,14,Shelby
37121,3/1/25,NA,7,8,DuPage
37122,1/1/22,12/12/25,0,3,Cook
37123,1/1/22,10/14/25,9,12,Macon
37127,1/1/22,9/29/24,6,8,Cook
37128,1/1/22,11/24/23,9,10,DuPage
37129,4/18/25,NA,1,2,Cook
37130,6/21/24,12/17/25,6,7,Lake
37133,1/1/22,4/10/22,11,11,McHenry
37134,1/1/22,NA,3,7,Cook
37135,3/14/26,NA,4,4,DuPage
37136,6/28/22,NA,9,13,McLean
37138,2/6/24,10/24/25,13,14,DuPage
37139,1/22/23,3/21/23,16,16,Sangamon
37143,1/12/22,NA,10,14,Cook
37145,11/16/25,1/5/26,12,12,Cook
37146,6/25/22,NA,5,9,Cook
37150,12/11/22,5/24/23,2,2,Randolph
37153,1/1/22,2/5/24,12,14,Will
37159,1/1/22,3/26/25,6,9,Cook
37160,1/1/22,NA,5,9,Cook
37161,3/16/24,NA,11,13,Madison
37162,10/1/24,11/3/24,11,11,Cook
37163,10/28/23,5/3/24,1,1,Kane
37165,3/23/26,NA,11,11,Cook
37166,11/10/23,12/10/25,9,11,Cook
37167,11/15/24,NA,0,1,Madison
37168,3/5/24,NA,11,13,DuPage
37173,3/2/22,NA,1,5,Peoria
37174,1/1/22,NA,13,17,Williamson
37175,1/1/22,2/18/25,9,12,Cook
37176,8/17/22,3/23/23,3,3,Will
37178,1/1/22,NA,1,5,Champaign
37179,12/27/23,2/19/26,11,13,Lake
37180,1/31/22,4/5/22,15,15,Cook
37181,1/1/22,12/29/25,6,9,Williamson
37184,1/1/22,5/24/23,15,16,Williamson
37186,1/1/22,2/12/26,11,15,McLean
37187,10/8/25,NA,17,17,Lake
37190,11/29/23,1/16/24,7,7,Lake
37191,4/22/24,12/5/24,13,13,Kankakee
37193,10/1/24,5/25/25,12,12,Kane
37195,10/25/25,NA,0,0,Rock Island
37196,1/1/22,2/28/26,10,14,Cook
37198,7/28/25,NA,9,9,Kane
37199,1/1/22,NA,3,7,Kane
37200,3/20/24,NA,2,4,Cook
37201,1/1/22,5/20/24,10,12,Cass
37203,8/11/24,3/8/25,12,12,Jersey
37204,1/1/22,5/16/25,14,17,Lake
37205,5/11/25,NA,15,16,Henry
37206,6/19/22,10/24/25,6,9,DuPage
37207,1/1/22,NA,13,17,Tazewell
37208,8/25/25,NA,10,10,Christian
37209,6/4/23,NA,4,7,Madison
37210,1/1/22,9/27/24,7,9,Macon
37211,1/1/22,NA,5,9,Cook
37212,1/1/22,2/9/22,12,12,Bureau
37213,8/23/22,11/26/24,11,13,Cook
37216,1/1/22,5/9/23,9,10,Champaign
37218,1/1/22,2/14/25,12,15,Cook
37223,1/29/22,NA,3,7,Winnebago
37224,3/18/24,NA,5,7,McLean
37225,8/16/24,NA,9,10,Sangamon
37228,6/18/23,NA,2,5,Lake
37231,10/25/23,NA,4,6,Cook
37233,1/25/23,NA,4,7,Cook
37235,1/9/23,2/3/25,9,11,McHenry
37236,2/7/23,NA,1,4,Cook
37237,1/1/22,1/8/22,0,0,Madison
37239,2/17/24,NA,11,13,Grundy
37242,1/1/22,NA,12,16,Mercer
37249,1/1/22,NA,9,13,Cook
37251,1/1/22,7/26/25,2,5,DeKalb
37252,1/1/22,9/19/22,14,14,Cook
37254,9/30/22,3/11/24,13,14,Shelby
37257,1/1/22,5/14/25,5,8,Cook
37260,6/3/26,NA,4,4,Will
37261,7/25/22,NA,11,14,Will
37262,5/15/23,NA,7,10,Cook
37264,1/1/22,5/30/25,12,15,Cook
37265,1/29/26,NA,8,8,Cook
37266,1/1/22,10/29/23,5,6,Adams
37267,1/1/22,12/23/22,8,8,Cook
37269,1/1/22,4/10/24,3,5,White
37273,4/2/24,2/28/26,12,13,Cook
37276,1/1/22,1/2/26,11,15,McLean
37279,4/13/23,10/17/25,13,15,DuPage
37280,12/11/22,12/23/22,8,8,Will
37281,1/1/22,6/26/26,9,13,DuPage
37283,4/26/23,5/21/23,5,5,Wabash
37286,1/16/23,9/10/24,11,12,Bureau
37289,1/1/22,NA,11,15,Lake
37290,5/4/26,NA,0,0,Cook
37292,1/1/22,6/22/26,11,15,Cook
37293,1/1/22,3/9/23,0,1,Kane
37295,1/1/22,2/2/22,9,9,Kane
37298,1/1/22,NA,0,4,DuPage
37301,1/1/22,1/28/26,2,6,DeKalb
37303,1/1/22,9/1/24,2,4,Sangamon
37304,6/21/26,NA,8,8,DeKalb
37306,5/19/23,5/28/23,3,3,LaSalle
37307,1/1/22,5/9/23,4,5,Will
37308,12/28/25,NA,2,2,Cook
37309,1/1/22,4/16/22,15,15,Peoria
37313,1/1/22,1/9/24,10,12,Lake
37314,1/1/22,3/20/24,14,16,Cook
37316,11/15/23,NA,15,17,Lake
37317,1/1/22,4/20/23,7,8,Rock Island
37318,1/1/22,3/2/26,3,7,Cook
37319,1/1/22,1/15/23,15,16,DuPage
37320,1/1/22,5/28/24,9,11,Kane
37322,2/19/25,NA,14,15,Sangamon
37323,9/29/22,NA,3,6,DuPage
37325,10/3/25,NA,17,17,Will
37328,1/1/22,NA,8,12,DuPage
37329,4/9/23,7/18/25,8,10,Cook
37331,1/18/23,NA,1,4,Cook
37335,1/1/22,1/25/25,8,11,Will
37337,1/1/22,11/2/24,9,11,Will
37339,10/29/23,NA,12,14,Cook
37340,12/6/25,NA,17,17,Will
37341,1/1/22,8/28/23,10,11,Will
37343,1/1/22,6/16/22,2,2,DuPage
37347,4/20/26,NA,13,13,DuPage
37348,3/28/22,8/16/22,17,17,Fayette
37351,4/29/24,NA,12,14,DuPage
37352,4/2/23,NA,5,8,Cook
37353,1/1/22,5/4/24,7,9,DuPage
37361,10/10/23,NA,11,13,Lake
37363,7/20/23,NA,7,9,Clinton
37364,7/6/24,NA,0,1,Cook
37366,1/1/22,NA,11,15,Cook
37367,1/1/22,7/16/23,13,14,DeKalb
37368,1/1/22,NA,9,13,DuPage
37369,1/1/22,4/17/24,0,2,Knox
37370,3/3/26,NA,6,6,Cook
37373,1/31/26,NA,12,12,Cook
37375,1/1/22,3/14/22,3,3,DuPage
37376,1/1/22,NA,12,16,DuPage
37377,1/1/22,NA,10,14,Cook
37378,12/21/22,7/19/24,13,14,Cook
37379,1/18/23,2/26/26,13,16,Cook
37381,1/1/22,NA,2,6,Washington
37383,1/1/22,NA,9,13,DuPage
37384,7/31/23,NA,13,15,Kane
37386,1/1/22,4/17/24,3,5,Cook
37388,1/1/22,2/11/25,2,5,Winnebago
37390,11/30/24,NA,1,2,Sangamon
37391,1/1/22,5/30/26,2,6,Will
37394,11/12/25,NA,11,11,DuPage
37395,1/1/22,1/31/24,4,6,Cook
37396,1/1/22,3/9/25,14,17,Cook
37397,1/1/22,7/2/22,9,9,Cook
37400,1/1/22,4/2/26,12,16,Will
37401,1/1/22,5/10/23,16,17,Tazewell
37403,1/1/22,4/26/22,9,9,Kane
37404,1/1/22,8/9/22,2,2,McLean
37405,1/1/22,6/25/25,0,3,Lake
37406,1/30/23,7/7/25,4,6,Cook
37408,5/28/23,NA,14,17,DuPage
37413,2/8/25,8/29/25,6,6,Cook
37414,9/17/22,10/10/24,2,4,Macon
37417,1/1/22,2/16/25,13,16,Sangamon
37419,1/1/22,NA,7,11,Cook
37420,1/1/22,3/5/26,5,9,Cook
37422,1/1/22,10/17/23,10,11,Fulton
37425,7/26/25,NA,14,14,Lake
37426,6/6/25,NA,11,12,Kane
37427,6/18/26,NA,11,11,LaSalle
37438,1/7/25,NA,16,17,Will
37440,6/26/26,NA,8,8,Cook
37441,1/1/22,NA,5,9,Cook
37442,4/8/25,6/15/25,5,5,Cook
37443,11/8/24,NA,10,11,Macon
37444,1/1/22,12/16/25,2,5,Clark
37445,7/30/24,NA,2,3,Cook
37449,1/1/22,NA,11,15,DuPage
37450,7/18/22,2/17/23,7,7,DuPage
37461,11/15/23,NA,2,4,Piatt
37462,1/25/23,5/15/26,5,8,McHenry
37463,1/1/22,3/29/23,12,13,DuPage
37464,10/12/24,12/6/24,11,11,Cook
37467,1/1/22,1/4/22,11,11,Winnebago
37471,1/1/22,NA,1,5,DuPage
37472,1/1/22,5/20/22,8,8,St. Clair
37473,6/10/22,NA,0,4,Macoupin
37474,9/7/24,12/2/25,6,7,Cook
37477,1/1/22,12/19/25,6,9,Bureau
37479,11/29/23,2/6/25,14,15,Cook
37480,12/23/25,NA,5,5,Cook
37482,1/1/22,9/17/23,6,7,Mercer
37483,10/11/22,6/12/24,14,15,Christian
37484,1/1/22,10/1/22,8,8,Will
37486,2/20/22,NA,12,16,DuPage
37488,1/1/22,9/28/25,5,8,Grundy
37490,1/20/26,NA,5,5,Montgomery
37491,4/20/23,4/14/24,1,1,Cook
37492,1/1/22,10/22/23,9,10,DuPage
37495,1/1/22,4/19/26,12,16,Williamson
37496,12/9/25,NA,10,10,Cook
37498,1/27/25,5/6/25,9,9,Lake
37499,1/1/22,NA,12,16,Mason
37501,1/1/22,NA,8,12,Lake
37502,5/9/25,NA,3,4,DuPage
37503,12/12/23,NA,11,13,DuPage
37508,1/1/22,12/5/23,5,6,Kane
37511,9/23/24,5/14/25,1,1,Will
37512,10/6/25,NA,12,12,Whiteside
37514,3/1/23,NA,6,9,Kane
37515,12/31/22,2/11/23,0,0,St. Clair
37516,1/1/22,NA,1,5,Cook
37518,1/1/22,12/11/25,13,16,Lake
37520,5/17/22,12/20/24,1,3,Cook
37523,1/1/22,3/27/24,4,6,Cook
37524,1/1/22,3/14/25,0,3,Madison
37527,1/1/22,8/13/25,14,17,Cook
37533,9/9/25,NA,10,10,Will
37534,6/3/22,NA,11,15,Sangamon
37535,1/1/22,3/20/24,11,13,Kane
37536,4/18/24,10/19/24,4,4,Lake
37539,10/19/25,3/6/26,5,5,Lake
37541,5/28/23,NA,3,6,Lake
37542,1/1/22,6/11/22,0,0,Monroe
37543,1/1/22,2/8/22,16,16,Kane
37545,6/23/26,NA,14,14,Will
37546,7/20/23,NA,5,7,St. Clair
37548,1/1/22,11/7/23,16,17,Will
37549,7/31/23,5/15/26,12,14,Adams
37550,1/1/22,3/5/23,0,1,Sangamon
37552,1/1/22,NA,5,9,Lake
37553,6/28/22,10/9/25,3,6,Marshall
37554,1/1/22,7/7/24,14,16,DuPage
37555,4/23/23,6/17/26,11,14,Kendall
37558,7/8/23,3/28/26,2,4,Kane
37559,7/28/23,NA,14,16,Coles
37563,3/8/22,12/21/24,8,10,DuPage
37569,5/26/25,7/9/25,4,4,Cook
37572,10/26/23,10/28/23,5,5,Williamson
37573,1/1/22,8/11/25,9,12,Will
37574,8/28/23,10/16/23,7,7,Peoria
37575,5/7/26,NA,9,9,DuPage
37576,1/1/22,10/13/24,0,2,DuPage
37578,1/24/23,NA,6,9,Tazewell
37579,1/1/22,9/17/23,0,1,Douglas
37581,1/1/22,NA,5,9,Kane
37582,2/6/26,NA,6,6,Macon
37583,1/1/22,1/19/23,14,15,Rock Island
37585,1/1/22,NA,7,11,Will
37589,2/27/26,NA,5,5,Putnam
37590,1/1/22,10/11/24,6,8,Will
37592,1/1/22,NA,7,11,DuPage
37594,5/7/25,NA,11,12,Cook
37595,1/1/22,1/14/26,5,9,Kendall
37600,1/1/22,4/11/22,2,2,DuPage
37601,7/17/25,3/26/26,3,3,Cook
37602,1/1/22,3/18/22,4,4,DuPage
37603,1/1/22,NA,6,10,Cook
37604,10/5/23,NA,2,4,Sangamon
37605,1/1/22,NA,7,11,Knox
37606,4/30/25,NA,14,15,Will
37607,1/1/22,2/7/23,13,14,Will
37609,1/1/22,NA,1,5,Cook
37610,1/1/22,8/18/23,15,16,McLean
37611,5/18/23,2/1/24,9,9,Cook
37614,5/14/24,NA,12,14,Cook
37616,1/23/25,NA,5,6,Will
37617,6/14/24,NA,3,5,Lake
37623,1/1/22,8/24/24,13,15,Cook
37625,12/24/23,4/4/24,1,1,Cook
37626,10/2/23,12/1/23,16,16,DuPage
37628,1/1/22,3/4/22,17,17,Champaign
37630,7/6/22,10/12/22,6,6,Cook
37633,8/6/23,NA,6,8,Cook
37635,12/21/25,NA,0,0,McHenry
37636,1/1/22,NA,9,13,Lake
37638,3/28/24,NA,11,13,Carroll
37639,3/1/22,NA,12,16,DuPage
37641,1/1/22,10/2/22,16,16,Kane
37643,1/1/22,3/16/26,9,13,Kane
37644,1/1/22,2/23/24,13,15,DuPage
37646,1/1/22,10/29/22,7,7,DuPage
37647,10/28/22,3/24/23,6,6,Cook
37648,1/1/22,6/16/25,5,8,Cook
37650,4/2/22,NA,2,6,Cook
37652,1/1/22,NA,2,6,McHenry
37656,3/17/22,NA,1,5,Livingston
37657,9/8/25,NA,7,7,Kankakee
37659,1/1/22,4/3/25,10,13,Will
37660,1/1/22,6/22/23,12,13,Perry
37661,8/26/24,NA,15,16,Macoupin
37662,1/1/22,8/23/22,10,10,Cook
37663,5/15/22,NA,10,14,Coles
37664,1/1/22,2/1/22,2,2,Morgan
37665,1/31/24,3/19/24,12,12,Morgan
37666,11/2/23,NA,4,6,Cook
37669,1/1/22,6/20/23,10,11,Cook
37670,1/1/22,NA,9,13,Lake
37672,6/9/25,NA,15,16,Cook
37673,7/10/23,8/9/24,7,8,Cook
37674,5/2/23,5/4/23,0,0,Will
37676,10/20/24,NA,8,9,Iroquois
37677,1/1/22,NA,7,11,Cook
37680,1/1/22,9/23/23,1,2,Kane
37682,1/23/26,NA,7,7,LaSalle
37684,1/1/22,8/29/23,6,7,Will
37685,3/2/25,NA,8,9,Madison
37686,1/1/22,NA,4,8,Winnebago
37688,3/3/25,NA,4,5,Kane
37689,9/8/24,NA,2,3,Pulaski
37695,1/1/22,12/17/23,12,13,Will
37697,1/1/22,NA,0,4,DuPage
37698,2/28/26,NA,3,3,Rock Island
37701,10/1/23,NA,15,17,Madison
37703,1/1/22,NA,0,4,DeKalb
37706,11/24/24,NA,12,13,Kane
37707,1/1/22,4/14/25,10,13,Ogle
37710,11/24/22,12/22/22,6,6,Kane
37712,1/1/22,2/10/24,9,11,Will
37716,2/14/25,8/25/25,16,16,Knox
37718,4/26/25,NA,13,14,Cook
37720,1/1/22,10/13/23,5,6,Kane
37721,1/1/22,11/18/24,6,8,Will
37722,1/1/22,4/9/25,9,12,Will
37723,10/13/22,10/14/22,4,4,Kankakee
37730,1/1/22,7/1/24,3,5,McHenry
37731,3/30/26,NA,14,14,Lake
37732,4/15/22,NA,1,5,Cook
37734,1/1/22,8/23/24,14,16,DuPage
37735,1/25/24,8/25/24,16,16,Mercer
37736,8/7/22,3/20/25,12,14,Will
37737,3/5/25,NA,1,2,Mercer
37738,1/1/22,10/8/23,8,9,Will
37739,12/30/23,NA,14,16,Cook
37741,2/3/24,NA,6,8,DuPage
37743,5/13/24,NA,3,5,Cook
37744,2/1/22,4/17/25,11,14,DuPage
37745,12/17/24,NA,12,13,Lawrence
37746,1/19/26,NA,3,3,St. Clair
37747,1/1/22,11/18/24,8,10,St. Clair
37748,10/19/25,NA,4,4,Williamson
37749,11/5/25,12/13/25,16,16,Cook
37751,1/1/22,5/6/24,12,14,Williamson
37756,11/3/23,NA,9,11,Cook
37759,1/1/22,NA,10,14,DuPage
37761,3/4/25,NA,13,14,Cook
37763,1/1/22,NA,4,8,Cook
37766,1/1/22,7/22/22,16,16,Kane
37767,1/1/22,4/28/26,10,14,Cook
37768,1/1/22,NA,1,5,Lake
37771,5/17/22,6/20/25,2,5,Cook
37772,1/1/22,NA,6,10,Christian
37774,1/1/22,4/29/24,0,2,DuPage
37775,2/22/23,NA,13,16,Mercer
37777,2/13/26,NA,17,17,Monroe
37780,1/1/22,NA,6,10,Vermilion
37781,1/1/22,NA,8,12,Cook
37786,3/30/26,NA,11,11,Will
37790,1/1/22,NA,0,4,Cook
37791,1/1/22,1/17/26,13,17,Knox
37792,5/15/24,5/19/25,0,1,Cook
37793,1/1/22,NA,1,5,Cook
37794,1/1/22,11/19/22,11,11,Madison
37795,1/1/22,NA,12,16,DuPage
37797,1/1/22,NA,5,9,Cook
37799,1/1/22,NA,12,16,Will
37800,1/1/22,2/4/24,5,7,Coles
37801,1/1/22,8/8/22,16,16,Lake
37802,10/9/22,NA,12,15,Cook
37803,1/1/22,8/19/23,14,15,Cook
37804,1/1/22,8/29/22,15,15,LaSalle
37806,1/1/22,NA,7,11,McLean
37808,1/1/22,11/11/23,12,13,Cook
37810,1/1/22,7/1/24,13,15,DuPage
37812,8/14/23,5/12/25,1,2,Lake
37814,9/25/25,NA,8,8,Henry
37816,1/1/22,NA,2,6,Cook
37817,8/2/25,NA,13,13,Lake
37818,4/8/22,7/3/22,1,1,Will
37819,1/1/22,9/10/22,1,1,Lake
37821,8/18/22,NA,11,14,Lake
37823,6/14/25,NA,6,7,Will
37825,1/1/22,6/25/22,10,10,Winnebago
37827,2/9/22,NA,12,16,Lee
37831,1/1/22,6/8/25,5,8,DuPage
37832,2/22/25,NA,5,6,Champaign
37833,1/1/22,NA,1,5,DuPage
37835,1/1/22,5/30/23,6,7,McLean
37836,1/1/22,5/12/25,2,5,Cook
37837,5/3/26,NA,1,1,Jackson
37838,1/1/22,8/19/23,16,17,Cook
37839,1/1/22,1/29/26,0,4,Cook
37840,1/1/22,NA,9,13,Cook
37841,10/15/25,NA,15,15,Coles
37844,1/1/22,NA,5,9,Lee
37845,4/1/24,NA,7,9,Will
37848,6/5/22,NA,3,7,Menard
37850,1/1/22,2/24/23,8,9,Cook
37853,7/15/25,NA,17,17,Will
37854,4/12/26,5/19/26,17,17,DuPage
37855,1/1/22,4/28/24,2,4,Kankakee
37857,8/31/25,NA,6,6,DuPage
37860,1/1/22,6/7/22,14,14,Lake
37861,1/1/22,7/1/24,8,10,McDonough
37862,1/1/22,NA,2,6,Cook
37864,1/1/22,9/8/22,11,11,Cook
37865,5/8/25,NA,1,2,Lake
37867,2/16/26,NA,17,17,Lake
37868,5/31/26,NA,1,1,Stephenson
37869,1/1/22,NA,13,17,Cook
37871,5/29/25,6/16/25,10,10,Cook
37873,1/1/22,11/30/23,9,10,McHenry
37878,1/21/22,NA,2,6,Coles
37881,1/1/22,12/8/24,2,4,Will
37883,1/1/22,4/7/23,11,12,Sangamon
37884,1/23/24,NA,7,9,Grundy
37886,10/16/23,5/24/24,12,12,Will
37887,1/1/22,4/23/23,8,9,Boone
37888,8/26/25,2/17/26,4,4,Kane
37889,1/5/24,NA,6,8,Peoria
37891,1/1/22,8/12/24,2,4,Adams
37894,1/1/22,NA,8,12,Piatt
37896,1/1/22,NA,0,4,Cook
37897,1/4/25,NA,11,12,Cook
37898,1/31/26,4/1/26,6,6,Kane
37899,1/1/22,3/9/25,14,17,DuPage
37900,3/28/26,NA,5,5,Cook
37901,6/13/25,NA,7,8,Adams
37902,1/1/22,7/21/24,1,3,DuPage
37904,1/1/22,NA,10,14,DuPage
37906,2/8/25,NA,11,12,DuPage
37910,1/1/22,NA,1,5,Cook
37914,1/1/22,4/10/23,0,1,Cook
37916,1/1/22,2/4/23,0,1,McLean
37918,5/28/24,10/30/24,16,16,Cook
37920,11/4/24,12/1/24,2,2,Macon
37921,2/2/26,NA,15,15,Douglas
37922,1/1/22,6/22/23,7,8,DuPage
37923,7/1/22,NA,0,4,Kane
37924,5/8/24,NA,13,15,Cook
37925,1/1/22,12/17/24,14,16,Kane
37928,5/27/26,NA,0,0,Cook
37930,1/7/22,10/9/22,13,13,DeKalb
37931,3/6/23,9/3/23,15,15,Cook
37932,3/2/26,NA,0,0,Lake
37933,1/1/22,4/10/22,3,3,DuPage
37937,1/1/22,10/1/22,16,16,Macon
37940,1/1/22,NA,12,16,DuPage
37941,1/1/22,NA,12,16,Lake
37944,1/1/22,9/24/23,11,12,Boone
37945,3/14/26,NA,17,17,Peoria
37946,1/1/22,7/14/25,11,14,Cook
37947,2/20/24,NA,9,11,Cook
37951,7/1/23,NA,7,10,DuPage
37952,1/1/22,6/20/23,6,7,Cook
37953,7/4/23,5/18/25,9,10,Cook
37956,1/1/22,9/7/25,9,12,Lake
37959,1/1/22,8/5/25,8,11,Morgan
37960,10/1/22,4/30/23,14,14,Will
37961,1/1/22,1/21/22,14,14,Cook
37963,5/3/23,NA,10,13,Cook
37965,1/1/22,4/17/24,15,17,Cook
37966,1/1/22,7/21/23,8,9,Will
37967,1/1/22,2/12/23,11,12,Jackson
37968,1/1/22,9/9/22,1,1,McHenry
37969,1/1/22,6/23/22,9,9,Will
37971,2/20/25,NA,14,15,Will
37973,1/1/22,NA,7,11,DuPage
37977,1/1/22,7/28/22,12,12,Cook
37978,1/1/22,9/10/23,4,5,Cook
37979,8/4/23,6/27/25,14,15,St. Clair
37981,1/1/22,NA,1,5,Cook
37982,1/1/22,1/16/22,12,12,Will
37983,5/24/23,3/11/24,4,4,McHenry
37984,8/8/23,NA,15,17,Will
37988,1/1/22,11/27/22,13,13,Lake
37990,8/23/25,11/11/25,4,4,Cook
37991,10/27/25,NA,13,13,Knox
37992,1/1/22,2/16/26,11,15,Will
37993,1/1/22,4/5/23,0,1,DuPage
37994,4/21/23,NA,14,17,Grundy
37996,1/1/22,1/21/24,14,16,Whiteside
37997,8/12/25,NA,7,7,Cook
38000,1/21/26,NA,9,9,Kane
38003,1/1/22,11/15/24,5,7,Cook
38007,1/1/22,NA,5,9,Kankakee
38010,1/1/22,10/2/25,9,12,Lake
38011,12/30/24,NA,8,9,Cook
38013,1/1/22,5/31/26,11,15,McHenry
38014,5/6/22,5/24/25,3,6,Boone
38016,12/20/24,9/16/25,16,16,Will
38017,1/1/22,8/10/25,3,6,LaSalle
38018,1/1/22,9/22/25,11,14,Christian
38021,6/27/26,NA,3,3,Livingston
38024,1/1/22,9/28/23,9,10,Cook
38025,5/19/25,NA,8,9,Will
38027,1/1/22,9/14/25,2,5,Williamson
38028,1/1/22,NA,10,14,Cook
38029,4/14/23,NA,14,17,DuPage
38030,10/28/22,5/8/23,15,15,Lake
38031,4/4/25,NA,8,9,DuPage
38034,2/6/24,2/17/24,7,7,Kankakee
38035,1/1/22,NA,8,12,Lake
38036,8/17/24,NA,2,3,Tazewell
38037,12/22/22,4/16/25,5,7,Will
38038,1/1/22,NA,3,7,Effingham
38039,1/1/22,5/14/24,13,15,Lake
38040,1/1/22,9/20/23,6,7,Will
38042,1/1/22,5/12/23,13,14,Cook
38044,1/1/22,NA,10,14,Douglas
38047,1/1/22,11/30/22,13,13,DuPage
38049,1/1/22,NA,7,11,Cook
38050,5/26/26,NA,14,14,Lake
38052,1/1/22,6/12/22,1,1,Cook
38053,9/18/24,4/9/26,9,10,Kane
38054,1/1/22,7/24/24,2,4,Kane
38055,1/1/22,5/25/22,10,10,Madison
38056,1/1/22,7/21/23,0,1,Will
38057,1/1/22,5/28/23,16,17,Peoria
38059,4/15/22,7/19/25,3,6,Cook
38061,2/22/22,3/20/22,15,15,DuPage
38063,1/23/25,NA,13,14,Kane
38064,2/22/23,NA,3,6,Kane
38065,10/26/23,NA,14,16,Cook
38066,1/1/22,NA,11,15,Cook
38067,1/1/22,4/1/22,9,9,Cook
38071,1/1/22,7/21/25,10,13,Cook
38072,1/1/22,1/4/22,0,0,Fulton
38073,1/1/22,6/26/24,14,16,Marion
38076,1/1/22,2/3/22,0,0,Cook
38077,2/10/26,3/24/26,6,6,Lake
38079,1/1/22,4/26/22,2,2,McHenry
38080,1/1/22,1/26/22,14,14,Cook
38082,1/1/22,12/30/25,13,16,DuPage
38083,1/1/22,1/8/23,16,17,Sangamon
38086,1/1/22,5/26/24,8,10,DuPage
38089,1/1/22,2/11/22,2,2,Winnebago
38092,4/29/23,9/25/24,11,12,Kane
38095,1/1/22,9/12/22,14,14,LaSalle
38100,3/8/23,3/28/26,4,7,DuPage
38103,1/1/22,2/4/22,13,13,Sangamon
38106,1/1/22,5/29/24,15,17,DuPage
38108,11/24/22,4/11/25,1,3,McHenry
38109,12/19/22,3/7/23,3,3,Cook
38111,1/1/22,NA,5,9,Cook
38113,3/31/25,NA,0,1,Fayette
38114,10/14/23,NA,1,3,Lake
38115,5/30/22,9/1/22,9,9,Vermilion
38116,1/1/22,NA,9,13,Will
38118,1/1/22,NA,13,17,Cook
38119,1/1/22,1/17/22,3,3,Will
38122,1/8/25,6/27/26,14,15,Lake
38123,5/10/22,6/22/26,4,8,Lake
38124,2/7/22,3/17/25,4,7,Sangamon
38130,1/1/22,10/6/23,8,9,Adams
38131,3/19/22,8/6/22,6,6,DuPage
38132,12/17/23,12/27/23,3,3,Kankakee
38136,1/1/22,NA,11,15,Will
38137,1/1/22,2/27/23,3,4,McHenry
38138,1/1/22,NA,13,17,Kane
38139,5/30/23,NA,6,9,Cook
38140,6/10/25,NA,11,12,Jersey
38141,1/1/22,NA,7,11,Cook
38142,4/3/25,NA,8,9,Cook
38144,1/1/22,NA,7,11,Rock Island
38146,5/12/25,NA,10,11,Kankakee
38147,1/23/25,NA,10,11,Lake
38149,7/2/24,NA,11,12,DuPage
38150,1/1/22,12/15/22,11,11,De Witt
38153,10/28/24,NA,9,10,Lake
38154,1/1/22,3/11/25,14,17,Winnebago
38156,1/1/22,NA,5,9,Will
38158,3/16/25,NA,9,10,Lake
38159,2/19/26,NA,13,13,McHenry
38160,1/1/22,3/27/26,9,13,Livingston
38161,5/12/23,NA,12,15,Kane
38162,8/10/25,NA,0,0,DuPage
38163,5/10/25,NA,3,4,DuPage
38164,9/18/23,NA,12,14,McLean
38165,2/1/23,9/19/25,1,3,Will
38171,1/25/26,NA,13,13,LaSalle
38172,1/1/22,NA,3,7,Kane
38173,2/10/25,NA,6,7,DuPage
38174,1/1/22,11/5/22,0,0,Winnebago
38175,1/1/22,7/8/23,12,13,Montgomery
38176,1/4/25,NA,9,10,Cook
38178,1/1/22,7/9/22,7,7,McHenry
38179,1/1/22,NA,3,7,Lake
38180,1/1/22,4/4/23,6,7,Marshall
38181,1/1/22,NA,12,16,Wayne
38182,2/24/24,NA,10,12,Cook
38184,5/9/26,NA,1,1,DuPage
38185,1/1/22,3/10/26,2,6,Will
38186,11/21/24,NA,7,8,Will
38189,12/6/25,NA,10,10,DuPage
38191,4/9/25,NA,6,7,Boone
38195,9/10/23,NA,14,16,DuPage
38197,3/26/25,NA,10,11,Cook
38198,1/1/22,4/17/22,2,2,Franklin
38201,1/1/22,NA,4,8,Cook
38203,3/3/23,NA,14,17,Lake
38206,1/1/22,6/12/23,12,13,Macoupin
38210,12/6/24,7/31/25,11,11,McLean
38214,4/14/22,10/27/22,8,8,Rock Island
38216,1/1/22,NA,1,5,Boone
38217,1/1/22,NA,0,4,Cook
38219,1/1/22,1/28/24,14,16,Cook
38221,1/1/22,NA,1,5,Montgomery
38222,1/1/22,NA,0,4,Cook
38223,1/1/22,2/22/26,8,12,Whiteside
38225,10/28/25,NA,17,17,Cook
38227,1/1/22,3/1/22,1,1,Edgar
38228,4/29/25,NA,10,11,Macon
38231,1/1/22,NA,9,13,Cook
38232,1/1/22,NA,6,10,Cook
38235,9/19/24,2/22/25,12,12,Grundy
38238,1/1/22,1/23/22,7,7,DuPage
38239,1/1/22,7/30/25,2,5,Kane
38241,8/28/25,NA,1,1,DuPage
38244,1/24/25,NA,0,1,Cook
38245,5/11/26,NA,0,0,Cook
38248,8/8/22,NA,4,7,Cook
38251,5/25/25,NA,9,10,Bond
38252,3/10/24,1/7/25,12,12,Kankakee
38254,9/4/23,NA,5,7,Saline
38255,9/6/23,3/26/24,2,2,Kankakee
38256,1/1/22,11/12/24,3,5,DuPage
38258,3/16/26,NA,12,12,Cook
38260,5/26/22,8/23/22,16,16,Cook
38261,1/1/22,5/5/24,0,2,Will
38263,8/18/24,NA,8,9,St. Clair
38264,1/1/22,NA,11,15,Cook
38269,11/18/23,NA,11,13,Will
38271,4/18/24,4/22/24,14,14,Tazewell
38272,5/27/22,NA,5,9,Cook
38274,2/14/24,12/5/25,14,15,St. Clair
38278,6/29/24,NA,10,12,Lake
38279,1/1/22,NA,6,10,Edgar
38280,1/1/22,6/23/24,12,14,DuPage
38282,1/1/22,3/8/22,11,11,Lake
38286,1/9/26,NA,10,10,Rock Island
38287,1/1/22,NA,4,8,St. Clair
38289,2/27/25,6/8/26,2,3,Whiteside
38292,4/30/25,6/29/25,11,11,DuPage
38293,2/15/26,NA,5,5,Cook
38295,8/3/23,8/26/23,1,1,Cook
38296,3/27/24,NA,10,12,DuPage
38297,1/1/22,NA,2,6,Boone
38299,7/3/22,12/26/23,1,2,Edgar
38300,1/1/22,4/7/23,15,16,Vermilion
38305,4/1/22,4/4/25,3,6,DuPage
38307,1/1/22,3/8/22,1,1,McHenry
38311,1/1/22,12/11/25,4,7,Lake
38313,1/1/22,1/18/26,7,11,Madison
38316,5/6/26,NA,1,1,Lake
38317,1/12/25,NA,8,9,McHenry
38320,1/1/22,3/10/22,11,11,Winnebago
38321,1/1/22,NA,8,12,Winnebago
38329,10/14/23,5/14/25,13,14,Lake
38330,6/27/23,NA,9,12,Kane
38331,3/1/26,NA,11,11,LaSalle
38332,1/22/24,NA,11,13,Cook
38334,1/1/22,4/10/22,10,10,Cook
38335,8/26/25,NA,8,8,Cook
38336,2/18/23,7/24/23,0,0,Cook
38338,1/1/22,NA,0,4,Cook
38340,1/1/22,NA,9,13,DuPage
38341,7/9/25,3/5/26,10,10,Woodford
38342,5/1/23,9/27/23,8,8,Lake
38344,1/1/22,1/6/26,10,14,Cook
38345,4/24/24,NA,4,6,Cook
38346,1/1/22,NA,8,12,Champaign
38347,1/1/22,NA,9,13,St. Clair
38348,3/26/24,NA,14,16,LaSalle
38349,12/5/25,NA,12,12,Will
38351,4/13/22,10/30/25,10,13,Kane
38352,1/1/22,3/5/22,14,14,Cook
38353,7/13/24,NA,16,17,McHenry
38354,7/19/24,10/11/24,3,3,Cook
38356,1/1/22,9/20/24,11,13,Rock Island
38357,1/1/22,11/3/22,10,10,Cook
38359,1/1/22,NA,4,8,Jo Daviess
38360,1/1/22,10/4/24,13,15,Will
38361,1/1/22,NA,3,7,Will
38363,1/4/26,NA,0,0,Tazewell
38364,3/30/22,NA,4,8,Lake
38369,10/15/25,NA,7,7,Cook
38371,5/22/24,6/8/24,9,9,DuPage
38376,1/1/22,11/5/24,13,15,DuPage
38377,1/1/22,4/16/23,2,3,Williamson
38378,10/8/22,3/24/23,2,2,Cook
38383,1/1/22,1/17/25,2,5,Kane
38385,5/16/23,NA,3,6,Winnebago
38388,1/1/22,5/30/23,8,9,Ogle
38392,9/1/23,4/7/26,9,11,DuPage
38393,1/1/22,8/25/23,14,15,Cook
38394,3/4/24,NA,8,10,Jasper
38395,5/27/23,5/25/24,7,7,DuPage
38400,1/1/22,10/1/22,7,7,Cook
38402,5/31/24,NA,14,16,Lake
38403,1/1/22,2/24/24,9,11,Peoria
38404,11/3/22,3/7/23,15,15,St. Clair
38407,1/1/22,NA,10,14,Kankakee
38408,3/25/22,NA,2,6,Rock Island
38409,1/14/26,2/2/26,3,3,Cook
38410,7/17/23,NA,14,16,Lake
38411,2/3/25,NA,13,14,Cook
38415,6/27/25,NA,13,14,Kane
38416,4/21/26,NA,17,17,Cook
38417,7/20/22,NA,10,13,Cook
38418,1/1/22,NA,12,16,Lake
38419,1/1/22,2/5/23,11,12,Massac
38420,4/10/25,NA,4,5,Kane
38421,1/1/22,6/2/26,1,5,Lake
38423,4/3/22,NA,9,13,Sangamon
38426,1/1/22,1/4/22,15,15,Will
38428,4/28/26,NA,16,16,Will
38429,12/29/24,1/9/25,1,1,Lake
38430,12/30/23,3/29/24,10,10,Cook
38435,1/1/22,11/9/22,13,13,Cook
38436,7/30/22,4/20/25,6,8,Peoria
38438,10/25/23,12/31/23,12,12,DeKalb
38440,1/1/22,11/4/22,8,8,DuPage
38441,1/1/22,NA,10,14,Cook
38443,1/28/24,2/3/26,4,6,Kane
38444,8/10/24,NA,12,13,Lake
38446,1/1/22,12/26/23,6,7,Wayne
38448,1/1/22,12/12/23,3,4,Kane
38454,1/1/22,NA,13,17,McHenry
38456,1/1/22,NA,12,16,Cook
38457,10/15/22,2/22/25,8,10,Kankakee
38458,4/26/26,NA,12,12,Stephenson
38459,8/13/24,NA,16,17,Knox
38460,1/1/22,8/17/24,14,16,DuPage
38461,2/20/23,NA,4,7,Cook
38463,7/4/22,NA,1,4,Sangamon
38464,10/6/23,NA,11,13,Cook
38465,1/1/22,6/11/25,2,5,Cook
38467,1/1/22,NA,6,10,Will
38469,2/21/26,3/6/26,2,2,Lake
38470,2/14/25,NA,8,9,DeKalb
38471,2/12/22,9/28/22,0,0,Will
38473,12/8/25,NA,6,6,DuPage
38475,7/11/25,1/20/26,14,14,Cook
38477,4/4/23,NA,3,6,Rock Island
38478,1/1/22,3/11/26,0,4,Vermilion
38481,1/1/22,6/9/23,16,17,Cook
38482,1/1/22,12/25/22,4,4,McHenry
38486,4/28/26,NA,11,11,Kendall
38487,1/1/22,6/11/24,1,3,Will
38488,1/1/22,5/6/25,12,15,Kankakee
38493,6/9/23,NA,2,5,Kane
38494,3/24/22,9/3/22,2,2,Sangamon
38496,1/1/22,6/30/23,13,14,Will
38497,1/31/22,3/28/22,15,15,Clinton
38499,12/11/24,NA,6,7,Sangamon
38501,7/14/25,NA,7,7,DuPage
38502,12/5/22,1/3/24,7,8,Kane
38503,1/1/22,8/14/22,11,11,Will
38505,1/1/22,3/21/26,7,11,Iroquois
38506,11/21/22,11/22/22,1,1,Will
38507,1/1/22,5/27/22,14,14,DuPage
38508,1/1/22,NA,4,8,DuPage
38509,1/1/22,1/27/23,9,10,Tazewell
38513,9/9/23,7/5/25,4,5,Macon
38517,4/15/26,NA,11,11,Kane
38518,1/1/22,1/7/25,0,3,Lake
38519,4/5/23,NA,5,8,Mason
38520,6/28/24,NA,9,11,DuPage
38521,3/21/23,NA,5,8,Will
38523,11/6/24,NA,7,8,Lake
38524,1/1/22,1/23/24,10,12,Kane
38526,1/1/22,9/13/22,6,6,Cook
38527,2/14/22,4/13/22,8,8,Lake
38528,1/1/22,4/11/24,10,12,Hamilton
38529,1/1/22,7/30/25,3,6,Cook
38531,1/1/22,9/14/24,2,4,Cook
38532,1/1/22,11/30/22,5,5,Cook
38534,9/15/22,NA,6,9,Cook
38535,1/1/22,6/10/24,7,9,Lake
38536,1/1/22,6/28/24,15,17,Cook
38537,3/29/26,NA,15,15,Will
38539,3/24/22,11/11/25,6,9,Kane
38540,1/1/22,12/6/24,12,14,DuPage
38543,9/1/24,1/19/25,13,13,Cook
38545,9/9/24,1/9/25,15,15,Rock Island
38547,1/1/22,NA,5,9,Lake
38549,5/18/23,7/20/23,0,0,Lee
38550,1/1/22,8/9/24,15,17,Cook
38551,1/1/22,NA,1,5,Hancock
38552,8/11/24,2/19/25,11,11,Kane
38553,3/24/23,12/23/24,4,5,Cook
38554,1/1/22,5/9/24,15,17,DeKalb
38555,8/12/22,9/14/24,5,7,Macon
38557,5/16/26,NA,12,12,Christian
38561,12/1/23,NA,3,5,Williamson
38562,1/26/22,3/1/22,0,0,Kane
38565,2/27/26,NA,12,12,Sangamon
38566,1/1/22,NA,12,16,Cook
38569,3/6/25,NA,4,5,Henry
38570,3/27/26,4/27/26,13,13,DuPage
38574,4/1/22,4/16/23,8,9,Lake
38575,11/1/22,NA,14,17,Cook
38576,4/21/23,6/19/24,14,15,Lake
38579,1/1/22,11/2/25,7,10,McHenry
38580,11/15/24,11/17/24,9,9,Whiteside
38581,10/23/22,NA,0,3,Monroe
38583,12/13/23,NA,10,12,DuPage
38588,2/6/25,NA,12,13,Kane
38590,1/1/22,1/23/25,13,16,Tazewell
38592,1/1/22,3/18/26,6,10,DuPage
38596,1/1/22,7/16/22,8,8,Cook
38597,5/11/22,8/1/25,10,13,Kane
38598,9/14/25,NA,3,3,DuPage
38599,1/1/22,4/5/26,9,13,Lake
38600,11/27/24,10/21/25,7,7,DuPage
38601,1/1/22,8/14/24,14,16,Lake
38603,1/1/22,12/12/24,13,15,Tazewell
38607,9/3/23,NA,2,4,DeKalb
38608,1/7/22,NA,6,10,Will
38612,1/29/26,NA,17,17,Piatt
38614,1/1/22,4/16/24,8,10,Kendall
38615,4/14/26,NA,4,4,Lake
38616,1/1/22,1/21/25,0,3,Cumberland
38618,1/1/22,5/22/25,10,13,DuPage
38619,1/1/22,NA,13,17,Cook
38620,5/15/26,NA,4,4,Rock Island
38622,7/28/22,NA,8,11,Effingham
38628,1/1/22,NA,1,5,Lake
38629,1/1/22,10/9/24,7,9,Rock Island
38632,9/30/23,10/16/23,3,3,Cook
38633,1/1/22,4/10/25,1,4,Will
38634,12/14/24,NA,3,4,Cook
38635,1/1/22,4/13/23,1,2,Cook
38641,1/1/22,1/6/22,3,3,Cook
38644,2/14/25,NA,5,6,Pulaski
38645,1/26/25,3/21/25,8,8,Knox
38647,12/12/22,1/26/23,14,14,Cook
38648,1/1/22,NA,4,8,McHenry
38655,1/1/22,NA,12,16,Cook
38656,8/22/23,NA,14,16,Lake
38657,1/1/22,8/28/23,0,1,Henry
38658,8/7/23,NA,8,10,Whiteside
38660,1/1/22,1/3/24,15,17,Cook
38662,6/10/25,7/5/25,11,11,Will
38663,1/1/22,8/26/25,11,14,Madison
38665,1/1/22,2/27/24,3,5,Henry
38666,1/1/22,3/21/25,10,13,Cook
38667,1/1/22,4/12/25,10,13,DuPage
38669,10/4/25,NA,15,15,Madison
38671,1/1/22,NA,11,15,Lake
38675,1/1/22,2/2/23,15,16,Mason
38677,3/11/25,NA,10,11,Bond
38679,1/1/22,NA,4,8,Kane
38681,8/10/22,NA,2,5,Cook
38682,1/1/22,3/3/22,0,0,Madison
38686,1/1/22,8/8/23,11,12,McHenry
38687,11/3/22,NA,14,17,Peoria
38693,9/27/24,NA,3,4,Will
38695,1/13/24,NA,14,16,Cook
38697,1/1/22,1/1/25,6,9,Kane
38698,5/26/26,NA,3,3,Cook
38701,1/1/22,NA,12,16,Kankakee
38702,2/28/22,11/6/24,2,4,DuPage
38703,10/4/25,NA,13,13,Kankakee
38704,9/14/23,NA,3,5,McLean
38705,11/30/24,3/24/25,8,8,Will
38708,1/1/22,9/6/22,17,17,Cook
38710,1/1/22,3/30/22,3,3,Marion
38711,4/14/24,NA,10,12,Will
38713,1/1/22,5/24/23,6,7,DuPage
38718,1/1/22,NA,9,13,LaSalle
38719,1/12/24,3/2/24,12,12,McHenry
38721,1/1/22,NA,0,4,DuPage
38723,1/1/22,NA,2,6,DuPage
38724,3/12/25,4/22/25,10,10,Will
38725,1/1/22,2/22/23,10,11,Cook
38727,7/21/22,4/13/24,0,1,Kane
38731,1/1/22,NA,2,6,Will
38735,1/1/22,5/13/25,0,3,Cook
38736,7/5/22,NA,3,6,Sangamon
38737,3/22/26,NA,7,7,Lake
38741,10/25/25,12/14/25,10,10,Will
38742,6/17/23,NA,2,5,Cook
38743,7/31/24,NA,12,13,Cook
38744,1/1/22,10/24/23,15,16,Lake
38745,5/18/26,NA,17,17,DuPage
38746,1/1/22,5/30/22,11,11,St. Clair
38747,5/23/25,NA,13,14,Kane
38750,12/4/22,NA,2,5,Rock Island
38752,6/22/26,NA,9,9,Vermilion
38755,10/17/23,NA,0,2,Cook
38759,8/24/25,NA,0,0,Cook
38761,1/11/22,NA,2,6,Cook
38764,1/23/26,5/5/26,9,9,Fayette
38765,9/26/25,NA,1,1,Warren
38766,10/27/25,NA,15,15,Cook
38769,1/1/22,NA,4,8,Cook
38770,11/6/25,NA,5,5,DuPage
38773,1/1/22,NA,7,11,Cook
38775,1/1/22,10/19/23,10,11,Lake
38777,8/9/23,NA,7,9,Lake
38780,1/1/22,3/15/23,9,10,St. Clair
38781,2/8/24,NA,3,5,Will
38782,1/1/22,NA,5,9,Kane
38783,1/1/22,4/17/23,6,7,DuPage
38785,1/1/22,3/8/22,6,6,Cook
38787,1/1/22,1/21/22,10,10,Cook
38788,4/30/26,NA,4,4,Kendall
38789,5/23/25,NA,4,5,Will
38792,6/7/25,NA,7,8,Lake
38793,1/1/22,7/7/23,12,13,Cook
38794,7/28/22,10/7/22,16,16,Lake
38795,2/11/22,NA,10,14,DuPage
38797,1/1/22,NA,12,16,Kane
38798,1/1/22,10/7/22,0,0,Winnebago
38801,1/1/22,1/5/25,12,15,Piatt
38802,1/1/22,1/1/25,6,9,Jackson
38805,11/27/24,NA,13,14,LaSalle
38806,1/1/22,NA,7,11,Ogle
38807,1/28/22,NA,8,12,Lake
38808,7/8/22,1/24/25,11,13,Vermilion
38809,1/1/22,NA,1,5,Lake
38811,5/19/24,6/5/24,17,17,Lake
38812,12/7/24,NA,3,4,Will
38813,6/30/23,NA,6,9,Cook
38814,1/1/22,2/5/25,11,14,Cook
38816,1/1/22,NA,7,11,Cook
38817,12/30/23,NA,4,6,Kane
38818,1/1/22,10/30/25,10,13,Sangamon
38819,8/19/22,NA,14,17,DuPage
38820,11/9/25,NA,8,8,Cook
38822,5/25/23,9/17/25,1,3,Lake
38823,9/17/23,NA,14,16,Kankakee
38825,1/1/22,NA,10,14,St. Clair
38828,3/28/23,12/9/23,4,4,Will
38829,3/2/23,NA,2,5,Kane
38832,1/1/22,2/27/25,11,14,De Witt
38837,4/10/26,NA,2,2,DuPage
38838,4/12/25,NA,14,15,Will
38842,9/9/25,NA,9,9,Sangamon
38843,12/25/24,NA,14,15,Cook
38845,6/23/23,NA,2,5,St. Clair
38846,1/1/22,NA,11,15,Macon
38849,4/7/25,NA,16,17,McLean
38850,2/23/25,NA,7,8,Ogle
38851,1/1/22,NA,12,16,Henry
38852,1/1/22,6/29/26,7,11,DuPage
38853,2/2/26,NA,17,17,DuPage
38854,2/21/25,NA,3,4,Lake
38855,1/1/22,8/7/25,11,14,Cook
38860,1/1/22,NA,9,13,Winnebago
38861,11/3/25,NA,17,17,Kendall
38863,1/1/22,6/19/22,9,9,Kane
38864,1/1/22,NA,13,17,Montgomery
38866,9/29/22,2/13/23,12,12,Will
38868,6/7/26,NA,7,7,Madison
38869,5/21/26,NA,12,12,Will
38872,1/1/22,7/21/25,8,11,Lake
38873,2/22/25,NA,4,5,Pike
38875,5/1/25,NA,0,1,Williamson
38877,1/1/22,1/6/22,0,0,Ogle
38879,1/1/22,1/12/25,6,9,Cook
38880,1/1/22,NA,8,12,White
38881,1/1/22,10/17/24,9,11,LaSalle
38883,1/1/22,6/12/22,6,6,DuPage
38887,1/1/22,2/25/23,2,3,Madison
38888,1/1/22,2/23/23,10,11,DuPage
38893,1/1/22,12/14/23,11,12,DuPage
38900,1/1/22,9/21/23,16,17,Lake
38901,7/16/23,12/15/24,0,1,McHenry
38903,6/7/22,9/26/22,9,9,Peoria
38906,1/1/22,1/13/22,13,13,Lake
38907,1/1/22,4/4/23,7,8,Piatt
38911,3/29/22,NA,9,13,Marion
38912,1/1/22,2/18/22,6,6,Winnebago
38914,1/1/22,NA,8,12,Peoria
38917,9/18/23,NA,9,11,Lake
38920,4/2/23,NA,2,5,McLean
38921,9/7/22,NA,0,3,McHenry
38922,2/5/26,NA,10,10,Edwards
38923,1/1/22,NA,9,13,Lake
38924,1/17/22,NA,11,15,LaSalle
38926,1/1/22,NA,2,6,Lake
38927,1/21/22,7/22/22,2,2,Lake
38930,1/1/22,NA,0,4,Cook
38932,8/22/24,10/24/24,16,16,Will
38933,1/1/22,NA,12,16,Kane
38934,1/1/22,NA,2,6,St. Clair
38935,1/1/22,NA,11,15,DuPage
38937,1/1/22,3/9/26,10,14,Will
38939,10/4/23,1/14/24,11,11,Cook
38942,1/1/22,2/17/25,7,10,Cook
38944,1/1/22,NA,11,15,Will
38946,1/1/22,2/13/25,12,15,DeKalb
38947,1/1/22,12/8/22,1,1,Madison
38948,6/2/26,NA,10,10,Winnebago
38949,5/10/24,NA,14,16,Lake
38950,1/1/22,10/28/22,12,12,McLean
38952,2/14/23,3/7/25,12,14,Lake
38955,1/1/22,10/17/22,9,9,Will
38956,8/4/22,NA,12,15,Lake
38959,5/7/24,NA,5,7,Cook
38960,11/27/22,10/22/25,4,6,Boone
38961,3/15/24,4/25/24,16,16,DuPage
38964,1/1/22,8/16/25,7,10,Peoria
38966,1/1/22,6/19/24,3,5,DuPage
38967,5/20/25,NA,2,3,Will
38968,10/17/25,NA,0,0,Woodford
38972,12/12/24,12/20/24,6,6,Cook
38973,5/19/26,NA,3,3,Sangamon
38974,1/8/22,1/25/22,6,6,Will
38975,1/1/22,2/10/23,8,9,Johnson
38976,6/6/25,NA,9,10,Cook
38977,10/29/25,NA,4,4,Kane
38981,1/1/22,4/16/22,0,0,Ogle
38983,1/1/22,7/21/24,8,10,DuPage
38984,1/1/22,NA,12,16,McLean
38985,10/14/25,NA,15,15,Winnebago
38986,1/1/22,8/4/22,4,4,Logan
38987,1/1/22,12/19/24,4,6,Peoria
38992,1/1/22,NA,10,14,Ogle
38993,9/18/25,NA,16,16,Lake
38995,4/23/25,NA,15,16,Madison
39000,1/1/22,2/2/22,12,12,Will
39003,1/1/22,12/10/22,2,2,DuPage
39004,1/1/22,11/2/23,14,15,Cook
39005,11/20/25,NA,12,12,Will
39006,5/9/24,NA,11,13,DuPage
39009,1/1/22,8/4/22,11,11,Cook
39011,1/1/22,NA,12,16,Cook
39013,2/26/24,3/3/24,10,10,Lake
39015,10/19/24,NA,0,1,DuPage
39016,1/1/22,NA,13,17,Coles
39017,8/11/25,NA,11,11,DuPage
39019,1/1/22,7/9/25,7,10,Kane
39022,1/1/22,6/3/22,17,17,Cook
39023,1/1/22,1/24/25,7,10,Kane
39025,11/26/24,NA,3,4,Rock Island
39026,1/1/22,12/18/25,9,12,DuPage
39028,1/1/22,NA,4,8,Cook
39030,4/12/25,4/13/25,10,10,Effingham
39031,1/1/22,3/23/23,13,14,McDonough
39032,11/1/25,NA,0,0,St. Clair
39033,10/22/22,5/27/23,0,0,Will
39035,7/15/24,NA,1,2,Cook
39040,1/1/22,3/19/26,8,12,Cook
39041,1/1/22,7/31/25,10,13,McHenry
39042,4/12/25,NA,1,2,DuPage
39044,6/2/23,10/21/25,3,5,Knox
39045,2/15/22,NA,7,11,Bureau
39046,1/1/22,NA,1,5,Lake
39048,2/22/23,4/11/26,9,12,McLean
39051,10/8/22,11/30/22,0,0,Will
39053,1/1/22,6/15/24,5,7,Winnebago
39055,1/1/22,9/27/22,13,13,Lake
39056,4/21/26,NA,0,0,Cook
39058,1/1/22,NA,5,9,Jefferson
39059,1/1/22,NA,12,16,Will
39060,1/1/22,NA,11,15,Kane
39061,1/1/22,3/5/25,12,15,Scott
39062,4/1/22,10/23/22,12,12,Edwards
39063,6/22/22,NA,12,16,Lake
39064,9/22/24,NA,5,6,Cook
39066,1/1/22,NA,2,6,Cook
39067,1/1/22,NA,10,14,Will
39068,1/1/22,NA,6,10,Kane
39069,1/1/22,12/21/24,11,13,Tazewell
39070,1/1/22,4/10/26,8,12,Kane
39072,7/4/24,NA,8,9,Lake
39073,1/24/24,NA,4,6,Cook
39075,1/1/22,6/30/24,9,11,White
39076,1/1/22,4/9/25,13,16,Kane
39079,1/1/22,5/5/22,0,0,Will
39081,5/21/25,7/18/25,17,17,Lake
39086,1/1/22,9/12/23,1,2,Cook
39087,1/1/22,8/29/22,16,16,Mercer
39088,1/1/22,3/23/22,8,8,DuPage
39091,1/1/22,5/12/24,8,10,Cook
39092,1/1/22,8/23/23,2,3,Lake
39094,1/1/22,NA,5,9,McLean
39096,3/10/24,NA,0,2,Kane
39097,4/5/22,10/2/23,13,14,Cook
39101,1/1/22,NA,13,17,Kane
39103,1/1/22,NA,5,9,Cook
39106,3/15/22,NA,9,13,Logan
39107,1/1/22,NA,8,12,Cook
39108,1/1/22,3/22/24,12,14,DuPage
39110,5/3/26,NA,5,5,DuPage
39113,1/31/24,3/30/26,11,13,DuPage
39114,4/24/23,5/19/25,6,8,Rock Island
39115,1/1/22,8/18/23,13,14,Will
39116,1/1/22,10/30/24,6,8,Cook
39117,1/1/22,NA,3,7,Cook
39124,1/1/22,4/1/25,7,10,Lake
39125,1/1/22,3/9/24,1,3,Kane
39127,1/1/22,7/11/25,4,7,Kane
39129,7/17/23,NA,10,12,McHenry
39130,1/1/22,NA,11,15,Cook
39138,1/1/22,NA,6,10,Cook
39140,4/25/22,1/17/24,9,10,Cook
39141,10/18/23,NA,14,16,Cook
39142,1/7/26,NA,15,15,DuPage
39143,1/1/22,8/4/23,8,9,Will
39145,11/18/24,NA,3,4,Lake
39146,2/11/22,NA,11,15,DuPage
39147,8/26/23,9/18/23,10,10,Cook
39150,1/1/22,NA,6,10,Peoria
39151,9/21/22,12/16/24,12,14,Jackson
39152,1/1/22,12/6/24,14,16,DuPage
39155,4/15/22,5/5/22,10,10,Cook
39158,1/4/25,NA,13,14,Will
39161,8/18/23,NA,10,12,Will
39164,1/1/22,NA,5,9,Madison
39167,1/1/22,5/4/25,5,8,DeKalb
39170,1/1/22,1/24/22,2,2,Cook
39171,8/1/24,NA,7,8,LaSalle
39173,1/1/22,10/24/22,12,12,Vermilion
39174,6/8/24,7/9/24,2,2,McLean
39175,2/24/25,4/22/25,15,15,McHenry
39179,1/1/22,1/23/22,5,5,Vermilion
39180,1/1/22,7/15/23,14,15,Greene
39181,1/1/22,12/15/25,14,17,Cook
39184,1/1/22,5/4/22,3,3,Lake
39189,1/1/22,5/27/23,1,2,DuPage
39191,1/1/22,5/27/22,9,9,Cook
39193,9/24/22,4/13/26,11,14,Kane
39197,12/13/25,NA,4,4,Macoupin
39198,1/1/22,6/1/23,11,12,DuPage
39200,3/23/26,NA,17,17,Will
39203,1/1/22,4/25/22,13,13,Grundy
39205,10/29/25,NA,17,17,Fayette
39209,1/1/22,NA,4,8,Kane
39210,4/20/24,NA,9,11,Cook
39211,6/24/23,3/29/25,7,8,Ford
39212,12/7/25,NA,17,17,Edwards
39215,1/1/22,9/15/25,13,16,LaSalle
39217,9/12/25,NA,9,9,Bureau
39218,1/1/22,3/29/22,15,15,Cook
39219,11/8/22,NA,8,11,Lake
39220,1/1/22,NA,2,6,Tazewell
39223,5/7/23,12/1/23,8,8,Knox
39225,9/8/23,5/15/24,3,3,Lake
39226,1/1/22,NA,5,9,Will
39227,9/20/25,1/3/26,15,15,Cook
39228,3/10/25,NA,16,17,Pike
39230,6/15/22,NA,11,15,Lake
39232,6/30/26,NA,0,0,DuPage
39233,6/29/22,5/21/25,15,17,Will
39237,1/1/22,3/30/24,10,12,Kane
39238,8/6/22,NA,11,14,Will
39240,1/1/22,9/8/24,0,2,Cook
39245,1/1/22,9/20/24,0,2,Greene
39246,6/15/24,NA,5,7,Will
39247,7/31/24,NA,2,3,Lake
39248,1/1/22,NA,10,14,Cook
39249,4/26/23,4/9/26,10,12,Lake
39251,3/5/26,NA,0,0,Union
39253,1/1/22,NA,10,14,Cook
39254,1/1/22,12/5/23,6,7,Lake
39255,8/27/22,NA,11,14,Cook
39256,1/1/22,NA,9,13,DuPage
39257,10/24/23,NA,15,17,DuPage
39258,1/1/22,1/14/24,7,9,Knox
39266,5/2/22,NA,0,4,Will
39267,1/31/25,3/21/25,2,2,Cook
39268,7/19/25,NA,14,14,Cook
39270,9/8/22,NA,0,3,Grundy
39271,6/27/22,1/23/26,7,10,Peoria
39273,1/1/22,2/28/24,9,11,Cook
39275,1/1/22,NA,3,7,Will
39282,1/1/22,NA,7,11,Kane
39283,9/6/24,4/23/26,2,3,Lake
39284,4/11/23,NA,0,3,Cook
39285,6/6/24,12/16/25,3,4,Cook
39288,5/24/24,2/15/25,14,14,Rock Island
39289,11/23/22,9/28/24,13,14,DuPage
39291,12/7/25,NA,13,13,Adams
39292,1/1/26,NA,10,10,Lake
39299,8/7/22,4/5/26,14,17,McLean
39300,5/6/22,2/25/25,15,17,Cook
39302,1/1/22,2/28/24,11,13,DuPage
39303,1/1/22,8/12/25,13,16,Vermilion
39304,1/1/22,6/21/22,6,6,Champaign
39305,1/1/22,NA,6,10,St. Clair
39306,10/25/23,NA,13,15,Lake
39307,1/1/22,5/6/24,7,9,Cook
39313,1/2/24,NA,2,4,Kane
39314,1/1/22,5/26/23,10,11,Cook
39315,1/11/22,5/22/22,10,10,DuPage
39317,1/1/22,3/21/22,7,7,Cook
39318,11/13/25,NA,7,7,Jasper
39320,1/1/22,2/13/22,4,4,Lake
39321,2/3/25,NA,0,1,Cook
39322,1/25/25,5/11/25,6,6,Cook
39323,4/14/24,6/24/24,0,0,Rock Island
39324,2/8/26,NA,12,12,Richland
39326,4/24/25,NA,9,10,De Witt
39328,9/26/22,NA,0,3,Kane
39329,10/6/22,NA,0,3,Cook
39333,8/25/22,1/18/25,12,14,Lake
39337,4/10/25,5/11/25,0,0,Cook
39339,1/1/22,3/7/22,9,9,Massac
39343,1/1/22,NA,11,15,Cook
39344,1/1/22,5/19/22,13,13,Cook
39349,1/1/22,NA,0,4,Kane
39350,7/22/22,5/20/24,0,1,Kane
39351,1/1/22,8/21/23,14,15,Bureau
39353,1/1/22,12/20/22,1,1,Massac
39354,1/1/22,2/18/22,7,7,Sangamon
39355,11/12/24,NA,14,15,Cook
39356,1/1/22,NA,13,17,Kane
39361,1/1/22,3/31/26,10,14,Clinton
39364,1/1/22,NA,9,13,Cook
39365,1/1/22,NA,8,12,Hamilton
39366,6/6/22,10/7/22,15,15,Cook
39368,1/1/22,8/6/23,13,14,Clinton
39369,1/1/22,1/13/23,3,4,Will
39371,2/19/25,NA,1,2,McLean
39372,1/1/22,1/25/24,10,12,Will
39373,1/1/22,NA,4,8,Williamson
39374,3/8/24,NA,2,4,Lake
39376,1/1/22,NA,3,7,Cook
39380,1/1/22,NA,4,8,Cook
39383,7/24/23,NA,8,10,DuPage
39386,1/1/22,NA,6,10,Kane
39387,6/22/23,10/23/25,7,9,McHenry
39389,1/1/22,7/15/23,1,2,Lake
39390,12/8/24,NA,11,12,Cook
39391,6/17/26,NA,9,9,Cook
39393,1/1/22,12/18/25,2,5,Winnebago
39394,1/1/22,2/15/24,9,11,Cook
39399,1/1/22,6/7/24,10,12,DuPage
39400,3/8/26,NA,17,17,Kane
39401,1/1/22,8/16/24,10,12,Macoupin
39402,4/10/23,NA,13,16,Cook
39404,1/1/22,9/24/22,14,14,Kane
39405,1/1/22,12/31/25,13,17,Cook
39409,1/1/22,2/6/23,2,3,Kendall
39410,1/1/22,3/6/24,11,13,Will
39411,8/7/24,NA,2,3,Adams
39413,5/10/22,1/25/24,12,13,St. Clair
39414,1/1/22,NA,13,17,Will
39418,1/1/22,NA,11,15,Jackson
39420,1/1/22,NA,7,11,Lake
39423,1/1/22,NA,11,15,Cook
39424,2/17/26,NA,15,15,Cook
39425,1/1/22,2/25/25,5,8,Will
39426,4/4/25,NA,3,4,DuPage
39427,10/13/22,NA,3,6,Henry
39429,1/1/22,2/4/23,6,7,Champaign
39436,1/1/22,NA,1,5,Cook
39437,1/1/22,4/12/26,1,5,McHenry
39438,8/11/22,NA,6,9,Henry
39439,3/11/25,6/2/25,8,8,Jefferson
39440,1/1/22,7/7/22,7,7,Washington
39441,1/1/22,5/28/22,7,7,Cook
39445,11/13/23,6/12/24,8,8,Cook
39449,1/1/22,8/16/24,12,14,Johnson
39450,6/5/22,NA,1,5,Lake
39452,1/1/22,4/25/23,10,11,Kane
39453,1/1/22,8/29/25,1,4,Cook
39458,10/16/22,NA,4,7,Kane
39459,3/21/24,NA,10,12,Cook
39460,12/18/24,NA,12,13,Will
39461,1/1/22,11/23/24,12,14,Jefferson
39465,4/29/25,NA,16,17,Will
39467,10/3/22,3/11/26,4,7,Cook
39468,1/28/25,NA,12,13,Cook
39473,1/1/22,NA,13,17,Kane
39474,3/19/24,12/18/24,2,2,Cook
39476,1/19/25,NA,5,6,Cook
39478,3/23/24,4/21/24,16,16,Will
39479,1/1/22,5/31/25,3,6,Lake
39481,1/1/22,2/1/24,13,15,Lake
39483,1/1/22,4/20/23,10,11,DuPage
39485,1/1/22,2/9/25,14,17,Will
39486,1/1/22,2/1/25,4,7,Lake
39488,1/12/24,NA,0,2,Kane
39489,1/1/22,NA,1,5,Lake
39490,1/1/22,7/3/23,4,5,LaSalle
39491,1/23/25,8/9/25,14,14,Winnebago
39492,6/24/23,7/18/25,11,13,Cook
39493,5/18/26,NA,3,3,Lake
39494,11/27/23,NA,14,16,Jackson
39495,12/11/25,3/21/26,13,13,Ogle
39496,6/27/25,NA,10,11,Cook
39498,12/27/22,1/28/23,16,16,Cook
39499,7/21/23,NA,8,10,Macon
39500,1/1/22,4/21/24,5,7,Will
39501,4/3/24,6/6/24,8,8,Winnebago
39502,3/28/23,4/3/23,4,4,Cook
39503,2/8/22,NA,2,6,St. Clair
39507,1/1/22,NA,3,7,St. Clair
39508,1/1/22,6/23/22,10,10,Cook
39509,6/24/26,NA,16,16,Kane
39511,3/9/22,9/12/22,4,4,Cook
39514,1/1/22,4/13/22,12,12,LaSalle
39515,12/2/25,NA,14,14,De Witt
39516,5/20/24,12/10/24,4,4,Cook
39518,1/1/22,5/28/22,6,6,St. Clair
39519,1/1/22,3/19/22,16,16,DuPage
39524,3/4/22,NA,10,14,Cook
39525,5/11/26,NA,5,5,Cook
39526,3/19/25,10/3/25,4,4,Kankakee
39527,1/1/22,NA,12,16,Will
39529,7/27/25,NA,11,11,Cook
39531,1/1/22,12/16/24,4,6,Cook
39533,1/21/24,NA,13,15,Kane
39534,3/5/25,NA,13,14,Lake
39535,1/1/22,1/12/26,7,11,Cook
39538,1/1/22,NA,1,5,Knox
39540,1/1/22,9/7/23,15,16,Cook
39544,10/1/23,NA,5,7,Richland
39546,12/4/25,NA,6,6,Cook
39547,1/1/22,10/15/23,5,6,Cook
39548,1/1/22,2/28/26,12,16,Cook
39549,4/4/26,NA,4,4,Cook
39551,1/1/22,2/20/23,13,14,Mercer
39555,5/6/24,NA,0,2,Macoupin
39556,1/1/22,7/17/23,9,10,McHenry
39558,1/1/22,2/1/25,4,7,Will
39560,2/24/24,NA,10,12,Cook
39562,8/14/23,10/8/23,3,3,Cook
39563,3/12/26,NA,5,5,Cook
39564,12/21/23,NA,6,8,Peoria
39565,1/1/22,11/11/25,10,13,Kane
39568,11/28/22,4/12/23,10,10,Cook
39570,11/2/22,1/21/23,17,17,DuPage
39578,1/1/22,NA,5,9,Lake
39580,10/30/23,9/18/25,9,10,Cook
39581,1/1/22,NA,0,4,McLean
39584,1/1/22,NA,7,11,Effingham
39587,1/1/22,NA,6,10,LaSalle
39592,1/1/22,6/3/22,9,9,Stephenson
39593,10/6/24,NA,1,2,Sangamon
39595,1/1/22,NA,7,11,Lake
39596,5/2/22,12/13/22,12,12,Kendall
39597,1/1/22,NA,6,10,McHenry
39598,2/10/25,NA,2,3,Winnebago
39599,1/1/22,NA,9,13,Will
39600,4/6/26,NA,13,13,Adams
39601,8/17/25,NA,1,1,Bureau
39604,1/1/22,NA,10,14,Lake
39606,1/1/22,2/14/22,13,13,Lake
39607,9/3/25,NA,5,5,Cook
39608,1/1/22,2/22/23,2,3,Cook
39609,10/22/22,5/22/25,14,16,Winnebago
39612,3/14/22,NA,8,12,Cook
39616,4/3/24,NA,8,10,McLean
39617,2/20/22,10/25/22,13,13,Will
39618,1/1/22,NA,3,7,Boone
39619,1/1/22,2/9/24,15,17,Cook
39620,9/19/23,NA,2,4,Cook
39622,5/16/25,8/14/25,17,17,Sangamon
39623,7/12/23,12/2/23,11,11,McLean
39625,5/22/24,NA,8,10,DuPage
39626,1/1/22,4/16/22,12,12,DuPage
39629,9/30/23,NA,15,17,Madison
39631,1/1/22,12/1/22,0,0,Sangamon
39635,1/1/22,NA,3,7,Champaign
39639,8/4/25,NA,11,11,Henry
39641,6/3/23,NA,10,13,Cook
39643,5/12/25,NA,10,11,DeKalb
39644,1/1/22,7/9/22,6,6,Cook
39645,4/6/25,NA,8,9,Cook
39646,5/9/24,NA,6,8,Cook
39647,1/1/22,7/5/23,9,10,Cook
39649,6/25/26,NA,14,14,Clinton
39650,1/1/22,NA,10,14,DuPage
39651,3/15/26,NA,12,12,Kane
39652,1/6/26,NA,8,8,Madison
39654,8/6/24,NA,3,4,Will
39655,1/1/22,NA,12,16,Cook
39656,3/7/24,NA,10,12,Will
39658,10/16/23,9/17/25,16,17,Kane
39659,1/1/22,NA,0,4,Madison
39660,1/1/22,3/28/23,14,15,Knox
39664,4/20/22,NA,0,4,Boone
39665,1/1/22,7/25/24,1,3,Kendall
39670,1/1/22,3/2/23,0,1,DeKalb
39673,1/1/22,6/22/22,10,10,Franklin
39674,1/1/22,6/21/23,5,6,McLean
39678,5/28/25,NA,7,8,Will
39679,1/1/22,2/27/23,3,4,Lake
39683,1/1/22,3/20/26,2,6,Kane
39685,8/14/22,NA,14,17,Stephenson
39686,1/1/22,7/24/22,15,15,Cook
39687,3/10/26,NA,0,0,Kane
39688,8/20/22,2/1/26,0,3,Rock Island
39698,6/14/23,2/18/24,6,6,DuPage
39699,1/4/22,7/15/25,12,15,Cook
39700,1/1/22,3/26/24,6,8,Sangamon
39701,1/1/22,2/18/23,14,15,Cook
39705,1/1/22,5/11/25,11,14,McHenry
39706,1/1/22,NA,1,5,McLean
39708,1/1/22,11/17/23,10,11,Cook
39709,1/1/22,11/27/22,16,16,Cook
39710,1/1/22,6/30/25,9,12,Ogle
39712,4/16/24,NA,7,9,McLean
39715,1/1/22,NA,10,14,Lake
39716,10/17/24,7/12/25,0,0,Cook
39718,1/1/22,NA,3,7,Lake
39719,1/1/22,3/2/22,12,12,Will
39722,1/18/24,NA,9,11,Kendall
39725,1/1/22,NA,9,13,Cook
39727,1/1/22,NA,3,7,Shelby
39730,1/1/22,7/6/24,6,8,Madison
39731,1/1/22,12/16/22,5,5,DeKalb
39732,12/29/23,NA,11,13,Cook
39734,5/31/22,4/16/24,5,6,Kendall
39736,1/1/22,6/15/25,4,7,McHenry
39738,5/11/24,NA,12,14,McLean
39739,12/16/24,3/21/25,6,6,Will
39740,6/26/25,NA,4,5,Will
39742,3/4/23,NA,5,8,Williamson
39743,1/1/22,NA,11,15,Will
39744,8/24/22,10/6/22,13,13,Cumberland
39745,9/27/24,NA,7,8,Tazewell
39746,2/2/23,7/16/23,11,11,Cook
39748,1/1/22,NA,6,10,Vermilion
39751,1/1/22,2/7/23,7,8,Lake
39752,1/1/22,7/6/22,7,7,Champaign
39754,7/23/25,NA,4,4,DuPage
39755,10/27/22,NA,3,6,Peoria
39758,1/1/22,2/21/23,2,3,DuPage
39759,1/1/22,NA,6,10,Sangamon
39760,1/1/22,6/9/25,1,4,Cook
39762,1/1/22,2/7/22,1,1,Kankakee
39763,9/23/25,NA,13,13,Madison
39766,1/24/26,NA,11,11,Cook
39767,5/28/25,NA,8,9,Kane
39768,1/1/22,1/3/24,3,5,Mason
39769,1/1/22,5/6/26,7,11,St. Clair
39771,11/27/25,NA,6,6,Lake
39773,1/1/22,NA,12,16,Wayne
39774,6/11/25,NA,2,3,Will
39775,1/1/22,5/17/24,2,4,Cook
39780,7/18/22,NA,8,11,Madison
39783,11/26/24,1/15/26,4,5,McHenry
39784,1/1/22,12/19/24,5,7,Lake
39786,2/16/23,NA,3,6,Lake
39790,6/23/24,6/26/24,1,1,Peoria
39791,2/27/26,NA,16,16,DuPage
39793,1/1/22,10/12/25,6,9,Will
39795,1/1/22,8/22/24,9,11,DuPage
39797,1/1/22,NA,6,10,McLean
39800,11/14/25,NA,10,10,Lake
39806,1/1/22,NA,13,17,Kendall
39807,1/1/22,11/10/23,11,12,Williamson
39809,6/7/25,NA,14,15,Kankakee
39810,3/6/24,7/22/25,8,9,Cook
39811,1/1/22,6/23/26,3,7,Cook
39813,1/1/22,NA,12,16,Lake
39814,1/1/22,3/28/26,12,16,Cook
39817,1/1/22,7/30/23,13,14,Winnebago
39818,11/29/25,NA,7,7,Mason
39819,1/1/22,NA,3,7,Madison
39821,1/1/22,5/11/24,10,12,Cook
39824,1/1/22,NA,2,6,Edgar
39825,1/13/23,3/3/26,6,9,Cook
39827,5/4/26,NA,0,0,Lake
39828,1/6/25,NA,14,15,Franklin
39830,5/21/22,NA,5,9,Lake
39831,3/9/22,1/15/25,14,16,Will
39832,8/16/25,NA,3,3,Cook
39836,3/17/23,NA,13,16,Henry
39838,7/24/22,9/27/24,12,14,Livingston
39839,1/1/22,NA,6,10,Will
39840,1/1/22,7/30/23,0,1,Peoria
39841,1/1/22,NA,8,12,Cook
39843,9/4/24,NA,0,1,Boone
39844,11/5/23,NA,14,16,McHenry
39848,9/12/25,NA,5,5,Cook
39849,4/5/24,NA,14,16,Lake
39850,7/22/22,8/7/22,9,9,McDonough
39851,1/1/22,5/11/25,13,16,Cook
39852,3/16/25,NA,0,1,DuPage
39853,10/31/25,5/13/26,4,4,Cook
39854,11/20/23,11/22/23,0,0,McDonough
39855,3/15/26,NA,16,16,Will
39856,3/16/23,NA,2,5,Will
39857,1/1/22,1/16/25,4,7,Cook
39859,5/21/25,NA,9,10,Champaign
39861,10/17/22,NA,4,7,Kankakee
39863,2/12/23,12/20/24,8,9,Kane
39864,5/25/26,NA,7,7,Will
39866,1/1/22,NA,9,13,Cook
39867,7/3/22,NA,0,3,Cook
39868,1/1/22,NA,5,9,Lake
39871,10/3/25,NA,9,9,DuPage
39872,1/1/22,3/28/23,11,12,DuPage
39873,6/4/25,NA,2,3,Cook
39875,11/10/23,NA,13,15,Cook
39876,1/1/22,NA,9,13,Champaign
39877,1/1/22,12/5/24,15,17,Lake
39878,3/20/24,NA,11,13,Cook
39880,5/20/23,NA,3,6,Cook
39881,7/14/22,1/4/23,17,17,Champaign
39882,6/29/22,11/4/22,14,14,Will
39883,1/1/22,4/29/25,6,9,Effingham
39884,1/1/22,NA,0,4,Kane
39885,1/1/22,11/21/24,9,11,LaSalle
39888,11/24/24,5/28/25,7,7,Peoria
39890,1/1/22,NA,1,5,Kendall
39891,1/1/22,2/12/26,6,10,Cook
39892,6/28/22,10/15/23,15,16,Cook
39893,1/1/22,NA,13,17,Sangamon
39895,6/20/22,NA,13,17,Lake
39897,1/1/22,3/17/24,12,14,Will
39898,1/1/22,7/24/24,6,8,Jo Daviess
39900,7/6/25,8/14/25,9,9,Lake
39903,6/21/22,NA,1,5,DeKalb
39906,1/1/22,NA,6,10,Knox
39907,2/13/22,4/23/22,14,14,Kane
39908,1/1/22,NA,0,4,Kane
39911,4/20/24,8/9/24,3,3,St. Clair
39913,5/26/26,NA,3,3,Cook
39914,10/1/23,6/20/25,9,10,Cook
39915,12/5/24,2/21/25,17,17,Cook
39916,7/9/25,NA,2,2,Lake
39918,10/4/22,NA,2,5,McLean
39920,4/16/26,NA,14,14,DuPage
39924,1/1/22,6/10/24,2,4,Cook
39925,1/1/22,11/16/22,1,1,Williamson
39926,1/1/22,NA,0,4,Wayne
39927,1/1/22,5/4/24,13,15,Cook
39928,2/14/24,NA,0,2,Kendall
39930,1/1/22,5/27/26,0,4,Cook
39933,5/10/23,7/20/23,6,6,Cook
39934,6/10/26,NA,1,1,DuPage
39935,1/1/22,NA,11,15,Cook
39937,1/1/22,NA,2,6,Will
39938,1/1/22,NA,1,5,Cook
39941,1/1/22,NA,5,9,Will
39942,1/1/22,NA,13,17,Cook
39943,1/10/23,1/30/24,5,6,DuPage
39944,1/1/22,NA,7,11,Cook
39945,6/9/23,4/8/24,2,2,DuPage
39946,4/3/24,10/14/24,7,7,St. Clair
39948,10/23/24,NA,1,2,Cook
39949,1/1/22,NA,4,8,McLean
39951,1/1/22,5/4/23,11,12,Kankakee
39952,7/24/25,NA,13,13,Winnebago
39953,12/12/25,NA,11,11,Will
39955,1/1/22,NA,2,6,Knox
39956,1/1/22,8/1/24,12,14,Kankakee
39957,3/30/23,4/26/23,5,5,Will
39958,1/1/22,1/19/24,14,16,Cook
39961,1/1/22,NA,2,6,Morgan
39962,1/1/22,NA,12,16,Monroe
39963,8/14/24,6/16/26,10,11,Cook
39964,9/21/25,NA,8,8,Lake
39965,1/1/22,NA,3,7,DuPage
39966,1/1/22,12/31/22,1,2,Kane
39967,12/11/23,NA,2,4,Cook
39970,7/28/23,NA,15,17,Kane
39971,1/1/22,NA,8,12,DuPage
39974,1/1/22,5/10/24,1,3,Kane
39976,11/4/22,4/15/25,13,15,Cook
39979,10/25/24,1/11/25,3,3,Cook
39982,1/1/22,7/12/23,1,2,Rock Island
39983,1/1/22,8/24/24,2,4,Cook
39984,3/23/23,NA,9,12,Lake
39986,1/1/22,12/19/23,13,14,Lake
39988,9/23/22,9/28/22,3,3,Knox
39990,1/1/22,5/16/22,10,10,Cook
39991,1/1/22,7/19/22,10,10,Cook
39992,1/1/22,9/15/25,0,3,Peoria
39993,1/1/22,NA,7,11,Cook
39994,1/1/22,NA,10,14,Cook
39996,10/4/25,NA,7,7,DuPage