id_provider,license_start_date,license_end_date,county_provider,n_days_licensed,n_days_active,min_age,max_age
500001,12/9/23,10/2/26,Adams,1028,449,6,18
500002,3/29/25,6/15/26,Adams,443,206,2,16
500004,7/7/21,8/3/25,Adams,1488,945,0,13
500005,7/9/22,3/5/25,Adams,970,664,0,13
500006,7/9/22,9/3/26,Adams,1517,841,4,12
500007,7/16/21,2/3/27,Adams,2028,1642,2,8
500008,11/13/21,7/2/26,Adams,1692,1148,0,12
500009,9/6/21,3/15/26,Adams,1651,1313,0,6
500010,7/2/22,8/7/26,Adams,1497,547,0,6
500011,6/23/21,1/12/27,Adams,2029,838,8,12
500012,12/19/21,7/14/26,Adams,1668,1617,0,12
500013,9/6/21,10/24/26,Adams,1874,1170,0,18
500015,3/31/25,3/28/26,Adams,362,34,0,14
500016,1/16/22,10/16/26,Adams,1734,607,0,3
500018,10/3/21,10/5/26,Adams,1828,1334,6,18
500019,3/3/22,12/21/24,Adams,1024,676,9,11
500020,10/3/21,11/11/26,Adams,1865,1109,0,16
500021,7/1/21,7/15/26,Adams,1840,1575,0,8
500022,1/14/24,11/26/25,Adams,682,98,7,15
500023,8/18/21,11/29/26,Adams,1929,898,0,13
500024,5/26/21,1/12/27,Adams,2057,511,0,6
500025,6/12/24,8/8/25,Adams,422,6,2,12
500026,10/22/21,8/2/26,Adams,1745,1542,0,10
500027,12/7/21,10/14/26,Adams,1772,865,0,12
500028,12/26/21,9/9/26,Adams,1718,1266,0,18
500029,7/31/24,5/8/25,Adams,281,17,0,5
500030,8/18/21,11/18/26,Adams,1918,1350,3,18
500031,8/1/25,10/19/26,Adams,444,65,0,18
500032,7/22/21,9/2/26,Adams,1868,1584,9,18
500034,5/15/23,9/6/26,Adams,1210,300,0,18
500035,3/11/22,12/29/26,Adams,1754,1080,0,9
500036,5/27/22,11/18/26,Adams,1636,1454,0,18
500037,9/21/21,5/20/25,Adams,1337,382,0,12
500038,9/7/21,10/30/22,Adams,418,249,2,5
500039,11/18/21,8/8/26,Adams,1724,1258,0,18
500040,4/12/23,2/16/27,Adams,1406,262,8,15
500041,7/7/24,2/19/27,Adams,957,89,7,18
500042,5/13/21,10/8/25,Adams,1609,1080,3,8
500043,3/9/25,7/25/26,Adams,503,371,6,12
500044,12/26/21,6/1/26,Adams,1618,415,3,11
500046,8/18/21,11/7/26,Adams,1907,328,12,14
500047,8/9/21,2/3/26,Adams,1639,608,6,10
500048,9/4/23,9/26/26,Adams,1118,688,3,10
500049,12/24/21,4/24/25,Adams,1217,80,2,17
500050,5/30/24,7/10/25,Adams,406,40,2,18
500051,7/14/21,9/12/25,Adams,1521,299,0,18
500052,11/10/21,1/16/27,Alexander,1893,1230,0,7
500053,12/16/21,9/25/26,Alexander,1744,40,0,5
500054,12/14/21,3/28/23,Alexander,469,45,0,11
500056,6/5/25,4/7/26,Alexander,306,19,0,5
500057,5/23/21,11/26/26,Alexander,2013,1525,2,12
500060,7/20/21,10/29/26,Alexander,1927,1642,2,10
500061,5/30/21,11/24/26,Alexander,2004,1051,16,18
500063,9/3/22,12/22/25,Alexander,1206,605,0,18
500064,5/26/21,1/6/24,Alexander,955,577,6,15
500065,2/25/23,1/20/25,Alexander,695,79,2,4
500067,12/2/21,10/2/24,Alexander,1035,24,0,12
500068,10/21/21,7/25/26,Alexander,1738,980,0,13
500069,10/31/21,11/29/26,Alexander,1855,806,0,8
500070,8/14/21,10/4/26,Alexander,1877,1642,13,18
500071,6/27/21,8/20/26,Alexander,1880,610,0,5
500072,11/14/21,10/12/26,Alexander,1793,523,8,10
500073,12/19/24,8/12/26,Alexander,601,27,2,18
500074,8/2/21,2/16/27,Alexander,2024,1642,0,10
500075,9/4/22,12/21/26,Alexander,1569,557,0,10
500076,12/12/21,9/8/26,Alexander,1731,1299,6,12
500077,6/9/21,6/1/23,Alexander,722,455,0,14
500078,5/12/22,1/26/26,Alexander,1355,1195,0,10
500080,8/23/24,4/25/25,Alexander,245,33,0,15
500081,2/5/22,2/19/27,Alexander,1840,592,0,18
500082,11/3/21,4/2/24,Alexander,881,813,6,16
500083,8/9/21,8/31/23,Alexander,752,189,3,7
500084,12/17/21,10/26/26,Alexander,1774,966,0,18
500085,3/1/23,12/14/26,Alexander,1384,609,2,10
500086,9/30/21,9/10/26,Alexander,1806,1642,0,7
500087,12/27/21,10/21/25,Alexander,1394,472,0,12
500088,7/4/22,12/18/23,Bond,532,106,0,12
500089,10/4/23,8/19/25,Bond,685,13,6,17
500090,2/3/23,4/12/24,Bond,434,174,0,2
500092,11/13/21,10/30/26,Bond,1812,664,6,16
500093,9/4/25,3/14/26,Bond,191,4,6,8
500094,7/27/21,9/5/26,Bond,1866,1526,0,4
500095,6/7/21,2/17/24,Bond,985,328,0,18
500096,9/6/21,6/23/22,Bond,290,50,6,18
500097,9/23/25,7/10/26,Bond,290,113,0,17
500098,8/4/22,5/12/26,Bond,1377,162,0,5
500099,12/29/21,10/1/26,Bond,1737,1642,8,13
500100,4/9/22,11/19/26,Bond,1685,864,0,8
500101,10/25/21,12/6/26,Bond,1868,1642,0,13
500102,8/28/21,9/28/26,Bond,1857,1642,0,9
500103,8/2/21,10/23/26,Bond,1908,1148,0,13
500104,11/29/21,1/30/27,Bond,1888,351,0,7
500107,12/11/21,8/6/26,Bond,1699,1518,17,18
500108,1/25/22,11/16/26,Bond,1756,1423,6,12
500109,3/20/23,10/21/25,Bond,946,750,6,12
500110,9/3/21,6/11/25,Bond,1377,1066,2,10
500111,7/24/23,12/25/26,Bond,1250,1049,0,13
500112,6/1/21,10/28/26,Bond,1975,1642,0,11
500114,1/21/25,12/21/25,Bond,334,125,2,10
500115,7/18/21,7/24/26,Bond,1832,1098,0,7
500116,8/15/24,7/29/26,Bond,713,574,13,15
500117,2/17/22,10/1/26,Bond,1687,1492,6,8
500118,11/17/22,8/7/26,Bond,1359,1082,0,5
500119,7/27/21,8/27/25,Bond,1492,453,6,18
500121,12/13/22,9/25/26,Bond,1382,442,6,18
500122,9/27/22,8/20/23,Bond,327,3,9,15
500123,9/7/25,5/22/26,Bond,257,35,3,18
500124,12/8/21,2/14/26,Bond,1529,1120,6,10
500125,4/10/22,1/14/25,Bond,1010,55,0,9
500126,8/13/21,12/25/26,Bond,1960,1642,0,3
500128,5/26/21,4/17/26,Bond,1787,263,3,8
500129,7/26/22,8/6/26,Bond,1472,442,0,18
500130,3/6/22,3/3/24,Bond,728,35,0,5
500131,4/27/22,2/20/27,Bond,1760,1460,0,18
500132,8/4/21,3/15/26,Bond,1684,707,0,5
500134,9/2/21,10/13/26,Bond,1867,1642,11,18
500136,7/11/22,4/29/26,Bond,1388,265,6,8
500137,10/9/21,1/31/25,Bond,1210,1046,9,17
500138,7/21/21,10/4/26,Bond,1901,1642,14,18
500139,3/9/22,12/30/22,Bond,296,139,3,5
500140,11/12/21,6/6/26,Bond,1667,241,11,18
500142,3/22/22,10/10/26,Bond,1663,1342,0,18
500143,7/8/21,11/22/26,Bond,1963,564,0,10
500144,1/26/25,2/3/27,Boone,738,416,0,3
500145,5/11/21,5/23/26,Boone,1838,686,1,18
500146,11/11/21,2/26/26,Boone,1568,37,10,18
500147,3/1/24,9/8/24,Boone,191,11,0,8
500148,6/2/21,9/23/26,Boone,1939,1520,0,5
500149,8/28/21,12/8/26,Boone,1928,1642,0,5
500150,6/12/21,11/20/26,Boone,1987,1028,2,18
500151,6/4/21,7/10/26,Boone,1862,1282,0,6
500153,7/12/21,12/31/26,Boone,1998,1542,2,7
500154,9/14/22,9/12/25,Boone,1094,325,5,18
500155,5/6/22,10/1/26,Boone,1609,1328,7,18
500156,11/17/21,2/13/27,Boone,1914,1035,0,5
500157,11/13/21,9/29/24,Boone,1051,91,0,3
500159,7/23/21,12/4/25,Boone,1595,1208,0,15
500160,12/10/24,10/28/26,Boone,687,17,0,4
500161,9/14/21,7/21/26,Boone,1771,1642,2,9
500162,9/30/21,7/18/26,Boone,1752,1123,3,7
500163,10/15/21,9/7/24,Boone,1058,332,9,18
500165,12/9/21,4/24/25,Boone,1232,363,0,10
500166,11/15/23,7/5/26,Boone,963,243,0,10
500167,12/25/21,10/10/26,Boone,1750,978,0,18
500168,1/14/23,3/4/25,Boone,780,593,0,12
500171,9/10/22,12/22/26,Boone,1564,1005,2,11
500172,11/19/23,10/8/26,Boone,1054,735,0,18
500173,11/19/23,9/24/24,Boone,310,13,0,12
500174,3/22/23,10/20/26,Boone,1308,49,0,18
500175,8/1/21,4/12/26,Boone,1715,1166,0,2
500176,5/10/23,1/1/27,Boone,1332,212,12,18
500177,2/13/22,11/4/26,Boone,1725,886,7,10
500179,6/6/23,10/7/24,Boone,489,173,0,3
500180,8/3/22,7/14/26,Boone,1441,637,0,18
500181,7/31/21,12/31/26,Boone,1979,1642,0,4
500182,3/4/22,10/5/26,Boone,1676,1318,0,17
500183,8/8/22,2/13/25,Boone,920,44,0,18
500184,10/24/21,7/7/26,Boone,1717,474,11,14
500185,12/17/21,9/7/26,Boone,1725,793,2,12
500186,11/17/22,8/13/26,Boone,1365,185,0,9
500188,1/10/22,1/24/25,Boone,1110,331,0,10
500189,12/12/21,9/27/23,Boone,654,601,8,14
500191,12/30/23,4/22/24,Boone,114,59,0,13
500192,11/29/21,2/15/24,Boone,808,639,0,6
500193,5/30/22,10/17/26,Boone,1601,1162,0,12
500194,5/11/21,11/15/24,Boone,1284,925,2,10
500195,3/5/25,1/4/26,Boone,305,2,10,18
500197,10/11/21,7/17/26,Boone,1740,1560,0,11
500198,5/30/21,8/21/26,Boone,1909,1642,2,14
500199,3/13/22,7/15/26,Boone,1585,1471,0,18
500200,11/9/21,11/17/25,Boone,1469,261,0,9
500201,8/12/22,11/18/26,Boone,1559,354,2,15
500202,8/18/21,6/9/26,Boone,1756,284,0,13
500203,8/18/23,4/22/24,Boone,248,3,10,18
500204,5/21/21,1/4/27,Boone,2054,1642,16,18
500205,10/8/22,9/3/26,Boone,1426,1315,2,8
500206,10/21/21,12/26/25,Boone,1527,1163,0,2
500207,4/26/23,1/7/26,Brown,987,228,0,7
500208,3/17/24,10/24/26,Brown,951,653,0,5
500209,6/29/24,2/28/26,Brown,609,455,0,9
500212,11/24/21,1/11/27,Brown,1874,1642,5,18
500213,6/20/21,11/1/26,Brown,1960,1642,0,12
500214,5/9/23,10/12/26,Brown,1252,1117,0,6
500217,11/6/21,12/3/26,Brown,1853,1124,6,18
500218,2/11/23,1/5/25,Brown,694,572,2,18
500219,9/30/21,5/9/26,Brown,1682,462,0,18
500220,5/30/21,1/12/27,Brown,2053,1575,6,12
500221,1/7/22,8/15/22,Brown,220,57,6,9
500222,5/27/23,3/2/24,Brown,280,52,6,10
500224,11/9/21,11/1/26,Brown,1818,544,13,18
500225,6/13/21,11/11/26,Brown,1977,1642,5,10
500226,7/10/21,1/7/27,Brown,2007,374,3,9
500227,5/5/22,11/3/25,Brown,1278,77,0,10
500228,8/12/23,8/15/24,Brown,369,123,0,18
500229,5/13/23,10/16/25,Brown,887,274,0,12
500230,1/8/22,2/8/26,Brown,1492,983,0,18
500231,7/22/21,8/23/22,Brown,397,104,0,6
500232,11/11/21,3/18/26,Brown,1588,1247,6,8
500234,9/16/21,1/11/27,Brown,1943,467,3,12
500235,12/11/21,10/2/25,Brown,1391,834,2,5
500236,7/9/21,9/10/25,Brown,1524,195,0,18
500237,3/2/22,9/25/25,Brown,1303,644,0,5
500238,11/4/21,7/24/26,Brown,1723,1525,6,18
500240,4/22/25,3/10/26,Brown,322,23,0,6
500241,8/12/24,9/15/26,Brown,764,69,3,11
500242,9/3/21,12/26/25,Brown,1575,139,8,17
500243,12/2/22,12/10/26,Brown,1469,1125,0,4
500245,9/5/21,4/11/24,Brown,949,323,0,14
500246,2/12/23,10/23/23,Brown,253,28,0,6
500249,9/21/24,11/26/26,Bureau,796,564,0,10
500250,10/19/21,8/16/25,Bureau,1397,1141,0,18
500251,9/20/21,7/6/26,Bureau,1750,1064,8,12
500252,9/17/21,6/23/22,Bureau,279,55,0,11
500253,9/5/22,7/7/25,Bureau,1036,884,0,7
500254,3/1/22,11/22/24,Bureau,997,239,0,13
500255,6/18/21,11/30/26,Bureau,1991,1642,0,18
500256,6/16/21,9/16/26,Bureau,1918,1080,0,2
500258,7/14/21,7/11/26,Bureau,1823,701,0,18
500259,1/3/22,12/3/26,Bureau,1795,1231,12,18
500260,1/31/23,9/3/26,Bureau,1311,1212,0,18
500261,8/3/21,9/9/26,Bureau,1863,721,0,6
500262,11/20/21,3/14/26,Bureau,1575,1159,0,18
500263,1/31/22,8/28/26,Bureau,1670,1104,2,6
500264,8/3/21,8/30/26,Bureau,1853,1102,0,6
500265,8/30/21,11/27/26,Bureau,1915,1498,0,9
500266,7/31/22,2/12/27,Bureau,1657,1260,0,16
500267,11/23/21,5/30/24,Bureau,919,843,6,18
500269,7/18/21,1/1/27,Bureau,1993,1604,0,14
500270,12/23/21,6/11/25,Bureau,1266,349,0,16
500271,5/30/21,9/2/26,Bureau,1921,1642,0,12
500272,11/10/22,11/28/26,Bureau,1479,1130,4,18
500273,6/6/21,3/23/23,Bureau,655,400,2,5
500274,8/30/21,11/5/22,Bureau,432,190,2,18
500276,12/24/21,11/24/26,Bureau,1796,1139,7,18
500277,12/26/21,7/6/26,Bureau,1653,1642,0,15
500278,9/11/21,4/24/26,Bureau,1686,514,11,18
500279,6/30/21,6/14/24,Bureau,1080,839,6,10
500280,6/11/22,12/24/26,Bureau,1657,178,0,8
500282,6/14/21,7/18/26,Bureau,1860,1253,0,3
500283,4/16/22,7/18/26,Calhoun,1554,474,0,10
500284,7/25/22,11/3/26,Calhoun,1562,987,0,7
500285,6/11/23,4/28/26,Calhoun,1052,565,0,18
500286,8/19/25,3/3/26,Calhoun,196,12,0,18
500287,12/7/21,12/30/23,Calhoun,753,101,1,6
500288,5/29/21,10/5/26,Calhoun,1955,697,5,18
500289,1/15/26,7/28/26,Calhoun,194,135,5,10
500290,11/28/21,12/5/26,Calhoun,1833,982,9,18
500291,7/29/21,7/9/26,Calhoun,1806,1642,0,11
500292,7/30/22,1/6/25,Calhoun,891,190,3,5
500293,10/10/22,7/5/26,Calhoun,1364,1082,0,18
500294,9/12/25,12/13/26,Calhoun,457,139,4,10
500296,8/2/24,1/11/27,Calhoun,892,500,13,15
500297,6/21/22,11/21/24,Calhoun,884,28,3,18
500298,10/27/21,9/21/26,Calhoun,1790,1602,0,18
500299,1/14/22,7/18/25,Calhoun,1281,259,5,17
500300,12/8/21,7/6/26,Calhoun,1671,1031,0,18
500301,11/11/21,8/30/26,Calhoun,1753,1216,6,18
500302,12/7/21,10/2/26,Calhoun,1760,1642,0,10
500303,8/18/22,7/18/26,Calhoun,1430,1279,0,10
500304,8/2/21,11/28/26,Calhoun,1944,1140,2,8
500305,6/1/21,9/4/26,Calhoun,1921,1642,2,7
500307,6/5/25,7/15/26,Carroll,405,302,14,18
500308,11/25/22,9/11/24,Carroll,656,62,2,8
500310,12/24/22,8/16/26,Carroll,1331,162,10,18
500311,10/4/21,4/24/25,Carroll,1298,908,1,12
500313,11/6/21,8/21/26,Carroll,1749,1642,2,11
500314,6/15/21,11/9/26,Carroll,1973,431,0,18
500315,5/11/23,4/12/26,Carroll,1067,796,2,16
500316,2/10/22,7/26/26,Carroll,1627,927,6,18
500317,12/10/21,7/22/26,Carroll,1685,1623,0,10
500318,12/19/21,9/28/26,Carroll,1744,1040,12,16
500319,10/29/21,9/18/26,Carroll,1785,247,2,18
500322,8/10/22,5/24/23,Carroll,287,61,6,16
500323,8/17/24,12/26/26,Carroll,861,593,8,15
500324,11/6/23,10/13/26,Carroll,1072,596,3,9
500325,5/29/21,12/26/26,Carroll,2037,1083,6,12
500326,9/18/21,11/24/26,Carroll,1893,504,11,14
500327,12/15/23,9/5/24,Carroll,265,17,0,11
500329,6/30/21,5/15/26,Carroll,1780,781,8,18
500330,10/13/21,1/8/27,Carroll,1913,623,3,7
500331,9/29/24,5/24/25,Carroll,237,34,6,12
500332,12/7/21,10/28/26,Carroll,1786,1642,0,7
500333,12/6/21,11/6/26,Carroll,1796,1344,0,18
500334,7/1/23,4/11/24,Carroll,285,24,0,4
500335,4/18/22,8/13/26,Carroll,1578,1063,0,18
500337,6/28/21,2/15/27,Carroll,2058,1330,6,17
500339,10/21/21,2/12/27,Carroll,1940,1144,0,2
500341,11/25/21,7/4/26,Carroll,1682,864,0,8
500342,6/4/21,10/6/26,Carroll,1950,956,6,8
500343,3/21/22,1/24/26,Carroll,1405,1172,2,18
500344,8/22/22,11/20/26,Carroll,1551,677,5,8
500345,4/19/22,6/18/24,Cass,791,66,0,14
500346,10/1/21,12/28/26,Cass,1914,1186,0,11
500347,8/10/21,3/22/23,Cass,589,254,15,18
500348,10/24/22,12/6/26,Cass,1504,371,5,18
500349,11/1/21,11/3/26,Cass,1828,1539,2,5
500350,7/22/24,11/23/25,Cass,489,207,4,18
500351,8/7/21,10/27/25,Cass,1542,839,0,4
500352,3/23/22,6/25/26,Cass,1555,755,0,18
500353,5/2/23,3/20/26,Cass,1053,67,0,4
500354,5/9/21,9/27/26,Cass,1967,1341,2,11
500355,7/25/21,5/11/26,Cass,1751,1503,5,18
500356,3/24/24,11/26/25,Cass,612,61,0,9
500357,2/20/22,3/21/26,Cass,1490,495,0,7
500358,10/20/21,8/19/23,Cass,668,555,6,18
500359,6/16/21,10/11/24,Cass,1213,115,0,15
500360,2/13/23,8/26/26,Cass,1290,35,3,18
500361,2/25/25,9/28/26,Cass,580,375,0,18
500363,12/8/21,10/27/26,Cass,1784,1215,0,11
500364,4/3/24,8/29/26,Cass,878,494,0,18
500365,11/8/21,1/5/25,Cass,1154,73,8,18
500366,6/16/21,10/28/26,Cass,1960,934,12,18
500367,2/1/22,12/8/24,Cass,1041,807,2,5
500368,11/18/21,5/17/26,Cass,1641,1147,0,4
500369,8/20/22,1/16/24,Cass,514,39,12,16
500370,7/16/21,10/3/26,Cass,1905,1389,0,7
500372,2/8/24,9/22/26,Cass,957,513,0,10
500376,8/21/21,12/23/26,Cass,1950,1551,5,10
500377,6/17/21,11/15/26,Cass,1977,1298,0,3
500380,6/27/21,10/12/26,Cass,1933,1642,8,11
500381,10/21/24,12/15/26,Cass,785,514,0,6
500382,4/3/25,5/16/26,Cass,408,57,1,5
500383,8/28/24,9/11/25,Cass,379,62,0,6
500384,12/31/22,1/3/27,Cass,1464,688,6,18
500385,5/27/21,7/15/26,Cass,1875,1590,0,10
500386,6/25/21,4/22/23,Cass,666,364,4,18
500387,3/21/23,12/1/25,Cass,986,17,2,18
500388,9/20/21,3/11/25,Cass,1268,661,4,6
500390,12/25/21,10/8/26,Champaign,1748,1464,4,6
500391,10/31/21,11/25/26,Champaign,1851,1289,0,4
500392,6/17/21,10/3/26,Champaign,1934,1026,11,14
500393,7/27/22,4/1/26,Champaign,1344,1101,0,12
500395,11/15/23,1/24/25,Champaign,436,69,7,11
500396,1/17/22,9/6/26,Champaign,1693,1154,0,18
500397,7/22/22,8/27/26,Champaign,1497,1296,0,15
500398,5/22/21,2/1/24,Champaign,985,695,2,6
500400,12/31/21,10/25/26,Champaign,1759,898,0,18
500401,6/28/25,11/8/26,Champaign,498,179,0,10
500402,8/25/21,12/9/26,Champaign,1932,550,0,6
500404,8/22/21,9/13/26,Champaign,1848,43,12,17
500406,12/9/21,7/25/26,Champaign,1689,788,4,12
500407,11/12/21,10/31/26,Champaign,1814,493,0,5
500408,9/12/22,1/1/26,Champaign,1207,93,6,10
500410,9/28/24,11/15/26,Champaign,778,136,0,12
500411,8/25/21,10/7/26,Champaign,1869,1642,13,18
500412,7/21/21,5/25/26,Champaign,1769,654,12,16
500413,6/25/21,10/20/26,Champaign,1943,1361,0,13
500414,10/18/21,1/29/27,Champaign,1929,1534,3,16
500415,10/26/21,10/27/26,Champaign,1827,520,0,7
500416,12/20/21,8/12/26,Champaign,1696,1189,0,18
500417,7/16/21,3/15/26,Champaign,1703,1148,0,13
500418,6/27/21,1/19/27,Champaign,2032,1521,2,18
500419,6/18/21,6/8/26,Champaign,1816,1427,0,6
500420,9/18/21,7/10/26,Champaign,1756,1642,0,4
500421,5/13/21,11/3/26,Champaign,2000,1642,17,18
500423,7/26/22,3/6/23,Champaign,223,11,3,5
500424,9/12/21,1/6/27,Champaign,1942,469,0,11
500425,7/13/22,12/29/26,Champaign,1630,982,0,6
500426,10/14/21,12/3/26,Champaign,1876,1573,0,13
500427,5/20/21,12/4/26,Champaign,2024,1642,0,9
500429,11/27/21,8/19/26,Christian,1726,374,0,8
500431,5/28/21,5/14/25,Christian,1447,357,13,18
500432,10/28/23,1/30/27,Christian,1190,475,0,15
500434,12/1/22,6/14/26,Christian,1291,25,6,8
500435,10/18/21,8/7/24,Christian,1024,150,0,8
500436,10/27/21,10/8/26,Christian,1807,376,2,18
500437,7/21/21,10/16/24,Christian,1183,409,0,11
500438,2/16/23,4/26/26,Christian,1165,1074,1,3
500439,6/22/21,6/17/26,Christian,1821,1373,2,11
500440,11/18/21,7/31/24,Christian,986,139,0,8
500441,2/19/22,1/2/27,Christian,1778,901,0,5
500442,12/3/21,3/26/26,Christian,1574,836,5,17
500443,8/18/21,8/19/26,Christian,1827,1571,3,14
500444,11/2/21,1/25/27,Christian,1910,465,0,4
500446,3/20/23,1/31/27,Christian,1413,11,0,4
500447,2/18/22,7/14/24,Christian,877,267,0,3
500448,12/28/23,6/29/26,Christian,914,18,0,12
500450,5/25/21,5/26/26,Christian,1827,192,7,14
500451,1/26/24,7/12/26,Christian,898,815,0,5
500452,11/27/21,9/13/26,Christian,1751,1642,0,18
500453,4/6/23,3/26/26,Christian,1085,640,2,6
500455,4/2/24,10/9/26,Christian,920,242,6,15
500456,7/8/24,5/14/25,Christian,310,133,0,18
500457,6/9/22,8/14/26,Christian,1527,552,0,18
500459,11/22/21,6/6/24,Christian,927,883,3,15
500460,6/29/24,8/12/26,Christian,774,89,4,10
500461,10/1/21,10/15/23,Christian,744,538,6,12
500462,8/30/21,1/24/27,Christian,1973,1010,6,18
500465,11/20/21,10/21/26,Christian,1796,151,0,18
500466,11/24/21,1/4/27,Christian,1867,1642,0,12
500468,8/22/24,1/11/27,Christian,872,396,0,6
500469,7/21/21,8/19/26,Christian,1855,99,0,4
500470,9/17/21,3/27/26,Christian,1652,1271,0,12
500471,2/8/22,1/9/27,Christian,1796,742,3,12
500472,5/7/22,10/21/25,Christian,1263,637,0,7
500475,4/5/24,3/26/25,Christian,355,107,0,9
500477,9/26/21,8/16/26,Christian,1785,317,3,16
500478,5/9/24,6/7/26,Christian,759,191,4,6
500479,7/30/21,8/6/24,Christian,1103,759,0,18
500480,10/18/21,8/23/26,Christian,1770,1504,0,18
500482,2/1/23,3/11/24,Christian,404,74,0,12
500483,11/28/21,1/24/26,Christian,1518,1441,16,18
500484,6/27/22,2/10/25,Christian,959,47,0,5
500485,8/18/23,8/1/25,Christian,714,114,0,6
500486,4/22/23,6/4/26,Christian,1139,35,0,18
500487,8/19/24,7/5/26,Christian,685,485,5,16
500489,3/25/22,1/30/23,Clark,311,14,0,12
500490,2/24/22,12/6/22,Clark,285,14,0,6
500491,1/13/23,12/28/23,Clark,349,90,0,12
500492,2/24/22,10/19/26,Clark,1698,1468,7,18
500494,4/24/22,5/23/26,Clark,1490,666,0,10
500495,9/28/21,10/30/26,Clark,1858,1642,6,18
500496,10/16/21,9/8/26,Clark,1788,947,2,4
500497,9/22/21,1/2/27,Clark,1928,858,0,16
500498,10/24/21,1/26/27,Clark,1920,1053,0,4
500499,10/30/24,9/26/25,Clark,331,2,0,14
500502,11/27/24,10/26/25,Clark,333,19,0,9
500504,9/28/21,9/25/25,Clark,1458,1035,0,10
500505,12/7/21,11/10/26,Clark,1799,1219,3,11
500506,11/27/22,6/14/23,Clark,199,1,0,10
500507,7/6/23,10/23/25,Clark,840,506,0,18
500509,5/15/22,3/23/23,Clark,312,51,0,12
500510,8/7/21,8/31/26,Clark,1850,1390,7,18
500511,5/26/21,9/8/26,Clark,1931,1642,6,18
500512,3/4/22,7/30/26,Clark,1609,137,6,12
500513,1/28/23,7/23/26,Clark,1272,35,0,11
500514,12/25/21,11/16/26,Clark,1787,1275,0,6
500515,11/29/24,11/30/25,Clark,366,17,2,14
500516,1/16/23,2/4/27,Clark,1480,712,2,6
500517,6/14/21,10/22/25,Clark,1591,1073,0,10
500519,10/13/21,7/2/26,Clark,1723,1235,2,9
500520,6/25/21,12/26/26,Clark,2010,1467,0,9
500521,6/28/23,2/13/26,Clark,961,70,7,18
500523,7/12/23,7/28/24,Clark,382,5,0,10
500524,7/12/22,9/13/26,Clay,1524,548,0,5
500525,9/5/21,1/3/27,Clay,1946,1621,6,10
500526,12/22/21,9/20/26,Clay,1733,1314,3,12
500527,9/11/21,1/29/27,Clay,1966,1023,8,16
500528,9/16/21,11/22/24,Clay,1163,966,2,12
500529,8/25/21,2/1/27,Clay,1986,1169,3,10
500530,5/21/23,7/8/26,Clay,1144,991,0,6
500531,8/5/21,10/21/26,Clay,1903,367,0,2
500532,9/5/22,4/20/23,Clay,227,73,12,16
500533,12/2/21,4/1/22,Clay,120,69,2,11
500534,8/9/24,9/28/26,Clay,780,452,0,5
500535,1/4/22,12/6/24,Clay,1067,752,2,18
500536,3/11/22,8/8/22,Clay,150,52,0,3
500537,9/30/21,10/20/26,Clay,1846,1642,2,13
500538,1/12/23,7/23/25,Clay,923,105,0,5
500539,3/7/26,7/14/26,Clay,129,19,8,13
500540,5/3/23,5/20/24,Clay,383,26,2,10
500543,1/13/25,1/21/27,Clay,738,371,0,4
500544,1/3/22,5/7/26,Clay,1585,1329,0,4
500545,3/22/23,8/28/26,Clay,1255,35,0,4
500546,1/28/23,4/26/26,Clay,1184,802,0,5
500549,7/16/22,9/24/23,Clay,435,60,0,9
500550,7/9/21,2/1/27,Clay,2033,1227,0,14
500551,3/7/24,11/17/26,Clay,985,776,2,4
500552,7/5/21,9/24/26,Clay,1907,1549,7,18
500553,7/30/21,8/12/26,Clay,1839,793,0,9
500556,1/10/25,10/10/26,Clay,638,472,13,18
500557,11/13/21,11/9/26,Clay,1822,1432,0,6
500561,6/12/21,12/10/26,Clinton,2007,1642,1,12
500562,12/29/22,3/13/24,Clinton,440,126,9,12
500564,7/7/21,11/26/26,Clinton,1968,1511,0,11
500565,9/7/21,7/27/23,Clinton,688,513,1,7
500566,9/25/21,10/29/26,Clinton,1860,1212,0,12
500567,6/8/21,9/1/26,Clinton,1911,952,6,12
500568,8/27/21,12/14/26,Clinton,1935,1162,6,16
500569,8/3/22,1/16/27,Clinton,1627,599,0,18
500570,8/12/21,12/12/25,Clinton,1583,967,0,10
500571,8/8/21,2/20/27,Clinton,2022,1467,0,4
500572,11/4/21,2/21/27,Clinton,1935,1461,12,18
500573,1/31/25,1/18/27,Clinton,717,514,0,18
500575,5/9/21,1/7/27,Clinton,2069,1642,8,12
500576,2/28/23,11/14/26,Clinton,1355,1096,0,7
500577,11/30/21,11/20/26,Clinton,1816,1617,12,18
500578,11/15/21,1/2/27,Clinton,1874,1642,10,18
500579,10/19/21,3/30/26,Clinton,1623,1286,0,4
500580,9/24/21,6/19/26,Clinton,1729,824,3,7
500581,9/23/25,6/11/26,Clinton,261,32,6,12
500582,12/16/24,6/5/25,Clinton,171,1,0,7
500584,3/18/24,10/9/25,Clinton,570,506,0,16
500587,7/29/22,12/13/25,Clinton,1233,1032,6,8
500588,9/28/22,6/21/26,Clinton,1362,1043,0,6
500589,10/2/21,11/5/25,Clinton,1495,615,14,16
500590,1/3/22,11/28/26,Clinton,1790,1309,0,5
500591,10/10/22,5/27/25,Clinton,960,659,0,3
500592,6/7/21,5/22/26,Clinton,1810,1025,3,18
500593,6/4/21,9/22/26,Clinton,1936,1281,2,12
500594,1/8/22,7/15/26,Clinton,1649,1223,3,18
500595,8/18/21,2/20/26,Clinton,1647,142,6,8
500598,6/18/22,12/8/25,Clinton,1269,1208,4,11
500599,11/1/22,12/15/24,Clinton,775,586,0,18
500600,9/16/21,12/6/23,Clinton,811,609,0,14
500601,8/10/22,12/18/26,Clinton,1591,1078,0,15
500602,10/24/21,6/6/26,Clinton,1686,862,4,9
500603,8/11/22,1/15/27,Clinton,1618,1087,0,6
500604,11/9/23,10/14/26,Coles,1070,530,0,12
500605,11/13/21,5/16/24,Coles,915,774,6,10
500607,1/26/22,8/20/24,Coles,937,682,2,12
500608,9/5/22,1/10/24,Coles,492,80,0,7
500609,12/7/21,8/15/24,Coles,982,610,0,10
500610,10/21/21,8/16/26,Coles,1760,1141,8,16
500611,12/22/21,10/20/25,Coles,1398,625,0,18
500612,9/5/21,2/5/27,Coles,1979,908,6,10
500613,12/27/21,9/13/26,Coles,1721,1642,6,12
500615,5/23/21,11/18/26,Coles,2005,1127,5,18
500616,6/12/21,5/21/24,Coles,1074,574,9,18
500617,3/17/23,1/15/27,Coles,1400,820,2,15
500619,10/14/23,11/3/26,Coles,1116,103,0,9
500620,5/1/24,11/20/24,Coles,203,11,3,9
500621,7/27/23,12/17/24,Coles,509,69,0,6
500622,7/31/21,7/8/26,Coles,1803,434,16,18
500624,5/25/21,10/3/26,Coles,1957,723,0,12
500625,3/10/23,12/2/23,Coles,267,2,6,18
500626,6/20/21,7/3/26,Coles,1839,1642,8,18
500627,2/27/22,1/22/27,Coles,1790,158,0,13
500628,8/25/21,10/18/25,Coles,1515,634,2,8
500629,10/27/21,1/2/27,Coles,1893,464,0,3
500630,7/28/24,2/13/26,Coles,565,75,6,10
500632,5/31/22,10/29/26,Coles,1612,683,11,18
500633,2/7/22,6/11/25,Coles,1220,72,0,2
500635,12/18/21,7/13/26,Coles,1668,326,0,15
500637,4/11/24,2/17/26,Coles,677,85,0,12
500638,5/13/21,1/10/26,Coles,1703,388,6,10
500639,11/1/21,10/22/26,Coles,1816,431,0,6
500640,9/4/21,8/12/26,Coles,1803,839,0,6
500641,9/30/21,12/21/23,Coles,812,31,0,7
500643,11/15/21,1/1/27,Coles,1873,926,0,18
500644,4/12/24,4/29/26,Coles,747,628,0,4
500646,3/17/24,8/25/26,Coles,891,684,0,15
500647,12/1/23,11/6/24,Cook,341,37,0,7
500648,7/1/23,4/21/24,Cook,295,1,6,15
500650,3/16/22,8/17/26,Cook,1615,838,0,11
500651,12/8/21,12/11/26,Cook,1829,945,0,3
500652,8/3/23,11/28/26,Cook,1213,932,0,12
500653,6/9/21,9/18/26,Cook,1927,1191,0,5
500654,7/31/21,8/19/26,Cook,1845,431,3,8
500655,12/11/21,10/12/26,Cook,1766,1071,2,18
500656,7/18/23,3/24/26,Cook,980,742,0,3
500657,12/9/21,7/27/26,Cook,1691,1156,0,17
500658,1/8/22,10/8/26,Cook,1734,1179,0,4
500661,11/16/21,12/19/23,Cook,763,653,5,10
500662,2/28/23,7/2/26,Cook,1220,862,12,18
500663,11/3/24,9/11/25,Cook,312,33,0,6
500664,12/21/24,6/9/25,Cook,170,27,0,8
500665,7/12/21,9/10/26,Cook,1886,345,0,13
500666,6/22/25,12/9/25,Cook,170,22,0,9
500667,7/16/22,4/1/23,Cook,259,103,5,7
500668,10/1/23,1/5/25,Cook,462,54,0,12
500669,9/17/21,9/28/26,Cook,1837,1537,2,10
500671,12/14/21,7/19/26,Cook,1678,1052,3,10
500672,6/16/21,9/15/26,Cook,1917,970,2,12
500673,7/27/21,4/14/26,Cook,1722,1130,0,18
500674,3/15/22,10/8/22,Cook,207,59,8,18
500675,11/16/23,7/14/24,Cook,241,5,0,18
500676,9/21/21,9/15/26,Cook,1820,1642,0,5
500677,4/2/23,9/29/26,Cook,1276,20,2,6
500678,6/28/21,3/2/24,Cook,978,720,0,11
500679,11/22/21,4/1/26,Cook,1591,1081,0,7
500680,6/8/21,5/26/24,Cook,1083,618,11,18
500681,4/7/22,8/4/24,Cook,850,532,0,12
500682,5/31/23,8/19/26,Cook,1176,757,6,9
500683,12/14/21,2/7/26,Cook,1516,56,0,6
500685,9/11/22,1/4/24,Cook,480,52,2,18
500686,8/29/24,2/1/27,Cook,886,223,0,17
500687,6/27/21,1/8/27,Cook,2021,1593,0,5
500688,8/13/21,2/19/27,Cook,2016,100,0,8
500689,1/2/22,10/26/26,Cook,1758,367,3,12
500690,6/27/21,8/15/26,Cook,1875,654,0,2
500691,8/8/21,1/27/26,Cook,1633,281,12,15
500692,11/6/21,12/13/26,Cook,1863,1405,2,18
500693,9/22/22,12/3/26,Cook,1533,802,0,16
500694,11/8/25,1/21/27,Cook,439,198,0,13
500696,10/10/21,11/17/26,Cook,1864,1159,0,15
500697,12/7/21,4/13/23,Cook,492,237,2,10
500699,7/12/21,8/16/25,Cook,1496,786,11,14
500700,10/16/21,7/22/26,Cook,1740,1642,10,18
500702,10/24/21,1/18/26,Cook,1547,474,0,16
500703,8/9/21,9/4/23,Cook,756,331,2,5
500704,3/12/23,2/12/26,Cook,1068,277,0,12
500705,9/4/21,12/22/26,Cook,1935,187,0,18
500706,6/16/21,8/25/26,Cook,1896,1143,4,18
500707,10/19/21,2/6/27,Cook,1936,1642,1,8
500708,12/12/21,7/21/26,Cook,1682,1642,0,10
500709,7/1/21,8/20/26,Cook,1876,946,2,11
500712,1/12/22,11/4/26,Cook,1757,713,1,4
500713,10/7/21,12/23/25,Cook,1538,1167,0,18
500715,6/1/22,4/20/26,Cook,1419,946,0,3
500716,12/28/23,12/7/26,Cook,1075,719,5,8
500717,6/14/21,11/16/26,Cook,1981,1304,0,6
500718,10/14/22,6/19/26,Cook,1344,1055,0,18
500719,9/26/23,10/21/25,Cook,756,35,5,9
500721,5/20/22,7/15/26,Cook,1517,114,0,10
500722,3/26/24,2/14/25,Cook,325,20,0,6
500723,7/18/21,12/17/24,Cook,1248,1004,6,10
500724,5/31/22,4/17/26,Cook,1417,242,0,18
500725,5/7/23,12/2/23,Cook,209,53,11,18
500726,8/7/22,9/18/26,Cook,1503,952,0,6
500728,10/24/24,10/31/26,Cook,737,268,6,18
500730,12/1/21,9/10/26,Cook,1744,390,12,18
500731,8/18/22,9/8/25,Cook,1117,897,17,18
500732,5/20/21,1/10/27,Cook,2061,1608,0,18
500733,5/27/21,6/23/24,Cook,1123,696,4,12
500734,9/19/25,1/5/27,Cook,473,202,0,3
500735,6/23/21,8/5/25,Cook,1504,1106,2,9
500736,1/4/22,7/4/26,Cook,1642,260,6,18
500737,6/13/21,12/26/24,Cook,1292,720,2,9
500738,4/8/24,9/11/24,Cook,156,9,2,13
500739,1/26/23,10/29/26,Cook,1372,234,2,18
500740,8/25/21,5/27/22,Cook,275,122,0,12
500741,6/26/21,12/2/26,Cook,1985,395,2,9
500742,9/12/21,9/25/26,Cook,1839,1242,0,2
500743,8/31/21,6/6/25,Cook,1375,404,10,18
500744,2/11/25,3/10/26,Cook,392,49,0,18
500745,11/2/22,11/19/25,Cook,1113,260,0,15
500746,9/9/21,12/20/26,Cook,1928,286,3,8
500747,12/23/21,12/29/26,Cook,1832,945,3,10
500748,9/9/21,10/23/26,Cook,1870,1112,14,18
500749,7/24/23,8/25/26,Cook,1128,901,0,18
500750,4/5/22,5/30/23,Cook,420,121,2,5
500751,10/31/24,7/9/25,Cook,251,1,7,9
500752,12/2/21,5/28/22,Cook,177,25,0,4
500753,1/9/24,11/21/24,Cook,317,35,0,11
500754,3/6/23,7/15/26,Cook,1227,26,0,18
500756,11/27/21,2/22/27,Cook,1913,1642,2,6
500757,12/20/21,12/14/25,Cook,1455,1178,0,18
500758,5/25/22,2/17/26,Cook,1364,1198,6,10
500759,6/11/23,2/17/24,Cook,251,1,0,7
500760,12/19/21,6/27/22,Cook,190,11,0,5
500762,10/20/21,4/15/26,Cook,1638,586,0,6
500763,8/23/21,12/7/24,Cook,1202,1048,2,14
500764,5/24/25,4/26/26,Cook,337,13,0,4
500766,1/6/26,10/14/26,Cook,281,20,5,18
500770,11/5/22,10/2/23,Cook,331,14,17,18
500771,6/1/21,8/8/26,Cook,1894,996,11,18
500772,1/19/22,12/8/26,Cook,1784,1084,0,18
500773,9/10/22,12/24/25,Cook,1201,817,3,5
500774,7/2/21,10/20/26,Cook,1936,987,0,18
500775,7/7/21,5/10/25,Cook,1403,969,4,10
500776,7/8/21,5/27/24,Cook,1054,710,3,10
500778,1/8/23,11/5/23,Cook,301,71,17,18
500779,8/24/21,8/16/26,Cook,1818,1172,6,9
500780,11/30/21,2/26/26,Cook,1549,1012,0,11
500781,12/30/21,11/8/25,Cook,1409,672,2,17
500783,12/27/21,12/10/26,Cook,1809,1225,6,10
500785,10/26/24,11/22/26,Cook,757,459,16,18
500786,7/22/23,12/6/23,Cook,137,3,10,16
500788,3/7/22,11/18/25,Cook,1352,1004,0,5
500789,12/25/21,11/16/26,Cook,1787,706,0,11
500791,3/30/22,10/17/22,Cook,201,21,0,11
500792,1/8/22,9/26/26,Cook,1722,1199,4,11
500793,11/12/21,9/26/24,Cook,1049,129,7,16
500794,7/13/22,10/28/26,Cook,1568,101,0,8
500795,6/17/21,7/15/26,Cook,1854,1642,0,5
500796,7/18/21,12/15/24,Cook,1246,115,8,10
500797,6/27/21,12/7/26,Cook,1989,1048,0,8
500798,3/23/22,12/14/25,Cook,1362,910,0,11
500801,2/1/22,5/24/22,Cook,112,6,3,15
500802,1/8/22,7/28/26,Cook,1662,203,0,11
500803,7/20/25,5/12/26,Cook,296,2,2,18
500804,9/1/21,2/24/25,Cook,1272,127,0,18
500805,10/8/21,8/23/26,Cook,1780,987,5,10
500806,8/11/24,8/25/26,Cook,744,469,10,12
500807,7/2/21,9/4/26,Cook,1890,213,5,12
500808,7/25/21,12/27/26,Cook,1981,341,10,18
500811,5/2/22,2/13/27,Cook,1748,806,6,12
500812,3/4/22,4/7/25,Cook,1130,19,0,2
500813,7/5/21,8/14/26,Cook,1866,876,5,17
500815,2/17/22,10/1/24,Cook,957,136,6,18
500817,3/23/23,11/5/26,Cook,1323,461,0,18
500819,6/16/21,7/22/26,Cook,1862,1642,17,18
500820,12/9/21,8/13/26,Cook,1708,1642,0,8
500821,3/21/22,9/20/26,Cook,1644,175,0,11
500823,7/28/21,12/5/26,Cook,1956,755,6,8
500824,8/4/21,9/22/26,Cook,1875,1090,0,18
500825,1/6/25,11/22/26,Cook,685,313,3,11
500826,1/26/22,8/9/26,Cook,1656,363,0,3
500827,12/16/21,6/9/24,Cook,906,575,15,18
500829,5/29/21,9/4/26,Cook,1924,1169,2,8
500830,6/29/21,7/3/26,Cook,1830,689,6,18
500831,7/1/21,8/4/26,Cook,1860,1256,0,18
500832,5/15/23,4/19/24,Cook,340,47,0,6
500833,12/10/21,3/22/26,Cook,1563,311,8,18
500835,8/27/21,1/13/27,Cook,1965,279,2,4
500837,6/25/21,5/29/26,Cook,1799,901,0,10
500838,8/12/24,12/23/26,Cook,863,292,0,10
500840,12/26/21,6/5/24,Cook,892,143,8,10
500844,10/26/22,8/27/25,Cook,1036,818,3,6
500845,7/22/21,2/2/27,Cook,2021,1114,12,15
500846,11/6/22,12/24/23,Cook,413,7,6,18
500847,10/27/21,12/4/24,Cook,1134,783,0,18
500848,11/14/22,10/14/24,Cook,700,575,6,10
500849,9/19/21,1/7/27,Cook,1936,490,4,18
500850,7/20/21,12/8/25,Cook,1602,902,12,16
500852,12/8/22,12/8/26,Cook,1461,650,1,17
500853,7/18/22,4/3/24,Cook,625,197,6,14
500854,5/29/22,1/12/23,Cook,228,12,3,18
500855,11/3/21,1/19/23,Cook,442,63,0,10
500856,6/7/21,5/20/26,Cook,1808,860,11,18
500857,10/7/21,1/31/23,Cook,481,356,12,17
500858,10/15/21,5/23/26,Cook,1681,1088,8,18
500859,9/22/21,7/24/26,Cook,1766,743,0,11
500861,8/18/21,6/24/25,Cook,1406,1181,2,18
500862,9/15/21,11/12/26,Cook,1884,1600,0,6
500863,11/15/25,6/27/26,Cook,224,27,0,18
500864,1/3/22,10/23/25,Cook,1389,812,2,5
500865,8/19/21,8/14/22,Cook,360,93,0,15
500866,12/18/21,11/14/24,Cook,1062,282,0,6
500867,9/23/22,7/4/26,Cook,1380,201,0,10
500868,9/6/21,8/23/26,Cook,1812,322,3,16
500869,10/18/21,8/3/26,Cook,1750,799,0,11
500872,5/15/21,9/5/26,Cook,1939,507,13,18
500873,7/26/24,6/17/26,Cook,691,276,7,18
500875,8/15/21,1/21/26,Cook,1620,907,0,15
500876,12/18/22,5/8/24,Cook,507,63,3,12
500878,10/22/21,8/30/26,Cook,1773,882,0,8
500879,3/5/25,10/4/26,Cook,578,357,0,18
500880,12/22/21,7/14/22,Cook,204,112,0,2
500881,10/20/25,3/9/26,Cook,140,39,6,11
500882,7/1/21,3/1/25,Cook,1339,843,0,8
500883,4/25/25,11/24/26,Cook,578,232,3,18
500884,4/14/24,8/19/26,Cook,857,757,0,18
500885,5/22/21,1/9/27,Cook,2058,1495,3,18
500886,2/14/26,11/15/26,Cook,274,71,0,9
500887,7/18/21,1/26/25,Cook,1288,835,2,5
500888,12/31/21,11/29/26,Cook,1794,814,2,18
500889,11/9/24,6/11/25,Cook,214,5,2,18
500890,1/6/22,3/30/25,Cook,1179,820,6,15
500891,3/29/22,1/22/27,Cook,1760,976,16,18
500893,6/11/21,7/13/26,Cook,1858,1343,2,6
500894,12/4/21,8/25/26,Cook,1725,1044,6,11
500896,6/29/25,12/18/26,Cook,537,348,6,11
500898,8/4/21,1/2/27,Cook,1977,108,0,10
500900,5/25/22,3/16/25,Cook,1026,669,5,10
500901,1/26/22,6/26/22,Cook,151,17,11,13
500902,12/26/21,1/31/27,Cook,1862,576,0,3
500903,9/21/22,8/27/26,Cook,1436,1152,0,15
500904,11/18/21,8/7/26,Cook,1723,1515,5,12
500906,9/22/25,1/5/26,Cook,105,9,0,18
500907,12/8/21,2/22/27,Cook,1902,1354,6,15
500909,1/31/25,9/3/25,Cook,215,12,2,18
500911,9/24/24,4/10/25,Cook,198,8,0,3
500912,5/27/22,5/13/26,Cook,1447,1176,10,12
500913,8/17/21,7/25/26,Cook,1803,961,12,18
500914,10/14/25,2/7/26,Cook,116,19,2,6
500915,11/23/21,8/12/26,Cook,1723,1101,4,11
500916,7/17/21,5/18/26,Cook,1766,414,2,4
500917,11/23/22,4/24/23,Cook,152,1,0,15
500918,8/7/24,5/15/25,Cook,281,234,0,18
500919,10/23/21,8/28/26,Cook,1770,1642,5,11
500920,12/18/21,2/23/24,Cook,797,605,2,15
500921,10/11/21,1/4/27,Cook,1911,1510,0,18
500923,7/9/21,12/17/26,Cook,1987,443,0,6
500924,6/15/23,8/15/24,Cook,427,30,0,8
500925,10/31/22,7/21/23,Cook,263,11,2,18
500926,9/13/22,3/10/26,Cook,1274,41,0,18
500927,9/2/21,1/26/27,Cook,1972,1642,6,16
500928,12/12/22,11/29/25,Cook,1083,185,3,5
500929,3/7/24,10/16/24,Cook,223,14,3,18
500930,3/25/22,1/20/27,Cook,1762,267,10,18
500931,12/29/21,2/27/25,Cook,1156,401,0,16
500932,10/8/25,9/19/26,Cook,346,2,0,18
500933,10/13/21,2/16/22,Cook,126,15,0,5
500934,7/14/21,6/10/26,Cook,1792,40,0,16
500935,12/25/21,11/23/26,Cook,1794,1642,0,12
500936,11/3/23,6/23/26,Cook,963,753,3,11
500937,4/5/22,9/12/26,Cook,1621,1482,6,10
500939,9/16/21,3/26/26,Cook,1652,1465,0,5
500940,12/12/22,4/19/25,Cook,859,641,0,18
500941,7/5/21,10/1/26,Cook,1914,1243,0,6
500943,3/30/22,9/7/26,Cook,1622,227,0,11
500944,1/5/22,11/6/26,Cook,1766,1077,4,18
500946,12/19/21,7/17/23,Cook,575,361,2,18
500948,7/30/21,8/1/26,Cook,1828,725,4,18
500949,8/21/21,11/1/24,Cook,1168,874,0,18
500950,1/23/22,1/27/23,Cook,369,16,2,18
500951,7/25/21,9/7/25,Cook,1505,1071,12,18
500952,9/8/21,9/13/26,Cook,1831,1642,8,10
500953,1/7/22,10/27/26,Cook,1754,1179,0,8
500954,10/30/21,8/28/26,Cook,1763,893,1,10
500955,12/14/21,12/25/22,Cook,376,133,3,7
500956,5/24/23,12/24/24,Cook,580,281,14,17
500957,9/26/21,8/14/26,Cook,1783,1642,0,16
500959,8/26/21,12/4/26,Cook,1926,1642,12,15
500961,8/19/21,11/25/26,Cook,1924,1078,8,12
500962,3/24/25,1/23/27,Cook,670,285,1,8
500963,5/25/21,3/18/26,Cook,1758,772,6,18
500964,10/26/21,2/15/27,Cook,1938,437,0,7
500965,10/2/22,4/20/26,Cook,1296,235,0,18
500966,9/2/21,8/1/26,Cook,1794,1512,1,12
500967,9/24/25,4/17/26,Cook,205,63,0,5
500968,8/22/21,8/16/26,Cook,1820,1642,0,12
500970,5/19/21,7/8/26,Cook,1876,387,0,5
500972,4/14/23,2/6/24,Cook,298,105,11,16
500973,11/28/21,1/26/27,Cook,1885,1642,14,18
500975,11/24/21,10/18/25,Cook,1424,1005,0,8
500977,5/16/21,8/22/22,Cook,463,1,1,12
500978,6/19/21,5/19/26,Cook,1795,1140,0,10
500979,11/4/21,4/14/25,Cook,1257,983,0,12
500980,8/4/21,7/4/22,Cook,334,87,0,10
500981,7/17/21,12/10/26,Cook,1972,1297,0,5
500982,5/30/21,2/13/27,Cook,2085,1442,0,10
500983,1/8/23,7/6/26,Cook,1275,1080,0,18
500984,1/12/25,1/29/26,Cook,382,119,0,5
500985,1/26/22,12/5/25,Cook,1409,1224,0,13
500986,10/25/21,6/6/26,Cook,1685,958,5,10
500987,10/30/21,8/9/26,Cook,1744,1642,0,7
500988,2/10/23,3/25/26,Cook,1139,655,8,18
500989,12/31/21,1/26/27,Cook,1852,1095,2,7
500990,9/2/25,10/14/26,Cook,407,110,0,5
500991,12/15/21,12/8/26,Cook,1819,1412,2,18
500994,6/4/22,2/23/27,Cook,1725,656,11,13
500995,9/28/25,6/26/26,Cook,271,6,0,10
500996,9/13/21,12/12/26,Cook,1916,1596,1,13
500997,8/2/22,7/31/24,Cook,729,39,6,18
500998,9/6/21,7/27/26,Cook,1785,1479,0,6
500999,10/22/21,11/1/26,Cook,1836,1642,0,5
501000,5/20/23,5/24/25,Cook,735,80,6,13
501001,8/6/23,3/4/25,Cook,576,23,0,8
501002,8/26/21,9/3/26,Cook,1834,390,0,18
501004,4/9/22,8/4/26,Cook,1578,478,0,10
501005,11/27/23,9/18/25,Cook,661,126,0,16
501006,1/18/24,10/24/24,Cook,280,2,2,18
501007,4/30/24,11/9/26,Cook,923,714,2,7
501008,3/31/24,6/14/25,Cook,440,33,2,10
501009,4/15/25,10/30/26,Cook,563,222,4,18
501010,4/24/22,2/22/26,Cook,1400,697,0,12
501011,10/10/22,5/1/26,Cook,1299,869,0,18
501012,1/28/25,8/10/26,Cook,559,313,0,5
501014,10/7/23,11/10/26,Cook,1130,819,0,12
501015,7/11/23,3/9/26,Cook,972,779,4,9
501016,5/14/21,6/7/25,Cook,1485,943,5,18
501017,5/22/22,9/27/26,Cook,1589,506,0,18
501018,10/5/21,11/7/25,Cook,1494,334,6,12
501019,12/29/22,4/18/24,Cook,476,19,10,13
501020,9/2/23,8/8/24,Cook,341,59,0,10
501021,12/26/21,11/4/26,Cook,1774,1464,3,6
501022,5/10/22,11/17/26,Cook,1652,930,0,11
501023,4/25/23,12/3/26,Cook,1318,1044,0,7
501024,12/27/21,2/7/26,Cook,1503,128,0,6
501025,11/10/21,12/14/26,Cook,1860,329,0,5
501026,8/19/22,1/27/26,Cook,1257,179,0,9
501030,12/9/21,7/2/26,Cook,1666,980,2,12
501031,1/19/23,6/9/24,Cook,507,99,5,18
501033,2/14/22,9/29/23,Cook,592,48,0,10
501034,10/27/21,1/20/26,Cook,1546,100,6,12
501035,12/23/21,6/2/24,Cook,892,103,0,18
501036,5/1/24,4/1/26,Cook,700,94,0,16
501038,6/27/22,7/19/26,Crawford,1483,1096,6,10
501039,1/2/22,7/9/26,Crawford,1649,1232,7,15
501040,9/24/22,1/2/26,Crawford,1196,25,0,9
501041,12/23/25,10/9/26,Crawford,290,103,0,5
501042,7/26/21,5/3/26,Crawford,1742,454,4,11
501043,10/12/21,1/2/26,Crawford,1543,21,0,5
501045,3/18/23,2/9/27,Crawford,1424,455,2,6
501046,10/20/21,11/27/25,Crawford,1499,647,2,11
501047,6/9/21,2/18/27,Crawford,2080,450,0,18
501049,6/28/21,5/13/26,Crawford,1780,1247,0,6
501050,2/3/22,10/5/26,Crawford,1705,1485,0,14
501051,10/20/21,10/26/26,Crawford,1832,1582,8,12
501052,8/3/25,10/31/26,Crawford,454,160,14,18
501053,11/4/21,10/18/23,Crawford,713,562,0,4
501054,12/2/22,3/6/26,Crawford,1190,978,0,7
501055,12/28/21,8/15/25,Crawford,1326,540,10,18
501056,12/23/21,10/8/26,Crawford,1750,764,15,18
501057,7/27/25,7/15/26,Crawford,353,46,0,6
501058,10/22/21,2/25/26,Crawford,1587,1366,6,13
501060,7/14/21,11/6/26,Crawford,1941,974,0,5
501061,11/21/21,12/29/26,Crawford,1864,1553,5,8
501062,7/26/21,10/19/25,Crawford,1546,158,5,18
501063,6/11/24,1/22/27,Crawford,955,235,0,6
501064,2/27/22,1/10/25,Crawford,1048,441,0,18
501065,7/4/22,11/14/23,Crawford,498,103,4,12
501067,6/26/22,6/6/25,Crawford,1076,505,0,13
501068,6/4/21,1/19/27,Crawford,2055,1578,0,18
501069,8/27/21,12/21/26,Crawford,1942,1616,0,14
501070,9/26/21,8/31/26,Crawford,1800,587,0,2
501073,5/18/21,11/22/26,Crawford,2014,1593,0,5
501074,6/14/21,8/5/26,Cumberland,1878,1642,2,18
501075,9/15/21,8/21/26,Cumberland,1801,223,0,10
501076,6/3/22,8/11/26,Cumberland,1530,246,0,2
501077,8/25/21,10/20/26,Cumberland,1882,1029,0,18
501078,5/12/22,8/13/25,Cumberland,1189,984,1,9
501079,1/26/25,4/5/26,Cumberland,434,106,0,18
501080,9/13/21,12/5/26,Cumberland,1909,1429,3,8
501082,5/15/21,5/15/26,Cumberland,1826,529,4,13
501083,5/20/21,10/27/26,Cumberland,1986,1253,0,4
501084,3/28/22,11/25/26,Cumberland,1703,1491,0,16
501085,12/13/21,5/13/24,Cumberland,882,694,10,18
501086,5/24/22,2/14/27,Cumberland,1727,575,5,17
501087,1/19/22,3/7/26,Cumberland,1508,1211,0,3
501088,7/11/21,12/19/26,Cumberland,1987,1599,0,18
501089,12/24/21,8/15/26,Cumberland,1695,1506,0,6
501090,12/19/21,2/20/25,Cumberland,1159,1045,3,5
501091,12/8/21,12/7/26,Cumberland,1825,65,0,12
501092,8/12/21,10/21/26,Cumberland,1896,1642,0,4
501093,7/8/25,1/20/27,Cumberland,561,145,2,14
501095,2/4/23,2/1/27,Cumberland,1458,728,0,5
501097,2/6/22,7/1/26,Cumberland,1606,756,3,10
501098,10/21/21,12/12/26,Cumberland,1878,1438,0,6
501099,5/14/21,8/30/26,Cumberland,1934,1642,0,12
501100,12/12/21,7/11/26,Cumberland,1672,1227,0,16
501101,11/6/21,1/17/27,Cumberland,1898,1065,4,12
501102,12/24/21,8/22/26,Cumberland,1702,379,0,16
501103,6/24/24,9/15/26,Cumberland,813,248,0,7
501105,5/12/22,6/30/23,Cumberland,414,41,2,4
501106,9/19/21,8/21/26,Cumberland,1797,256,6,12
501107,2/28/25,2/27/26,Cumberland,364,33,0,15
501110,10/12/23,9/20/24,Cumberland,344,3,0,11
501112,6/13/21,9/27/23,Cumberland,836,437,0,2
501114,12/29/21,1/2/26,Cumberland,1465,1057,6,11
501115,4/23/25,10/15/25,Cumberland,175,71,2,18
501116,11/7/21,3/31/25,De Witt,1240,475,10,16
501117,11/13/21,2/1/27,De Witt,1906,1141,0,10
501118,11/14/24,11/14/25,De Witt,365,55,0,3
501119,4/29/24,12/15/24,De Witt,230,72,0,5
501121,10/7/21,2/20/27,De Witt,1962,114,2,9
501122,12/13/21,6/28/25,De Witt,1293,96,0,12
501123,6/13/25,9/8/26,De Witt,452,324,0,2
501124,5/17/21,8/18/26,De Witt,1919,1249,7,13
501125,7/25/23,8/18/24,De Witt,390,25,10,18
501127,6/23/24,8/10/26,De Witt,778,650,0,11
501128,5/19/25,11/8/25,De Witt,173,23,0,8
501129,5/28/23,8/17/26,De Witt,1177,218,0,13
501130,6/21/21,7/2/26,De Witt,1837,1387,0,12
501131,9/25/21,11/18/26,De Witt,1880,1445,0,14
501132,1/24/22,12/9/23,De Witt,684,363,3,8
501133,11/5/21,9/13/26,De Witt,1773,1642,0,7
501134,3/17/24,1/19/27,De Witt,1038,669,2,5
501135,5/27/21,11/10/25,De Witt,1628,369,0,4
501138,8/1/22,3/19/23,De Witt,230,83,9,12
501140,12/25/21,1/30/27,De Witt,1862,970,0,5
501141,12/31/21,11/16/26,De Witt,1781,873,0,15
501142,11/1/24,10/3/26,De Witt,701,485,0,15
501143,9/18/24,6/10/25,De Witt,265,80,7,10
501144,10/7/21,1/24/27,De Witt,1935,995,5,18
501145,12/16/21,1/15/27,De Witt,1856,1618,5,17
501146,7/26/21,12/3/25,De Witt,1591,289,0,5
501147,9/1/23,9/16/24,De Witt,381,87,0,18
501148,1/16/23,3/17/24,De Witt,426,17,0,18
501149,10/17/21,3/20/26,De Witt,1615,557,2,10
501150,10/22/21,4/30/22,De Witt,190,11,0,8
501151,6/2/22,8/29/26,De Witt,1549,97,0,5
501152,5/1/22,1/2/25,De Witt,977,609,0,4
501154,9/21/21,10/10/26,De Witt,1845,1449,0,10
501155,3/3/24,4/30/26,De Witt,788,692,2,10
501156,10/23/21,8/11/26,De Witt,1753,975,0,11
501157,12/22/21,8/23/26,De Witt,1705,781,3,11
501158,5/5/23,8/19/26,De Witt,1202,86,6,18
501159,8/31/21,2/15/26,De Witt,1629,1107,0,18
501160,12/16/21,6/4/25,De Witt,1266,1180,6,18
501162,9/1/21,2/7/26,De Witt,1620,1186,0,11
501163,12/18/21,7/17/26,De Witt,1672,308,2,16
501164,6/6/22,9/23/25,De Witt,1205,984,9,18
501165,2/2/22,2/16/24,De Witt,744,504,2,11
501166,11/9/21,2/27/23,De Witt,475,34,0,5
501167,4/21/22,2/26/26,De Witt,1407,577,13,18
501168,10/14/25,7/8/26,De Witt,267,42,0,12
501169,2/7/22,7/23/24,DeKalb,897,554,0,12
501170,11/27/23,2/12/26,DeKalb,808,89,6,11
501171,2/13/23,8/24/26,DeKalb,1288,268,2,12
501172,2/28/24,11/29/24,DeKalb,275,33,3,12
501174,10/3/21,6/15/22,DeKalb,255,14,0,18
501175,11/21/21,12/31/25,DeKalb,1501,449,0,10
501176,6/6/23,8/17/24,DeKalb,438,76,0,7
501177,10/10/24,4/2/26,DeKalb,539,217,7,12
501178,3/12/22,9/23/26,DeKalb,1656,1244,0,16
501179,10/21/21,10/14/25,DeKalb,1454,1006,0,11
501180,7/27/21,12/25/24,DeKalb,1247,399,0,7
501181,2/21/22,2/18/27,DeKalb,1823,795,2,7
501182,11/8/21,1/12/27,DeKalb,1891,832,0,4
501183,9/10/21,8/12/26,DeKalb,1797,1642,0,4
501184,12/15/21,5/2/24,DeKalb,869,749,0,5
501185,4/10/23,12/26/26,DeKalb,1356,495,0,5
501186,2/15/25,12/19/25,DeKalb,307,29,6,8
501188,3/21/22,10/17/24,DeKalb,941,171,0,6
501189,4/3/22,2/9/25,DeKalb,1043,86,2,18
501190,1/6/23,3/6/24,DeKalb,425,10,0,14
501191,1/30/22,7/15/25,DeKalb,1262,74,0,18
501192,7/25/22,8/4/23,DeKalb,375,5,0,5
501193,12/12/23,9/23/24,DeKalb,286,60,0,6
501194,12/25/21,1/11/27,DeKalb,1843,914,0,18
501196,11/21/21,4/8/24,DeKalb,869,637,0,6
501197,1/29/23,3/30/24,DeKalb,426,53,0,12
501198,6/22/21,11/23/26,DeKalb,1980,1632,3,7
501199,10/12/21,9/9/26,DeKalb,1793,1376,10,13
501200,6/12/21,3/21/23,DeKalb,647,415,0,13
501201,12/7/21,2/26/26,DeKalb,1542,729,0,4
501202,3/8/24,2/20/26,DeKalb,714,621,6,8
501203,12/29/23,10/25/24,DeKalb,301,28,0,5
501205,5/23/22,2/6/27,DeKalb,1720,945,0,13
501206,7/26/24,6/17/25,DeKalb,326,16,0,18
501207,8/16/21,12/31/25,DeKalb,1598,1204,0,14
501208,2/26/25,3/20/26,DeKalb,387,56,0,4
501209,9/19/25,7/18/26,DeKalb,302,86,0,10
501211,6/15/21,1/21/27,DeKalb,2046,1589,0,18
501212,9/25/21,12/28/23,DeKalb,824,577,6,18
501214,6/25/21,10/23/26,DeKalb,1946,954,11,18
501215,8/5/22,9/9/26,DeKalb,1496,623,0,18
501216,8/21/22,10/11/26,DeKalb,1512,156,0,7
501217,6/16/21,1/25/27,DeKalb,2049,1275,0,14
501218,1/3/24,4/10/25,DeKalb,463,74,1,18
501219,8/16/21,11/11/26,DeKalb,1913,1050,5,9
501220,12/31/21,8/4/25,DeKalb,1312,1248,0,5
501221,10/3/21,10/10/25,DeKalb,1468,1124,5,14
501222,7/15/21,12/10/26,DeKalb,1974,1628,2,9
501223,8/30/21,7/28/26,DeKalb,1793,1498,0,18
501224,10/25/22,3/26/23,DeKalb,152,31,0,18
501226,8/30/24,2/17/26,DeKalb,536,481,12,18
501227,6/20/21,12/4/26,DeKalb,1993,1280,0,18
501228,3/21/24,4/4/25,DeKalb,379,7,6,18
501229,1/25/23,2/18/27,Douglas,1485,173,0,12
501230,7/31/21,12/13/26,Douglas,1961,1551,0,13
501231,8/4/21,8/24/26,Douglas,1846,753,0,18
501233,9/15/21,4/29/26,Douglas,1687,1146,4,6
501234,8/12/21,7/7/26,Douglas,1790,634,0,7
501235,5/13/21,4/22/26,Douglas,1805,653,1,7
501236,5/30/22,1/23/27,Douglas,1699,959,2,9
501237,11/5/21,9/9/26,Douglas,1769,614,15,18
501238,8/20/21,11/6/26,Douglas,1904,812,0,5
501239,11/2/23,12/30/26,Douglas,1154,323,0,12
501241,12/2/21,9/2/26,Douglas,1735,1318,0,12
501242,6/6/21,1/29/27,Douglas,2063,1599,12,18
501243,12/15/21,6/17/26,Douglas,1645,1421,0,7
501244,5/20/21,2/6/27,Douglas,2088,644,2,5
501245,5/15/21,12/3/26,Douglas,2028,1230,0,5
501248,6/22/22,1/24/27,Douglas,1677,269,2,10
501250,8/22/22,3/24/23,Douglas,214,10,0,7
501251,6/28/22,9/4/26,Douglas,1529,210,0,4
501252,8/10/21,9/5/26,Douglas,1852,779,0,12
501254,1/27/23,7/17/25,Douglas,902,39,2,9
501255,5/25/21,6/28/25,Douglas,1495,123,0,12
501256,8/19/21,10/19/26,Douglas,1887,1642,2,10
501258,10/29/21,2/11/27,Douglas,1931,1240,0,12
501259,12/4/23,8/7/26,Douglas,977,509,0,5
501260,8/30/22,4/30/26,Douglas,1339,212,0,18
501261,12/8/21,1/8/26,Douglas,1492,569,4,14
501262,8/25/21,1/1/27,Douglas,1955,1642,0,16
501263,8/16/21,10/29/25,Douglas,1535,395,0,10
501264,9/25/21,10/7/26,Douglas,1838,34,0,10
501265,12/15/22,12/8/26,Douglas,1454,478,0,13
501267,10/16/21,3/31/26,Douglas,1627,98,16,18
501268,8/16/21,12/12/26,Douglas,1944,1535,5,18
501269,12/15/21,11/4/26,Douglas,1785,1642,0,12
501270,7/4/21,10/16/26,Douglas,1930,1498,8,12
501271,8/13/21,10/18/26,Douglas,1892,1642,2,9
501272,10/6/21,3/28/26,Douglas,1634,133,3,8
501273,12/7/22,11/2/26,Douglas,1426,503,0,18
501274,10/27/21,4/1/25,DuPage,1252,893,6,10
501275,9/14/21,1/25/27,DuPage,1959,1534,0,7
501276,4/20/22,3/28/26,DuPage,1438,1156,0,10
501277,12/5/22,5/11/26,DuPage,1253,959,0,16
501278,8/28/21,9/6/26,DuPage,1835,1311,6,18
501279,4/20/23,8/6/26,DuPage,1204,91,2,13
501280,8/4/21,1/23/27,DuPage,1998,1221,16,18
501281,9/5/24,1/28/25,DuPage,145,15,6,12
501282,6/1/21,11/8/26,DuPage,1986,864,2,4
501285,10/6/21,11/10/24,DuPage,1131,262,0,18
501286,7/18/21,8/11/26,DuPage,1850,1642,7,10
501287,7/25/21,9/3/26,DuPage,1866,1642,0,18
501288,1/18/22,12/25/26,DuPage,1802,957,0,18
501289,7/12/22,1/23/27,DuPage,1656,1212,3,6
501290,10/24/23,12/6/26,DuPage,1139,953,2,12
501291,6/27/22,11/18/22,DuPage,144,4,6,8
501292,6/18/21,1/1/23,DuPage,562,296,0,18
501293,6/14/24,1/12/27,DuPage,942,595,0,18
501294,5/14/22,9/7/26,DuPage,1577,650,0,18
501295,5/12/23,6/18/25,DuPage,768,597,5,12
501296,5/31/21,9/9/26,DuPage,1927,1529,2,6
501298,2/11/23,1/10/27,DuPage,1429,513,2,6
501299,5/23/21,9/15/25,DuPage,1576,489,0,18
501300,6/20/22,12/26/26,DuPage,1650,146,0,4
501301,3/25/23,11/11/26,DuPage,1327,1051,2,4
501302,11/24/21,1/24/27,DuPage,1887,1475,6,8
501303,9/28/21,9/12/26,DuPage,1810,1246,0,6
501304,5/16/21,2/10/27,DuPage,2096,1060,0,12
501305,10/29/21,9/2/25,DuPage,1404,765,5,7
501306,1/5/24,11/6/26,DuPage,1036,224,0,7
501307,11/5/21,9/18/26,DuPage,1778,1421,6,18
501308,3/20/24,10/5/26,DuPage,929,617,0,16
501309,11/27/22,10/30/26,DuPage,1433,754,0,6
501310,8/15/25,9/1/26,DuPage,382,91,17,18
501311,10/6/21,10/6/22,DuPage,365,3,0,18
501312,5/12/23,2/11/24,DuPage,275,46,2,11
501314,12/11/21,2/19/27,DuPage,1896,1642,3,10
501315,8/10/21,8/11/26,DuPage,1827,1580,0,7
501317,6/4/21,12/3/26,DuPage,2008,1505,12,18
501318,10/25/24,7/7/25,DuPage,255,4,6,14
501319,4/13/24,4/24/25,DuPage,376,28,0,12
501322,5/18/21,6/19/25,DuPage,1493,163,0,18
501323,10/16/21,12/17/26,DuPage,1888,1031,0,4
501324,12/29/21,12/7/26,DuPage,1804,576,0,3
501326,12/9/21,5/9/26,DuPage,1612,475,2,6
501327,5/25/21,11/28/26,DuPage,2013,1109,0,18
501328,12/25/21,11/9/26,DuPage,1780,1642,2,7
501329,8/15/21,4/27/26,DuPage,1716,868,4,12
501330,9/4/21,9/29/26,DuPage,1851,1642,9,18
501331,10/20/21,9/9/26,DuPage,1785,1642,12,14
501332,10/11/22,8/7/24,DuPage,666,58,0,14
501333,8/13/22,2/6/25,DuPage,908,96,0,5
501334,7/21/25,8/22/25,DuPage,32,2,0,15
501335,8/18/21,10/21/26,DuPage,1890,1610,7,16
501336,7/23/21,10/20/24,DuPage,1185,870,12,18
501337,5/18/21,4/14/26,DuPage,1792,624,0,9
501338,6/3/21,2/9/27,DuPage,2077,1637,0,10
501340,6/25/21,10/27/26,DuPage,1950,1591,6,18
501341,7/1/21,8/28/26,DuPage,1884,1409,0,12
501343,8/3/23,2/22/26,DuPage,934,557,0,9
501345,12/16/24,1/8/27,DuPage,753,491,0,10
501346,5/29/21,4/1/23,DuPage,672,302,2,11
501347,1/3/25,10/18/26,DuPage,653,446,0,18
501349,11/28/21,5/30/26,DuPage,1644,1459,11,15
501350,7/4/21,10/23/26,DuPage,1937,1429,0,2
501351,12/31/21,1/22/25,DuPage,1118,865,0,11
501352,12/20/21,9/9/26,DuPage,1724,1418,2,9
501353,3/25/24,12/2/24,DuPage,252,9,0,11
501354,7/11/21,2/22/23,DuPage,591,394,1,15
501355,8/2/21,7/8/26,DuPage,1801,1066,11,17
501356,12/5/21,7/10/26,DuPage,1678,1642,0,7
501357,10/12/21,10/10/24,DuPage,1094,832,2,10
501358,6/11/21,12/5/24,DuPage,1273,745,0,11
501359,4/19/23,8/22/26,DuPage,1221,528,1,12
501360,11/9/21,9/23/26,DuPage,1779,1235,6,11
501363,6/3/21,7/2/26,DuPage,1855,110,6,10
501364,1/15/22,12/16/26,DuPage,1796,810,0,2
501365,12/4/21,8/20/26,DuPage,1720,1642,9,18
501366,8/7/21,1/11/27,DuPage,1983,1477,2,6
501367,10/1/21,8/6/26,DuPage,1770,1475,0,8
501369,2/26/23,9/24/26,DuPage,1306,629,0,10
501370,5/4/24,4/13/25,DuPage,344,54,0,10
501371,8/7/21,12/30/26,DuPage,1971,1525,0,12
501372,11/10/21,5/24/25,DuPage,1291,801,0,3
501373,10/18/21,10/31/26,DuPage,1839,610,0,5
501374,8/7/23,11/4/25,DuPage,820,499,0,7
501375,4/30/22,11/3/25,DuPage,1283,1169,4,11
501377,10/17/21,9/27/24,DuPage,1076,513,0,5
501378,6/17/25,11/5/26,DuPage,506,165,6,18
501380,3/25/23,12/20/26,DuPage,1366,1054,4,9
501381,5/12/22,3/7/25,DuPage,1030,776,0,3
501382,5/19/22,3/9/23,DuPage,294,2,0,18
501383,8/29/21,12/2/24,DuPage,1191,1021,2,10
501384,10/4/21,12/1/26,DuPage,1884,1034,8,18
501385,12/1/21,1/31/26,DuPage,1522,172,0,15
501386,10/22/24,2/11/27,DuPage,842,173,9,17
501387,2/28/23,2/23/26,DuPage,1091,1012,0,9
501388,2/4/22,9/20/26,DuPage,1689,1334,5,18
501389,1/28/22,9/29/26,DuPage,1705,1172,1,8
501391,5/14/24,2/4/25,DuPage,266,37,2,7
501392,11/29/23,10/15/26,DuPage,1051,202,0,10
501393,12/3/24,1/8/27,DuPage,766,340,0,5
501394,11/15/21,3/17/26,DuPage,1583,18,6,10
501395,12/18/21,10/29/25,DuPage,1411,928,4,7
501396,10/29/21,9/17/26,DuPage,1784,1390,0,18
501397,7/19/21,12/14/26,DuPage,1974,473,11,18
501398,2/19/22,9/13/26,DuPage,1667,380,0,7
501399,7/20/22,3/23/25,DuPage,977,180,0,18
501401,10/8/21,10/21/22,DuPage,378,47,0,15
501403,9/3/24,1/10/27,DuPage,859,564,0,14
501404,9/24/21,9/27/22,DuPage,368,77,7,18
501405,7/17/21,11/19/25,DuPage,1586,796,4,10
501406,2/23/22,12/20/26,DuPage,1761,1565,0,18
501407,7/1/23,11/3/26,DuPage,1221,1003,0,10
501408,9/25/21,12/7/25,DuPage,1534,1222,0,15
501409,9/19/23,8/29/26,DuPage,1075,868,0,5
501410,5/23/22,1/24/27,DuPage,1707,318,0,6
501411,6/23/25,12/19/26,DuPage,544,347,0,18
501412,12/24/22,10/12/26,DuPage,1388,79,0,6
501414,6/5/21,11/28/26,DuPage,2002,1555,10,18
501415,11/28/21,8/27/26,DuPage,1733,1182,12,18
501416,7/24/21,10/7/26,DuPage,1901,827,1,10
501417,4/19/22,11/28/26,DuPage,1684,47,0,18
501418,10/7/21,10/4/26,DuPage,1823,1642,0,8
501419,8/29/22,3/31/25,DuPage,945,763,5,16
501420,6/9/21,7/12/26,DuPage,1859,1503,3,5
501421,10/8/21,1/20/27,DuPage,1930,1551,0,12
501422,10/21/22,7/16/26,DuPage,1364,230,0,10
501423,8/3/21,4/15/26,DuPage,1716,139,0,10
501424,7/17/22,3/30/25,DuPage,987,516,0,13
501425,7/5/22,12/18/26,DuPage,1627,570,6,9
501426,7/13/21,11/20/26,DuPage,1956,1642,0,18
501427,9/14/21,12/25/26,DuPage,1928,985,0,6
501428,9/7/23,3/27/24,DuPage,202,71,2,5
501429,8/30/21,3/24/24,DuPage,937,578,9,18
501430,6/15/21,2/23/26,DuPage,1714,1499,0,12
501432,10/15/22,9/16/26,DuPage,1432,706,0,7
501434,8/26/21,7/13/25,DuPage,1417,397,0,3
501435,1/6/22,11/4/26,DuPage,1763,816,0,6
501436,7/17/21,3/23/26,DuPage,1710,1302,2,12
501438,7/17/21,4/11/26,DuPage,1729,1191,0,18
501439,11/24/21,12/19/26,DuPage,1851,1642,0,11
501440,10/9/22,1/16/27,DuPage,1560,742,0,17
501441,6/1/21,7/28/26,DuPage,1883,1015,0,9
501444,11/22/21,8/14/25,DuPage,1361,12,6,9
501445,7/26/21,10/8/26,DuPage,1900,1335,3,12
501447,12/6/21,8/9/25,DuPage,1342,984,0,6
501448,3/27/22,11/6/26,DuPage,1685,887,0,10
501449,4/1/23,12/12/26,DuPage,1351,1108,2,5
501450,10/4/21,2/11/27,DuPage,1956,1227,12,18
501451,1/13/22,7/30/26,DuPage,1659,1225,0,11
501452,4/22/22,1/27/27,DuPage,1741,1157,0,12
501453,7/24/21,7/4/26,DuPage,1806,1008,0,6
501454,2/12/22,8/28/22,DuPage,197,12,0,6
501455,2/20/22,6/17/25,DuPage,1213,863,8,12
501456,9/29/21,11/28/26,DuPage,1886,1010,0,2
501457,6/3/21,12/22/24,DuPage,1298,738,3,5
501458,6/1/21,11/2/26,DuPage,1980,977,2,4
501459,4/12/24,2/22/25,DuPage,316,61,0,10
501461,12/3/21,8/15/26,DuPage,1716,1635,2,12
501462,5/30/21,7/26/26,DuPage,1883,506,0,2
501463,9/30/21,7/15/26,DuPage,1749,1065,5,13
501464,8/18/25,7/14/26,DuPage,330,248,6,8
501465,6/20/21,1/15/27,DuPage,2035,1392,0,18
501466,8/15/25,12/20/26,DuPage,492,126,0,9
501468,7/12/21,7/13/26,DuPage,1827,1642,0,10
501469,6/29/21,11/8/26,DuPage,1958,1302,0,5
501470,9/9/21,2/15/27,DuPage,1985,1435,0,5
501471,5/9/21,1/21/27,DuPage,2083,360,5,7
501472,4/11/22,3/26/26,DuPage,1445,157,0,17
501473,12/8/22,5/19/26,DuPage,1258,629,0,4
501475,12/5/21,7/17/26,DuPage,1685,970,0,6
501476,8/9/21,5/1/26,DuPage,1726,1137,0,8
501477,5/10/22,10/13/25,DuPage,1252,130,4,10
501480,9/30/22,12/15/26,DuPage,1537,1242,8,10
501481,2/23/22,12/7/26,DuPage,1748,1463,5,12
501482,7/9/21,12/30/26,DuPage,2000,597,2,10
501483,10/5/21,2/19/27,DuPage,1963,1251,12,18
501484,6/29/23,2/20/27,DuPage,1332,464,0,10
501485,9/21/21,12/11/26,DuPage,1907,80,6,18
501486,1/31/23,5/2/26,DuPage,1187,323,0,6
501487,9/25/21,7/11/26,DuPage,1750,1288,2,8
501489,11/13/21,7/8/26,DuPage,1698,1504,3,15
501492,10/17/21,9/25/25,DuPage,1439,627,13,18
501494,7/12/21,7/8/26,DuPage,1822,1476,2,14
501495,9/30/21,8/9/26,DuPage,1774,1469,2,6
501496,9/19/22,6/14/25,DuPage,999,744,2,18
501498,8/9/21,12/26/26,DuPage,1965,1640,6,18
501499,5/9/22,5/9/25,DuPage,1096,325,4,16
501500,2/5/23,5/19/26,DuPage,1199,90,3,13
501501,2/19/23,10/11/23,DuPage,234,65,12,18
501502,12/7/21,5/31/25,DuPage,1271,646,0,18
501503,7/15/24,4/11/25,DuPage,270,90,7,11
501504,11/27/21,11/15/26,DuPage,1814,765,0,13
501505,3/30/26,10/28/26,DuPage,212,16,6,12
501506,11/6/21,1/18/27,DuPage,1899,668,0,18
501507,12/30/21,6/11/26,DuPage,1624,950,0,3
501508,5/30/21,6/17/26,DuPage,1844,177,0,12
501510,12/22/21,9/19/26,DuPage,1732,1049,0,8
501511,5/16/23,11/2/23,DuPage,170,44,5,13
501512,9/16/23,10/31/26,DuPage,1141,818,3,11
501513,12/17/21,2/11/27,DuPage,1882,1159,0,3
501515,9/13/21,8/15/26,DuPage,1797,1052,6,15
501516,7/10/25,12/6/25,DuPage,149,14,6,18
501517,4/29/24,9/21/26,DuPage,875,564,0,8
501518,9/28/21,11/3/26,DuPage,1862,1309,2,18
501519,6/11/22,6/25/26,DuPage,1475,67,4,18
501520,5/2/23,12/30/26,DuPage,1338,167,6,10
501523,9/9/22,9/9/26,DuPage,1461,206,0,5
501524,8/5/21,8/13/26,DuPage,1834,1641,0,8
501526,11/4/21,9/29/25,DuPage,1425,189,0,10
501527,12/22/21,7/19/26,DuPage,1670,1520,0,13
501528,2/24/22,8/13/22,DuPage,170,6,0,18
501529,10/15/21,12/16/26,DuPage,1888,1418,0,7
501530,2/6/24,10/28/24,DuPage,265,72,2,6
501531,1/16/23,2/4/26,DuPage,1115,362,0,9
501532,2/7/22,10/9/26,DuPage,1705,896,3,18
501533,1/13/26,9/25/26,DuPage,255,26,6,14
501536,3/18/24,2/24/25,DuPage,343,59,3,17
501537,6/25/21,7/19/26,DuPage,1850,1347,0,18
501538,10/5/21,5/4/26,DuPage,1672,46,3,5
501539,11/3/21,7/9/26,DuPage,1709,1219,0,18
501540,9/1/21,7/25/26,DuPage,1788,594,6,18
501541,11/28/21,7/28/26,DuPage,1703,947,0,9
501542,12/3/21,1/28/27,DuPage,1882,578,5,18
501543,10/30/21,6/10/26,DuPage,1684,1224,0,7
501544,10/25/21,9/3/26,DuPage,1774,1609,0,3
501545,8/20/21,7/30/25,DuPage,1440,1165,0,8
501546,8/3/21,9/3/26,DuPage,1857,1202,17,18
501547,3/26/23,10/16/26,DuPage,1300,666,2,5
501548,6/8/21,9/28/26,DuPage,1938,1642,16,18
501549,5/15/21,10/4/24,DuPage,1238,976,2,18
501550,12/10/21,2/21/27,DuPage,1899,1628,0,17
501554,6/1/21,1/16/27,DuPage,2055,849,1,13
501555,5/31/21,6/18/26,DuPage,1844,839,0,6
501556,12/12/21,10/15/26,DuPage,1768,1609,0,4
501557,6/26/23,8/17/26,DuPage,1148,892,5,16
501558,12/14/21,10/25/26,DuPage,1776,1642,0,7
501559,5/24/22,11/8/26,DuPage,1629,183,2,16
501561,6/5/21,11/4/26,DuPage,1978,1443,2,18
501562,6/14/22,10/27/26,DuPage,1596,1068,6,12
501563,11/16/22,12/26/26,DuPage,1501,149,0,12
501565,6/5/21,1/15/27,DuPage,2050,1642,0,10
501566,7/4/21,6/5/22,DuPage,336,2,5,18
501567,8/21/21,8/8/26,DuPage,1813,415,0,11
501568,10/16/21,8/8/23,DuPage,661,30,2,8
501571,7/28/24,8/11/26,DuPage,744,59,0,4
501572,5/22/23,12/6/23,DuPage,198,2,2,18
501573,6/27/23,1/19/25,DuPage,572,112,0,7
501574,11/15/21,1/2/27,DuPage,1874,830,4,6
501575,12/18/21,12/16/26,DuPage,1824,459,2,8
501576,8/1/21,9/17/26,DuPage,1873,529,1,18
501577,11/26/25,7/11/26,DuPage,227,6,5,13
501578,1/24/26,7/1/26,DuPage,158,25,0,14
501579,1/16/22,2/15/27,DuPage,1856,1573,3,18
501580,9/15/21,2/9/27,DuPage,1973,1443,10,18
501581,8/30/21,12/5/26,DuPage,1923,1595,4,18
501583,8/3/21,1/11/24,DuPage,891,658,2,5
501584,12/16/21,2/28/25,DuPage,1170,122,3,18
501585,10/23/21,4/23/26,DuPage,1643,246,1,3
501587,2/17/25,1/28/27,DuPage,710,290,0,12
501588,10/17/21,9/15/26,DuPage,1794,1642,1,7
501589,8/12/24,6/17/25,DuPage,309,16,7,12
501594,12/20/21,10/12/26,DuPage,1757,643,3,5
501595,11/11/22,12/23/26,DuPage,1503,1147,0,12
501596,7/29/22,1/3/27,DuPage,1619,238,13,15
501597,3/22/24,1/5/25,DuPage,289,37,0,14
501598,10/26/21,12/3/26,DuPage,1864,1642,0,15
501599,8/28/21,10/4/26,DuPage,1863,1624,6,12
501600,12/8/21,12/16/26,DuPage,1834,1363,0,18
501602,7/11/25,1/13/27,DuPage,551,327,5,18
501603,7/24/21,2/11/27,DuPage,2028,1251,0,10
501605,3/10/24,7/18/26,DuPage,860,507,5,13
501606,10/20/23,12/17/25,DuPage,789,106,0,10
501607,12/24/21,11/26/26,DuPage,1798,1305,0,12
501609,11/26/21,10/4/26,DuPage,1773,1087,2,7
501610,12/13/21,11/15/26,DuPage,1798,303,0,13
501611,3/26/23,8/17/26,DuPage,1240,980,0,6
501612,2/4/23,1/31/25,DuPage,727,121,0,10
501613,11/6/22,3/10/24,DuPage,490,204,2,10
501614,6/2/21,6/17/26,DuPage,1841,365,0,10
501615,12/9/21,12/10/26,DuPage,1827,1510,0,2
501616,2/12/22,12/3/25,DuPage,1390,795,0,10
501617,8/8/21,12/17/26,DuPage,1957,1060,2,4
501618,9/15/21,11/9/24,DuPage,1151,736,6,18
501619,6/26/21,5/3/25,DuPage,1407,1130,5,11
501620,1/26/23,3/23/25,DuPage,787,571,16,18
501621,9/15/21,10/24/26,DuPage,1865,1170,0,6
501622,11/25/22,1/24/23,DuPage,60,10,0,4
501623,1/5/24,1/27/27,DuPage,1118,61,0,18
501624,12/7/24,9/21/25,DuPage,288,3,0,18
501625,7/30/23,8/24/25,DuPage,756,78,0,6
501626,8/6/22,6/1/26,DuPage,1395,1146,0,9
501627,5/18/21,1/3/25,DuPage,1326,994,0,18
501628,3/9/22,1/30/25,DuPage,1058,241,2,18
501629,1/16/24,10/28/24,DuPage,286,70,0,12
501630,7/10/21,8/13/26,DuPage,1860,1642,5,7
501631,10/29/21,11/4/26,DuPage,1832,1246,0,2
501632,8/4/21,10/25/26,DuPage,1908,1642,6,15
501633,12/7/21,8/3/26,DuPage,1700,1470,2,6
501634,6/4/22,8/16/26,DuPage,1534,1017,2,5
501635,2/7/23,5/2/23,DuPage,84,9,0,4
501636,5/24/21,10/14/26,DuPage,1969,1174,0,11
501637,6/25/21,9/13/25,DuPage,1541,1287,0,7
501638,1/10/22,1/15/27,DuPage,1831,853,0,2
501639,6/28/22,5/14/26,DuPage,1416,1319,2,8
501640,6/3/22,2/20/27,DuPage,1723,91,0,11
501642,10/23/21,12/23/26,DuPage,1887,1642,6,10
501643,6/19/22,12/25/26,DuPage,1650,1182,0,18
501644,11/16/21,10/24/25,DuPage,1438,1320,3,6
501645,9/5/22,6/24/23,DuPage,292,12,2,10
501646,3/26/23,8/29/23,DuPage,156,35,0,18
501647,7/12/21,4/23/25,DuPage,1381,526,0,15
501648,6/5/21,12/22/24,DuPage,1296,456,13,18
501649,11/3/21,12/16/26,DuPage,1869,1141,0,6
501651,6/2/25,9/5/26,DuPage,460,312,0,15
501653,6/10/22,7/5/26,DuPage,1486,718,7,18
501654,8/10/21,7/24/26,DuPage,1809,591,3,11
501655,2/19/23,9/16/26,DuPage,1305,303,0,3
501656,9/15/21,12/4/23,DuPage,810,496,0,11
501657,11/8/22,10/8/25,DuPage,1065,705,0,7
501658,2/7/22,5/5/25,DuPage,1183,1063,5,18
501659,12/1/21,1/13/26,DuPage,1504,39,0,11
501661,7/27/21,10/10/25,DuPage,1536,283,6,10
501662,11/13/24,12/4/26,DuPage,751,122,0,6
501663,11/30/21,9/20/26,DuPage,1755,1363,6,16
501664,10/14/21,1/16/26,DuPage,1555,943,0,5
501665,11/3/21,1/5/26,DuPage,1524,1277,11,18
501666,10/23/21,12/17/26,DuPage,1881,1417,0,18
501667,1/12/22,12/5/26,DuPage,1788,1443,6,10
501668,2/25/22,10/6/26,DuPage,1684,867,4,7
501669,4/11/22,8/31/24,DuPage,873,62,5,9
501670,7/17/21,6/9/26,DuPage,1788,1197,6,14
501671,5/12/22,8/8/25,DuPage,1184,650,2,10
501673,3/15/22,10/6/26,DuPage,1666,577,15,18
501674,7/12/21,2/23/26,DuPage,1687,1218,2,18
501675,12/7/21,8/20/26,DuPage,1717,1314,0,4
501676,5/22/21,8/25/24,DuPage,1191,931,6,18
501677,9/29/23,8/30/24,DuPage,336,28,0,12
501678,4/17/23,8/4/24,DuPage,475,172,6,13
501680,7/6/21,12/27/26,DuPage,2000,1342,0,18
501681,4/29/23,11/28/25,DuPage,944,659,0,18
501682,10/5/21,7/20/22,DuPage,288,20,0,6
501683,8/15/21,1/18/27,DuPage,1982,1517,6,16
501684,3/8/22,2/18/27,DuPage,1808,364,0,6
501685,6/9/24,3/11/25,DuPage,275,100,0,16
501686,3/17/24,2/7/26,DuPage,692,277,0,3
501687,12/25/21,2/1/27,DuPage,1864,1541,0,17
501688,6/18/22,9/23/26,DuPage,1558,58,4,18
501691,9/5/21,6/10/26,DuPage,1739,1095,0,10
501692,1/2/23,8/15/23,DuPage,225,3,0,10
501693,12/28/21,9/12/26,DuPage,1719,856,0,14
501694,8/13/21,11/30/26,DuPage,1935,1597,3,11
501695,3/3/25,1/14/26,DuPage,317,10,0,18
501696,6/23/21,8/16/26,DuPage,1880,1642,0,5
501697,12/26/21,7/23/26,DuPage,1670,545,2,12
501698,9/25/21,6/1/26,DuPage,1710,1001,0,2
501699,12/29/21,12/21/26,DuPage,1818,1642,0,6
501700,11/28/21,6/19/26,DuPage,1664,699,0,12
501702,5/11/22,11/15/26,DuPage,1649,1125,0,16
501703,6/6/21,2/20/27,DuPage,2085,1320,0,4
501704,12/23/21,12/18/26,DuPage,1821,1366,1,18
501705,3/10/23,5/2/26,DuPage,1149,155,6,13
501706,3/15/22,8/6/26,DuPage,1605,1442,6,18
501707,7/10/21,10/14/25,DuPage,1557,1371,0,6
501708,1/26/22,11/30/26,DuPage,1769,237,0,15
501709,12/7/21,7/25/26,DuPage,1691,1642,10,17
501710,6/12/21,9/1/26,DuPage,1907,1436,8,18
501711,6/28/21,2/14/27,DuPage,2057,1236,0,18
501712,5/18/21,9/26/24,DuPage,1227,372,0,10
501714,11/18/21,8/21/26,DuPage,1737,528,5,10
501715,12/25/21,12/11/26,DuPage,1812,466,6,12
501716,8/10/21,1/20/27,DuPage,1989,1248,0,6
501717,1/23/22,3/4/24,DuPage,771,513,0,14
501718,9/26/22,10/22/26,DuPage,1487,224,0,8
501719,9/22/21,12/14/26,DuPage,1909,1642,6,8
501720,5/15/22,12/21/22,DuPage,220,1,0,8
501722,8/7/22,11/20/26,DuPage,1566,10,6,8
501723,4/17/22,11/30/26,DuPage,1688,872,5,12
501724,4/26/22,10/22/25,DuPage,1275,105,3,16
501727,5/4/22,11/7/26,DuPage,1648,1471,2,9
501728,6/16/21,2/19/27,DuPage,2074,1481,2,13
501729,11/19/21,9/8/22,DuPage,293,8,7,12
501730,3/20/23,6/13/26,DuPage,1181,889,5,14
501731,9/12/22,8/24/26,DuPage,1442,679,0,10
501732,12/3/21,7/9/25,DuPage,1314,175,0,18
501733,6/5/21,1/19/26,DuPage,1689,256,0,8
501735,10/12/22,3/10/26,DuPage,1245,149,12,14
501736,10/1/21,3/5/25,DuPage,1251,676,0,18
501737,5/26/21,10/14/26,DuPage,1967,1138,0,2
501738,4/28/22,1/23/27,DuPage,1731,474,0,4
501739,12/21/21,1/1/24,DuPage,741,597,0,6
501740,7/2/22,2/8/27,DuPage,1682,1383,0,8
501742,3/9/25,6/28/25,DuPage,111,6,0,18
501743,12/22/21,6/26/24,DuPage,917,123,9,16
501744,2/4/23,1/14/27,DuPage,1440,237,2,4
501745,8/29/21,12/6/26,DuPage,1925,759,9,18
501746,11/11/21,9/26/26,DuPage,1780,638,2,7
501747,1/3/22,8/4/26,DuPage,1674,1431,6,10
501748,1/25/24,10/12/24,DuPage,261,35,12,14
501749,8/17/21,9/27/25,DuPage,1502,1028,0,18
501750,3/20/22,11/23/26,DuPage,1709,1288,12,16
501752,10/18/23,12/20/26,DuPage,1159,852,2,5
501753,11/14/21,9/16/26,DuPage,1767,1221,0,15
501754,5/24/21,7/29/26,DuPage,1892,1642,2,17
501755,10/25/21,12/11/25,DuPage,1508,534,5,18
501756,3/17/22,12/31/26,DuPage,1750,755,0,4
501757,3/22/23,6/16/26,DuPage,1182,154,6,18
501759,10/13/24,11/25/25,DuPage,408,45,6,18
501760,9/14/21,12/29/26,DuPage,1932,1091,10,13
501761,8/17/21,1/20/26,DuPage,1617,1150,5,17
501762,6/26/21,1/15/27,DuPage,2029,108,2,10
501763,5/26/21,11/11/26,DuPage,1995,1642,2,10
501764,8/24/22,6/27/25,DuPage,1038,660,6,15
501765,8/31/21,8/2/26,DuPage,1797,617,2,18
501766,7/8/21,5/29/23,DuPage,690,78,0,9
501767,1/11/22,8/3/26,DuPage,1665,566,16,18
501769,8/13/21,4/23/25,DuPage,1349,396,2,12
501770,10/23/21,11/28/26,DuPage,1862,1393,10,12
501771,6/25/21,10/24/26,DuPage,1947,1438,0,3
501772,8/2/21,9/3/26,DuPage,1858,1107,2,14
501775,9/28/21,4/2/25,DuPage,1282,985,0,11
501777,9/7/21,11/11/26,DuPage,1891,1642,2,18
501779,1/16/22,9/29/24,DuPage,987,636,10,12
501780,8/8/21,8/23/24,DuPage,1111,344,0,6
501782,6/6/21,8/29/26,DuPage,1910,1061,5,9
501783,3/8/26,2/20/27,DuPage,349,6,2,6
501784,8/5/21,10/27/23,DuPage,813,527,0,3
501785,6/22/22,1/15/26,DuPage,1303,955,2,8
501786,7/7/21,6/20/25,DuPage,1444,1153,0,6
501787,8/29/21,5/15/23,DuPage,624,360,2,13
501788,10/27/21,2/10/27,DuPage,1932,1078,0,12
501789,9/17/21,7/12/26,DuPage,1759,1642,0,8
501790,12/24/25,9/20/26,DuPage,270,42,0,18
501792,5/10/23,12/6/26,DuPage,1306,958,0,15
501793,7/21/21,3/17/26,DuPage,1700,643,6,18
501794,9/14/21,7/30/26,DuPage,1780,1642,4,8
501795,12/15/21,12/16/26,DuPage,1827,1642,5,10
501796,8/19/21,2/8/27,DuPage,1999,1271,6,11
501798,10/29/21,7/1/23,DuPage,610,271,0,8
501799,10/20/22,4/19/26,DuPage,1277,270,0,18
501800,12/18/21,11/21/26,DuPage,1799,545,0,18
501801,7/9/21,11/24/26,DuPage,1964,1424,0,4
501802,6/18/21,9/4/25,DuPage,1539,252,1,5
501804,7/3/21,10/23/26,DuPage,1938,246,0,3
501805,6/3/23,11/30/23,DuPage,180,30,0,4
501806,9/29/21,8/4/26,DuPage,1770,243,12,14
501808,7/18/21,12/15/26,DuPage,1976,707,2,5
501810,8/2/21,7/30/26,DuPage,1823,1109,0,2
501811,11/3/21,11/16/24,DuPage,1109,851,0,7
501813,10/12/23,5/21/24,DuPage,222,6,4,18
501814,8/15/25,1/30/27,DuPage,533,231,6,18
501815,3/19/22,5/16/25,DuPage,1154,1042,0,11
501816,6/19/21,9/12/26,DuPage,1911,548,5,13
501817,1/19/22,10/27/26,DuPage,1742,1437,5,7
501818,4/19/22,9/16/26,DuPage,1611,153,6,18
501819,2/22/23,10/14/26,DuPage,1330,892,1,10
501820,5/26/21,9/22/26,DuPage,1945,1539,6,8
501822,11/9/21,7/20/26,DuPage,1714,759,3,7
501823,3/8/24,9/8/26,DuPage,914,675,8,12
501824,4/18/24,11/24/24,DuPage,220,28,0,11
501826,5/16/22,9/26/26,Edgar,1594,1458,6,10
501827,5/30/22,4/22/24,Edgar,693,37,0,13
501828,7/11/21,8/11/26,Edgar,1857,1291,0,12
501829,11/24/22,1/12/26,Edgar,1145,89,5,12
501831,9/10/21,9/28/26,Edgar,1844,1119,0,8
501836,5/18/23,11/2/26,Edgar,1264,859,0,2
501837,1/27/24,2/9/27,Edgar,1109,462,0,3
501838,8/13/21,7/6/26,Edgar,1788,451,0,3
501840,12/4/21,11/10/26,Edgar,1802,1642,0,14
501842,12/22/21,12/25/26,Edgar,1829,862,2,10
501843,1/13/22,6/14/26,Edgar,1613,1165,11,13
501844,12/13/21,6/21/26,Edgar,1651,1447,1,6
501845,8/30/21,11/6/26,Edgar,1894,951,0,8
501846,5/11/21,3/31/26,Edgar,1785,1047,0,6
501847,5/31/21,4/16/25,Edgar,1416,138,2,18
501848,5/11/21,11/3/26,Edgar,2002,1450,5,15
501849,2/4/22,5/4/23,Edgar,454,193,6,12
501850,10/5/21,8/6/26,Edgar,1766,1098,0,18
501851,2/5/22,3/11/25,Edgar,1130,1069,0,9
501852,11/16/21,3/3/25,Edgar,1203,1095,6,12
501853,8/21/21,2/7/24,Edgar,900,527,8,18
501854,2/23/22,11/1/24,Edgar,982,89,2,14
501856,9/1/23,6/19/25,Edwards,657,142,0,7
501857,8/2/21,5/13/26,Edwards,1745,253,2,12
501858,5/11/21,3/23/26,Edwards,1777,635,10,12
501859,12/22/21,9/2/26,Edwards,1715,1439,0,12
501860,3/14/22,7/3/26,Edwards,1572,904,3,18
501861,12/22/21,4/17/26,Edwards,1577,1476,0,18
501862,10/31/21,9/11/26,Edwards,1776,1642,17,18
501863,9/30/22,2/23/26,Edwards,1242,1070,0,9
501866,4/4/24,8/31/26,Edwards,879,503,0,18
501868,11/23/22,8/1/26,Edwards,1347,1080,4,9
501869,7/31/21,12/14/25,Edwards,1597,334,2,6
501871,3/5/22,5/15/25,Edwards,1167,638,2,12
501872,5/16/21,7/31/26,Edwards,1902,620,1,6
501873,7/21/22,12/15/26,Edwards,1608,1047,0,8
501874,2/25/23,2/11/24,Edwards,351,33,0,4
501875,11/25/21,7/11/24,Edwards,959,86,0,13
501877,5/13/22,7/25/26,Edwards,1534,183,0,12
501878,3/3/22,10/7/26,Edwards,1679,65,6,11
501879,2/12/23,3/15/26,Edwards,1127,574,0,10
501880,7/30/21,12/21/26,Edwards,1970,1019,0,6
501881,2/12/26,8/3/26,Edwards,172,20,0,18
501882,6/20/21,7/21/26,Edwards,1857,608,0,12
501883,9/6/23,1/11/26,Edwards,858,134,3,18
501885,11/4/21,2/4/25,Edwards,1188,92,0,10
501886,1/22/25,9/8/26,Edwards,594,393,0,18
501888,11/22/24,11/12/25,Effingham,355,76,0,4
501889,2/28/22,1/24/26,Effingham,1426,801,0,10
501890,2/14/24,2/13/25,Effingham,365,15,0,10
501891,9/20/21,10/22/26,Effingham,1858,959,6,18
501893,10/11/21,11/3/26,Effingham,1849,1642,6,11
501894,9/4/21,2/1/26,Effingham,1611,132,0,5
501895,12/4/22,11/19/26,Effingham,1446,929,0,15
501896,2/21/25,2/13/27,Effingham,722,127,6,18
501898,8/24/24,4/30/25,Effingham,249,34,4,18
501900,5/26/21,7/10/26,Effingham,1871,1642,0,18
501901,7/21/23,10/27/23,Effingham,98,31,10,18
501904,6/27/21,12/12/23,Effingham,898,327,2,5
501905,11/22/21,7/4/26,Effingham,1685,1404,2,11
501906,9/14/22,3/1/23,Effingham,168,67,10,12
501907,10/18/21,12/7/26,Effingham,1876,736,2,10
501908,5/19/24,9/25/26,Effingham,859,366,0,2
501909,11/11/21,2/7/25,Effingham,1184,911,6,13
501910,3/17/25,4/7/26,Effingham,386,3,0,18
501911,12/22/21,6/2/25,Effingham,1258,417,0,3
501912,5/26/23,1/27/26,Effingham,977,33,6,10
501914,6/15/21,8/23/25,Effingham,1530,353,9,18
501917,5/9/21,3/6/25,Effingham,1397,84,0,14
501918,10/6/21,12/23/26,Effingham,1904,1534,0,10
501919,10/11/21,1/17/27,Effingham,1924,696,0,16
501920,8/16/21,10/1/26,Effingham,1872,1468,10,16
501921,11/30/21,7/25/26,Effingham,1698,739,7,18
501922,3/11/24,8/2/26,Effingham,874,635,0,4
501923,9/7/24,8/24/26,Effingham,716,48,0,5
501924,2/18/25,6/7/25,Effingham,109,25,0,12
501925,12/16/21,2/21/27,Effingham,1893,1320,0,5
501927,1/18/24,9/12/26,Effingham,968,87,0,9
501928,6/16/21,11/2/26,Effingham,1965,1642,2,18
501929,12/15/21,8/20/26,Effingham,1709,482,8,12
501931,1/3/22,8/16/24,Effingham,956,615,6,8
501932,9/22/21,3/11/25,Effingham,1266,857,0,2
501933,10/5/21,7/8/26,Effingham,1737,253,0,5
501935,7/8/21,11/24/26,Effingham,1965,1138,6,8
501936,2/22/23,6/5/23,Effingham,103,5,6,13
501938,11/22/24,12/22/26,Fayette,760,467,0,4
501939,8/15/21,1/5/27,Fayette,1969,1492,2,12
501941,9/1/22,10/17/25,Fayette,1142,90,6,18
501942,11/9/21,7/24/25,Fayette,1353,672,7,10
501943,8/26/22,7/31/24,Fayette,705,67,9,18
501945,7/27/21,10/3/24,Fayette,1164,303,4,11
501946,7/3/21,1/7/27,Fayette,2014,1465,0,8
501947,12/12/21,7/13/26,Fayette,1674,1346,4,6
501948,5/9/21,6/17/24,Fayette,1135,695,0,7
501949,11/20/23,3/28/25,Fayette,494,180,0,5
501951,8/11/21,2/4/25,Fayette,1273,831,3,8
501952,6/15/22,9/15/26,Fayette,1553,284,0,15
501953,7/22/21,12/3/26,Fayette,1960,277,0,7
501954,8/1/21,10/21/26,Fayette,1907,1419,0,14
501955,12/26/23,10/23/26,Fayette,1032,790,0,17
501957,10/4/21,7/3/26,Fayette,1733,346,0,6
501959,2/14/22,4/5/25,Fayette,1146,704,1,10
501960,7/16/21,2/6/27,Fayette,2031,1642,12,14
501961,12/12/21,12/28/26,Fayette,1842,779,7,18
501962,6/3/21,8/20/25,Fayette,1539,1295,0,4
501963,12/12/22,11/7/23,Fayette,330,6,0,12
501964,9/3/21,10/15/24,Fayette,1138,363,0,8
501966,12/22/23,8/1/26,Fayette,953,386,0,8
501967,9/30/21,2/2/25,Fayette,1221,107,9,15
501968,2/24/23,2/7/26,Fayette,1079,113,0,7
501969,10/18/21,6/11/24,Fayette,967,268,2,16
501971,1/5/22,3/14/26,Fayette,1529,867,2,6
501972,6/10/25,4/10/26,Fayette,304,3,0,18
501975,11/13/21,9/20/26,Fayette,1772,1642,2,18
501976,1/20/22,1/30/23,Fayette,375,16,4,11
501977,7/14/22,12/19/26,Fayette,1619,1150,0,12
501978,8/6/21,2/2/27,Fayette,2006,1340,0,5
501979,5/15/22,4/24/24,Fayette,710,7,8,12
501980,11/18/21,4/9/25,Fayette,1238,71,10,12
501981,9/28/21,12/26/26,Fayette,1915,1224,2,7
501982,6/22/21,5/11/25,Fayette,1419,63,13,18
501983,8/27/21,1/26/27,Fayette,1978,594,0,14
501984,6/6/22,12/11/26,Fayette,1649,413,0,7
501985,11/3/21,11/30/26,Ford,1853,1642,0,12
501986,10/3/21,7/29/26,Ford,1760,1275,0,18
501987,2/8/23,8/31/26,Ford,1300,330,10,12
501988,1/4/23,7/6/23,Ford,183,6,0,12
501989,7/24/21,12/9/26,Ford,1964,475,0,11
501991,8/4/21,2/28/23,Ford,573,347,2,9
501993,9/10/21,7/17/26,Ford,1771,1642,0,7
501994,7/21/21,10/30/26,Ford,1927,1490,6,18
501996,6/14/21,6/26/22,Ford,377,124,0,18
501997,3/26/24,4/29/25,Ford,399,1,2,15
501998,10/2/21,2/12/27,Ford,1959,1356,0,6
502000,8/11/21,3/26/22,Ford,227,2,0,10
502001,7/19/21,9/29/26,Ford,1898,204,10,12
502003,11/18/21,7/13/26,Ford,1698,1054,0,10
502004,11/13/21,1/5/27,Ford,1879,1471,0,5
502007,8/8/21,8/23/25,Ford,1476,261,6,18
502009,12/28/21,3/18/24,Ford,811,46,16,18
502010,7/7/21,12/25/24,Ford,1267,1026,0,18
502011,1/13/23,6/16/25,Ford,885,644,4,18
502012,5/28/22,6/16/26,Ford,1480,83,0,10
502013,7/29/21,11/17/26,Ford,1937,1233,5,10
502014,11/9/22,2/1/25,Ford,815,672,5,14
502017,9/4/21,7/10/26,Ford,1770,892,0,16
502019,6/4/21,7/29/26,Ford,1881,1335,6,18
502021,11/9/21,7/6/24,Ford,970,738,5,8
502022,5/17/21,7/6/26,Ford,1876,773,0,11
502024,10/27/21,8/2/26,Ford,1740,867,4,7
502025,10/5/21,8/8/23,Ford,672,70,8,13
502026,7/19/21,6/23/25,Ford,1435,1013,3,7
502027,5/29/22,7/7/25,Ford,1135,1073,0,3
502028,5/14/22,1/31/27,Franklin,1723,1170,0,17
502030,11/16/24,7/15/26,Franklin,606,187,0,5
502031,7/16/25,2/13/26,Franklin,212,140,3,10
502033,6/5/21,9/24/26,Franklin,1937,1642,2,16
502034,3/19/23,7/17/25,Franklin,851,26,0,2
502035,12/30/25,12/23/26,Franklin,358,90,2,18
502036,2/7/23,2/19/25,Franklin,743,655,6,8
502037,4/21/23,12/13/26,Franklin,1332,1058,0,7
502038,8/30/21,7/22/26,Franklin,1787,1105,0,15
502039,12/9/23,8/20/24,Franklin,255,2,0,5
502040,10/26/22,3/12/26,Franklin,1233,25,0,8
502041,12/16/21,2/1/27,Franklin,1873,1454,7,12
502042,6/27/21,1/21/26,Franklin,1669,195,1,15
502044,2/18/25,11/2/26,Franklin,622,488,0,3
502045,7/19/24,9/9/24,Franklin,52,14,0,14
502046,9/20/21,8/24/26,Franklin,1799,1602,0,10
502047,7/25/21,11/13/26,Franklin,1937,1212,0,18
502048,7/24/21,10/30/26,Franklin,1924,1642,2,7
502049,1/29/22,6/14/24,Franklin,867,466,0,12
502050,8/17/21,6/2/23,Franklin,654,297,0,6
502051,4/11/22,12/21/25,Franklin,1350,118,6,18
502053,7/1/22,9/29/25,Franklin,1186,898,0,4
502054,11/13/25,12/31/26,Franklin,413,104,2,12
502055,2/16/23,10/26/26,Franklin,1348,356,0,18
502056,4/11/22,10/14/25,Franklin,1282,889,3,11
502057,11/29/22,4/24/26,Franklin,1242,1038,0,18
502058,4/11/24,8/10/24,Franklin,121,12,10,18
502059,1/2/23,1/24/26,Franklin,1118,781,0,15
502060,1/7/23,10/17/25,Franklin,1014,187,3,16
502061,12/15/21,10/7/26,Franklin,1757,979,4,18
502062,4/30/23,6/18/24,Franklin,415,35,2,8
502063,9/6/21,5/4/26,Franklin,1701,410,13,18
502064,3/22/25,10/11/25,Franklin,203,3,0,16
502067,12/8/21,6/8/26,Franklin,1643,268,12,18
502068,10/13/21,12/9/26,Franklin,1883,410,0,6
502071,10/2/22,12/27/25,Franklin,1182,464,0,7
502072,10/18/21,9/13/26,Franklin,1791,1276,0,6
502073,5/8/23,10/16/24,Franklin,527,50,12,18
502074,3/6/24,4/6/25,Franklin,396,36,0,10
502076,2/26/24,8/14/24,Franklin,170,31,2,10
502077,11/12/21,3/27/25,Franklin,1231,189,0,5
502078,7/6/22,11/26/24,Franklin,874,506,0,9
502079,10/19/21,8/13/26,Franklin,1759,466,3,10
502080,9/15/21,12/23/24,Franklin,1195,221,0,15
502081,8/7/22,8/13/26,Franklin,1467,802,0,18
502082,7/20/21,9/25/26,Franklin,1893,414,0,7
502085,2/18/22,5/13/23,Fulton,449,104,2,11
502088,12/14/21,7/31/26,Fulton,1690,906,0,9
502089,6/7/23,4/19/26,Fulton,1047,873,0,12
502090,11/14/21,9/4/24,Fulton,1025,232,12,18
502091,12/27/21,5/11/24,Fulton,866,708,5,18
502093,10/25/21,1/11/27,Fulton,1904,1606,5,11
502094,9/11/22,2/17/27,Fulton,1620,1118,3,7
502095,8/20/22,5/25/24,Fulton,644,130,10,18
502096,1/19/24,2/11/27,Fulton,1119,694,0,13
502097,9/17/21,12/14/24,Fulton,1184,811,0,3
502098,5/18/21,6/4/22,Fulton,382,121,0,5
502099,12/8/21,9/4/26,Fulton,1731,209,0,14
502100,8/28/21,2/11/26,Fulton,1628,184,0,6
502102,6/26/21,6/20/25,Fulton,1455,947,0,5
502103,8/23/24,8/11/26,Fulton,718,500,2,5
502104,10/1/21,2/18/27,Fulton,1966,427,0,5
502105,9/4/21,9/5/26,Fulton,1827,649,0,2
502107,12/3/21,10/2/23,Fulton,668,494,0,15
502108,4/19/22,2/15/27,Fulton,1763,1342,0,16
502109,10/24/21,8/13/22,Fulton,293,37,0,4
502110,9/8/21,10/2/23,Fulton,754,441,0,8
502111,10/11/23,6/23/26,Fulton,986,812,17,18
502112,3/29/24,10/11/26,Fulton,926,757,6,15
502113,5/12/21,6/26/26,Fulton,1871,1238,0,3
502115,11/4/23,8/8/24,Fulton,278,5,0,18
502116,1/31/22,12/7/26,Fulton,1771,882,2,12
502117,6/26/21,4/4/25,Fulton,1378,753,2,6
502119,7/6/21,10/18/26,Fulton,1930,1535,2,18
502120,3/6/23,10/4/26,Fulton,1308,725,8,18
502121,11/21/21,9/24/26,Fulton,1768,1257,0,17
502122,11/12/22,2/12/27,Fulton,1553,259,0,4
502123,3/9/22,8/21/23,Fulton,530,142,0,18
502124,10/19/21,1/7/27,Fulton,1906,1338,0,16
502125,2/18/22,7/4/26,Fulton,1597,261,0,5
502126,8/27/21,7/24/26,Fulton,1792,1323,0,8
502127,8/12/23,7/5/24,Fulton,328,53,12,16
502128,5/23/21,8/14/26,Fulton,1909,1585,13,18
502129,11/5/21,12/20/26,Fulton,1871,1219,2,4
502131,1/3/23,8/29/25,Fulton,969,39,0,3
502132,11/20/21,11/22/26,Fulton,1828,1533,5,18
502134,11/18/24,12/28/26,Fulton,770,80,0,18
502136,10/1/21,3/22/22,Gallatin,172,7,0,18
502137,3/27/22,8/12/26,Gallatin,1599,750,0,10
502138,10/16/21,8/5/24,Gallatin,1024,707,2,14
502139,10/27/21,9/28/26,Gallatin,1797,687,0,9
502140,12/23/21,1/7/27,Gallatin,1841,45,0,2
502141,12/13/21,2/21/27,Gallatin,1896,1094,0,3
502142,5/25/24,4/29/25,Gallatin,339,116,2,12
502144,9/18/21,10/8/25,Gallatin,1481,1008,0,4
502145,3/31/22,8/9/26,Gallatin,1592,297,0,14
502146,4/15/23,10/19/25,Gallatin,918,99,2,5
502147,7/7/21,10/18/26,Gallatin,1929,1616,12,17
502148,5/30/21,5/24/26,Gallatin,1820,401,0,6
502149,8/23/24,4/15/25,Gallatin,235,81,2,6
502150,6/3/21,2/18/27,Gallatin,2086,1368,0,4
502151,1/13/22,8/30/22,Gallatin,229,48,12,18
502152,12/14/24,11/8/25,Gallatin,329,89,0,8
502153,7/19/21,11/26/26,Gallatin,1956,1642,1,5
502154,10/11/24,7/2/26,Gallatin,629,420,3,13
502160,10/25/21,10/17/23,Gallatin,722,638,5,14
502161,5/26/21,8/14/26,Gallatin,1906,1617,0,18
502162,8/18/21,1/31/27,Gallatin,1992,1635,6,10
502164,8/31/24,12/8/26,Gallatin,829,639,0,5
502166,9/20/21,12/19/24,Gallatin,1186,61,0,7
502167,2/15/23,8/1/26,Gallatin,1263,1071,2,6
502168,7/27/21,7/6/26,Gallatin,1805,138,0,2
502169,11/28/21,10/8/25,Gallatin,1410,110,2,18
502170,2/19/22,7/30/26,Gallatin,1622,664,2,8
502171,4/11/22,4/28/24,Gallatin,748,617,0,18
502172,8/17/24,2/13/27,Gallatin,910,457,2,8
502173,11/28/22,2/20/27,Greene,1545,740,5,14
502174,10/12/21,9/18/25,Greene,1437,786,0,18
502175,1/13/23,7/16/26,Greene,1280,137,5,18
502176,6/15/22,6/16/25,Greene,1097,37,0,15
502178,3/12/22,10/12/26,Greene,1675,1465,0,5
502179,7/11/21,3/11/25,Greene,1339,629,0,15
502180,2/14/22,10/2/26,Greene,1691,956,7,10
502181,10/17/22,7/7/26,Greene,1359,113,0,12
502182,6/15/23,11/7/26,Greene,1241,1060,0,14
502183,12/17/21,7/27/26,Greene,1683,1333,0,12
502184,11/19/21,11/25/26,Greene,1832,189,0,3
502185,2/8/22,1/19/27,Greene,1806,349,2,6
502186,8/12/21,11/21/26,Greene,1927,1481,14,18
502187,10/24/23,4/10/24,Greene,169,36,9,14
502188,1/21/23,8/26/23,Greene,217,54,0,10
502189,1/31/23,12/23/26,Greene,1422,1112,0,3
502191,5/23/23,12/5/24,Greene,562,30,0,3
502192,6/18/21,5/10/26,Greene,1787,198,0,18
502193,6/2/21,10/25/25,Greene,1606,590,14,16
502196,6/13/22,3/2/26,Greene,1358,244,3,5
502197,12/28/21,10/25/26,Greene,1762,1626,10,18
502198,5/29/21,11/23/26,Greene,2004,1328,2,7
502200,3/17/22,12/17/26,Greene,1736,1115,0,6
502201,12/2/21,12/7/26,Greene,1831,1253,0,4
502202,5/13/21,10/27/26,Greene,1993,748,0,5
502204,1/7/24,9/18/26,Greene,985,752,0,16
502205,7/17/21,8/5/26,Greene,1845,1128,8,11
502206,12/1/21,9/30/24,Greene,1034,821,2,5
502207,4/22/22,5/10/26,Greene,1479,824,6,18
502208,12/10/21,11/20/26,Grundy,1806,1642,0,11
502209,10/12/21,9/19/26,Grundy,1803,1563,1,16
502211,6/1/22,9/15/26,Grundy,1567,254,0,18
502214,11/5/21,9/23/26,Grundy,1783,898,9,12
502215,12/18/21,10/13/26,Grundy,1760,726,0,5
502216,11/8/21,7/12/24,Grundy,977,233,10,14
502217,2/7/22,9/2/26,Grundy,1668,808,6,8
502218,2/19/24,12/8/26,Grundy,1023,781,4,12
502219,12/3/21,9/4/26,Grundy,1736,1019,0,7
502221,6/28/24,9/1/25,Grundy,430,15,6,10
502222,2/13/24,10/2/26,Grundy,962,605,6,18
502223,8/23/21,12/20/26,Grundy,1945,950,0,15
502224,6/7/21,2/20/27,Grundy,2084,1642,5,18
502226,9/8/21,10/24/26,Grundy,1872,296,6,18
502227,6/26/23,1/22/25,Grundy,576,209,0,18
502229,1/3/22,7/29/26,Grundy,1668,1187,0,12
502230,4/17/24,8/31/24,Grundy,136,14,2,8
502231,8/28/23,1/25/26,Grundy,881,30,0,14
502232,9/4/21,7/9/26,Grundy,1769,392,2,14
502233,8/29/21,8/25/25,Grundy,1457,705,0,16
502234,5/16/21,7/28/26,Grundy,1899,1570,6,12
502235,12/9/23,1/24/27,Grundy,1142,161,2,8
502236,6/1/23,11/22/25,Grundy,905,67,0,5
502238,2/26/23,2/8/24,Grundy,347,1,0,7
502239,9/27/21,7/17/26,Grundy,1754,1642,0,3
502240,4/6/22,11/29/22,Grundy,237,5,0,16
502241,4/15/22,9/19/26,Grundy,1618,450,0,5
502242,12/16/21,8/28/26,Grundy,1716,1140,8,13
502243,8/31/21,4/26/23,Grundy,603,285,4,8
502244,9/30/21,6/12/26,Grundy,1716,823,0,8
502246,8/21/24,1/20/25,Grundy,152,10,15,18
502247,12/1/22,12/23/26,Grundy,1483,1120,0,6
502248,8/20/21,8/9/26,Grundy,1815,1360,3,10
502249,6/21/21,10/25/26,Grundy,1952,671,0,16
502251,8/7/21,8/17/26,Grundy,1836,1097,3,5
502252,10/8/21,3/30/24,Grundy,904,668,2,18
502253,12/28/21,12/14/26,Hamilton,1812,770,0,18
502255,1/6/23,1/10/24,Hamilton,369,6,2,5
502256,3/19/22,10/24/26,Hamilton,1680,1355,0,3
502257,4/16/22,4/28/26,Hamilton,1473,146,12,15
502258,9/3/21,10/31/24,Hamilton,1154,493,0,18
502259,1/20/23,9/20/26,Hamilton,1339,152,4,18
502260,12/6/21,1/23/27,Hamilton,1874,700,2,18
502261,8/15/21,7/17/23,Hamilton,701,512,0,3
502262,7/1/24,12/30/26,Hamilton,912,144,0,2
502263,8/19/21,11/2/26,Hamilton,1901,1642,0,10
502264,7/21/25,9/29/26,Hamilton,435,121,3,18
502265,11/13/21,10/4/26,Hamilton,1786,326,0,7
502266,4/27/24,12/5/24,Hamilton,222,40,2,7
502267,1/27/22,10/23/26,Hamilton,1730,586,12,14
502268,3/17/25,11/1/25,Hamilton,229,21,0,18
502269,10/17/21,4/14/26,Hamilton,1640,491,11,14
502270,6/5/21,1/6/27,Hamilton,2041,1110,0,16
502271,9/29/21,11/17/26,Hamilton,1875,1157,11,16
502272,6/30/25,1/25/26,Hamilton,209,12,0,18
502273,12/13/21,1/20/27,Hamilton,1864,1445,5,10
502274,9/12/21,12/18/26,Hamilton,1923,1090,0,2
502275,3/23/22,3/25/26,Hamilton,1463,920,0,7
502276,4/2/22,9/9/25,Hamilton,1256,1037,8,10
502277,1/15/23,9/28/23,Hamilton,256,35,7,10
502278,1/18/22,6/15/26,Hancock,1609,29,0,10
502280,11/17/21,7/18/26,Hancock,1704,1130,2,9
502281,2/28/24,10/27/24,Hancock,242,29,12,14
502282,12/11/21,10/28/26,Hancock,1782,1461,12,16
502284,11/5/22,10/5/25,Hancock,1065,885,0,18
502285,12/31/22,1/6/26,Hancock,1102,855,7,17
502286,8/21/24,5/23/25,Hancock,275,24,0,5
502290,1/18/22,9/1/26,Hancock,1687,602,13,16
502291,9/26/21,9/7/26,Hancock,1807,1380,2,17
502292,6/13/21,7/13/26,Hancock,1856,1642,8,12
502293,5/30/21,7/23/23,Hancock,784,425,0,8
502294,10/29/22,11/28/25,Hancock,1126,68,0,11
502295,4/2/25,7/8/26,Hancock,462,394,16,18
502296,6/10/21,7/29/26,Hancock,1875,836,6,13
502298,4/24/22,6/8/25,Hancock,1141,520,0,6
502299,12/19/21,11/14/26,Hancock,1791,1642,0,2
502300,2/6/22,11/8/22,Hancock,275,22,2,18
502302,11/21/22,9/8/23,Hancock,291,49,4,18
502303,4/15/22,12/3/25,Hancock,1328,1191,1,5
502304,1/3/23,4/29/26,Hancock,1212,1052,2,10
502305,7/9/22,10/8/23,Hancock,456,12,0,7
502307,8/28/22,2/10/23,Hancock,166,6,0,7
502308,8/17/21,10/7/26,Hancock,1877,1642,0,10
502309,11/14/21,6/16/24,Hancock,945,294,0,6
502313,4/26/24,9/11/26,Hancock,868,745,3,5
502314,6/17/21,4/21/23,Hancock,673,387,7,9
502315,5/8/22,10/30/26,Hancock,1636,1288,0,6
502316,7/14/21,8/3/26,Hancock,1846,1642,0,5
502319,5/23/21,8/5/22,Hancock,439,181,6,13
502320,9/22/22,5/19/25,Hancock,970,952,12,18
502321,3/10/24,9/6/26,Hancock,910,741,13,18
502322,8/28/21,9/25/26,Hancock,1854,1642,0,12
502323,8/15/21,8/1/26,Hancock,1812,1620,6,18
502327,9/3/25,8/25/26,Hancock,356,76,5,10
502328,10/27/21,11/19/25,Hancock,1484,1148,2,15
502329,6/29/21,1/23/27,Hardin,2034,1409,6,17
502330,7/12/21,1/1/26,Hardin,1634,1230,0,11
502332,3/23/23,8/4/23,Hardin,134,1,0,18
502333,6/25/21,8/22/26,Hardin,1884,1064,0,11
502334,11/15/21,2/7/27,Hardin,1910,1443,6,13
502335,11/14/21,7/28/25,Hardin,1352,812,0,8
502337,10/26/21,9/2/25,Hardin,1407,211,7,9
502338,12/3/21,7/19/25,Hardin,1324,496,0,7
502339,6/18/21,8/7/26,Hardin,1876,1642,7,18
502340,11/27/21,7/15/26,Hardin,1691,1366,6,15
502341,8/28/21,10/29/26,Hardin,1888,1436,0,13
502342,7/29/21,9/4/26,Hardin,1863,913,4,10
502343,6/16/22,6/16/26,Hardin,1461,1390,12,14
502344,6/27/21,10/2/26,Hardin,1923,952,0,17
502345,1/17/22,11/27/26,Hardin,1775,965,5,10
502346,7/16/21,12/26/26,Hardin,1989,1556,0,13
502350,6/10/21,11/27/26,Hardin,1996,1018,5,17
502351,7/4/21,10/19/26,Hardin,1933,758,0,18
502352,12/26/22,12/6/26,Hardin,1441,594,0,8
502355,12/20/22,11/24/26,Henderson,1435,1107,0,10
502356,8/9/21,8/7/26,Henderson,1824,1055,0,10
502360,12/21/21,7/9/26,Henderson,1661,818,10,18
502361,7/29/21,7/30/26,Henderson,1827,1174,0,4
502363,10/27/24,10/12/26,Henderson,715,562,2,7
502364,12/15/21,11/8/25,Henderson,1424,1190,0,9
502365,12/6/21,2/16/26,Henderson,1533,109,2,9
502366,3/26/22,11/9/22,Henderson,228,30,11,18
502367,4/20/25,1/23/27,Henderson,643,231,0,18
502368,12/23/21,11/4/26,Henderson,1777,1098,6,13
502369,2/21/22,9/15/26,Henderson,1667,1421,0,10
502370,3/21/22,8/31/24,Henderson,894,146,6,18
502372,11/3/22,6/25/26,Henderson,1330,302,2,6
502373,8/18/21,11/29/25,Henderson,1564,423,5,16
502375,9/9/22,8/18/26,Henderson,1439,1270,0,5
502376,6/9/22,8/8/26,Henderson,1521,1241,0,6
502377,10/26/21,8/30/26,Henderson,1769,563,0,18
502378,5/25/22,1/28/27,Henderson,1709,1178,6,12
502379,11/1/21,2/4/27,Henderson,1921,1642,6,18
502380,7/12/24,7/13/26,Henderson,731,581,0,5
502381,10/30/21,11/22/26,Henderson,1849,1642,6,9
502382,2/3/22,6/8/24,Henderson,856,30,6,10
502383,4/12/22,11/12/22,Henderson,214,17,2,10
502384,6/25/21,12/14/25,Henderson,1633,1219,3,12
502385,1/31/22,3/5/23,Henderson,398,28,3,12
502386,11/10/21,11/30/26,Henderson,1846,64,0,9
502387,6/29/22,11/15/25,Henderson,1235,26,0,5
502388,11/25/21,9/27/26,Henderson,1767,578,0,5
502389,2/15/22,2/13/27,Henderson,1824,612,2,10
502390,10/8/23,7/17/25,Henderson,648,85,0,5
502391,7/24/22,11/3/23,Henderson,467,145,0,7
502392,8/29/23,10/18/26,Henderson,1146,35,2,9
502394,11/12/21,1/16/27,Henry,1891,1336,0,10
502395,5/21/21,5/23/26,Henry,1828,1416,1,18
502396,4/22/23,7/8/26,Henry,1173,357,2,4
502397,12/16/21,8/31/26,Henry,1719,1610,0,17
502398,10/16/23,9/3/26,Henry,1053,747,0,3
502399,9/23/21,12/10/26,Henry,1904,660,6,16
502400,10/31/21,5/8/25,Henry,1285,303,5,10
502401,5/11/25,8/19/26,Henry,465,344,0,3
502402,10/28/22,4/17/26,Henry,1267,18,0,3
502403,9/2/21,8/10/26,Henry,1803,1143,0,5
502404,6/29/21,11/23/25,Henry,1608,763,4,7
502405,6/30/21,8/30/26,Henry,1887,1587,0,18
502407,9/23/23,7/21/26,Henry,1032,380,0,13
502408,5/9/21,7/2/26,Henry,1880,1473,10,12
502409,9/12/21,9/10/26,Henry,1824,929,8,10
502410,11/20/23,2/15/27,Henry,1183,923,0,5
502411,1/14/25,9/11/26,Henry,605,432,0,6
502412,9/20/21,3/19/26,Henry,1641,1522,7,18
502413,8/17/22,3/13/26,Henry,1304,1162,0,3
502414,6/22/21,9/1/26,Henry,1897,1289,0,10
502415,3/2/23,4/23/26,Henry,1148,860,0,5
502416,8/9/21,7/27/26,Henry,1813,854,4,10
502417,6/26/22,12/27/26,Henry,1645,56,0,18
502418,12/28/21,8/29/22,Henry,244,21,6,18
502419,5/17/25,1/29/27,Henry,622,63,9,12
502420,6/24/22,8/21/26,Henry,1519,904,0,14
502421,10/25/21,9/21/26,Henry,1792,1642,9,16
502422,4/5/24,9/1/25,Henry,514,236,0,9
502423,4/6/23,3/15/24,Henry,344,56,0,13
502424,4/1/22,2/2/27,Henry,1768,906,2,7
502425,6/14/25,9/8/26,Henry,451,83,2,11
502426,11/21/21,12/3/26,Henry,1838,1503,6,11
502427,10/25/22,8/10/23,Henry,289,76,5,18
502428,8/19/21,8/1/26,Henry,1808,947,5,12
502429,4/30/22,8/13/26,Henry,1566,1040,13,16
502430,2/7/25,12/13/26,Henry,674,387,4,13
502431,9/18/21,1/19/24,Henry,853,512,2,10
502432,5/21/24,8/16/24,Henry,87,53,0,5
502433,2/28/22,4/16/25,Henry,1143,64,1,18
502434,12/9/21,7/30/26,Henry,1694,272,5,18
502435,11/19/21,1/16/27,Henry,1884,1204,5,12
502436,12/7/24,5/5/26,Henry,514,18,0,18
502437,1/8/22,2/5/23,Henry,393,119,0,6
502438,7/21/21,1/28/27,Henry,2017,1642,1,6
502439,1/22/23,7/22/23,Henry,181,61,2,6
502440,11/23/21,2/23/23,Iroquois,457,250,0,18
502441,7/2/23,3/15/24,Iroquois,257,128,0,12
502442,6/12/21,11/6/24,Iroquois,1243,47,0,18
502443,9/5/21,9/9/22,Iroquois,369,154,2,5
502444,12/19/21,8/21/26,Iroquois,1706,267,0,5
502445,11/30/21,7/8/26,Iroquois,1681,166,2,18
502446,7/2/21,10/29/26,Iroquois,1945,1348,0,18
502447,1/28/24,2/3/27,Iroquois,1102,76,2,5
502448,1/22/24,10/2/24,Iroquois,254,76,2,18
502449,3/1/22,6/7/23,Iroquois,463,16,1,5
502450,9/6/21,8/21/26,Iroquois,1810,1642,0,16
502451,12/8/23,2/23/26,Iroquois,808,506,0,4
502452,10/12/22,3/24/23,Iroquois,163,12,0,4
502453,7/24/22,1/14/26,Iroquois,1270,1014,9,12
502454,1/12/23,8/1/26,Iroquois,1297,965,0,12
502455,9/29/21,9/29/26,Iroquois,1826,1642,3,18
502456,10/2/22,3/17/25,Iroquois,897,162,0,18
502457,6/21/21,1/10/27,Iroquois,2029,1642,2,7
502458,8/19/21,12/14/26,Iroquois,1943,1295,2,6
502459,6/10/22,8/28/23,Iroquois,444,55,0,18
502462,9/24/25,8/22/26,Iroquois,332,62,15,18
502463,7/25/22,6/5/26,Iroquois,1411,1165,0,8
502464,3/5/23,11/3/25,Iroquois,974,161,2,18
502466,2/15/22,10/12/26,Iroquois,1700,1451,0,9
502467,12/5/21,4/30/26,Iroquois,1607,1427,2,18
502468,7/30/21,12/2/26,Iroquois,1951,1488,2,11
502469,9/6/21,12/3/26,Iroquois,1914,953,0,17
502470,6/11/21,8/30/26,Iroquois,1906,1139,0,2
502471,6/9/21,9/17/26,Iroquois,1926,802,0,8
502472,7/5/24,10/12/24,Iroquois,99,7,0,12
502473,5/14/21,7/10/26,Iroquois,1883,790,0,3
502474,11/24/21,3/1/23,Iroquois,462,15,7,18
502475,9/7/24,12/29/26,Jackson,843,612,3,18
502476,12/2/21,6/14/26,Jackson,1655,1169,0,13
502477,2/11/24,12/22/24,Jackson,315,33,0,16
502478,10/17/21,10/19/25,Jackson,1463,707,0,9
502479,7/17/21,4/19/26,Jackson,1737,821,0,5
502481,8/27/22,11/17/25,Jackson,1178,219,0,4
502482,7/2/24,8/2/26,Jackson,761,545,0,2
502483,7/24/22,1/6/27,Jackson,1627,1393,3,5
502484,11/12/21,10/19/24,Jackson,1072,985,0,9
502486,12/22/22,10/20/26,Jackson,1398,1196,0,9
502487,11/1/21,1/23/26,Jackson,1544,988,0,18
502488,5/7/22,11/9/24,Jackson,917,729,10,18
502489,3/25/23,12/31/26,Jackson,1377,1080,0,4
502490,11/21/21,1/30/27,Jackson,1896,1529,6,18
502492,11/26/22,9/16/26,Jackson,1390,1074,2,14
502493,4/2/25,2/8/26,Jackson,312,1,10,18
502494,12/28/24,8/29/26,Jackson,609,166,6,14
502495,7/19/23,3/1/24,Jackson,226,28,0,2
502497,9/9/21,11/10/26,Jackson,1888,1264,2,18
502498,1/20/24,7/3/26,Jackson,895,755,0,16
502499,8/3/21,6/9/25,Jackson,1406,674,0,18
502500,7/25/22,6/23/26,Jackson,1429,1058,0,12
502501,9/24/21,1/3/23,Jackson,466,315,0,14
502503,1/2/22,11/4/22,Jackson,306,16,0,11
502504,8/25/22,1/17/26,Jackson,1241,595,6,18
502505,9/1/21,7/19/26,Jackson,1782,851,0,8
502506,9/20/23,12/25/25,Jackson,827,541,5,10
502507,7/12/22,2/13/23,Jackson,216,1,2,14
502509,10/22/23,9/3/26,Jackson,1047,183,0,18
502510,10/28/21,7/16/26,Jackson,1722,1433,0,6
502511,7/21/21,2/4/27,Jackson,2024,1642,10,15
502512,10/31/24,11/7/26,Jackson,737,590,0,18
502513,1/28/25,11/25/25,Jackson,301,27,0,18
502515,9/21/21,5/9/26,Jackson,1691,1053,0,7
502516,12/17/21,10/25/26,Jackson,1773,1234,3,10
502517,12/3/21,5/18/25,Jackson,1262,638,0,5
502519,8/8/22,7/20/24,Jackson,712,506,1,4
502520,11/5/21,7/13/26,Jackson,1711,1501,0,3
502521,8/11/21,6/16/24,Jackson,1040,41,0,13
502523,9/16/21,4/3/26,Jackson,1660,495,10,18
502524,12/18/21,7/23/26,Jackson,1678,1307,2,12
502525,4/15/22,6/21/26,Jackson,1528,197,0,14
502526,9/22/21,8/22/26,Jackson,1795,269,0,4
502527,11/7/21,7/22/26,Jackson,1718,631,0,7
502529,12/7/21,5/21/25,Jackson,1261,487,0,13
502531,3/27/22,7/2/23,Jasper,462,16,2,7
502532,8/6/21,7/16/26,Jasper,1805,1327,7,10
502533,11/25/21,7/15/25,Jasper,1328,887,0,14
502534,12/23/21,7/25/26,Jasper,1675,1413,0,5
502535,7/18/21,3/4/26,Jasper,1690,634,0,9
502537,12/23/21,1/13/27,Jasper,1847,904,0,6
502538,1/3/23,2/9/25,Jasper,768,101,10,18
502539,3/20/22,11/16/25,Jasper,1337,1027,0,14
502540,3/11/22,8/3/22,Jasper,145,79,0,10
502543,7/29/21,7/14/26,Jasper,1811,1642,0,16
502544,5/25/21,4/22/25,Jasper,1428,1122,0,10
502545,3/12/22,4/9/23,Jasper,393,7,0,13
502547,11/9/21,4/16/25,Jasper,1254,548,0,7
502548,12/23/21,8/31/26,Jasper,1712,1117,0,18
502549,5/16/23,3/5/25,Jasper,659,471,6,18
502551,12/1/23,8/22/26,Jasper,995,217,0,4
502553,6/24/21,7/14/24,Jasper,1116,683,2,12
502554,8/13/21,11/3/26,Jasper,1908,982,6,12
502555,8/8/21,7/1/26,Jasper,1788,1523,0,12
502556,11/2/21,6/4/26,Jasper,1675,634,0,16
502557,10/17/21,11/12/25,Jasper,1487,820,0,5
502558,9/22/24,1/31/27,Jasper,861,615,5,10
502559,11/25/21,12/20/26,Jasper,1851,498,0,9
502560,10/30/21,7/13/26,Jasper,1717,653,2,5
502561,12/14/23,1/8/25,Jasper,391,38,11,17
502562,6/17/21,1/4/27,Jasper,2027,270,0,9
502564,2/10/24,3/7/26,Jasper,756,519,0,10
502565,7/11/22,4/24/23,Jasper,287,4,0,4
502566,12/24/21,12/31/26,Jasper,1833,1476,0,14
502568,5/18/21,10/24/26,Jasper,1985,925,7,18
502569,11/26/21,8/2/26,Jasper,1710,1050,3,18
502571,4/22/23,8/18/26,Jefferson,1214,1135,3,18
502572,3/10/22,10/12/26,Jefferson,1677,1048,15,17
502573,7/22/22,7/30/26,Jefferson,1469,635,2,13
502574,11/23/21,5/20/26,Jefferson,1639,594,17,18
502576,11/2/22,1/7/26,Jefferson,1162,936,0,10
502578,6/2/22,7/12/26,Jefferson,1501,1038,1,18
502580,4/5/22,7/30/26,Jefferson,1577,791,0,18
502581,11/4/23,3/26/24,Jefferson,143,48,2,18
502582,5/31/22,10/15/22,Jefferson,137,37,1,3
502583,9/2/25,10/17/26,Jefferson,410,86,0,5
502584,12/5/21,11/12/24,Jefferson,1073,721,0,12
502585,8/25/21,4/6/26,Jefferson,1685,1486,0,10
502586,4/21/22,1/18/27,Jefferson,1733,898,10,18
502587,11/9/21,10/3/26,Jefferson,1789,1308,12,18
502588,11/8/21,9/1/24,Jefferson,1028,57,0,14
502589,9/3/21,9/22/26,Jefferson,1845,1642,8,12
502590,6/1/21,11/4/26,Jefferson,1982,694,0,2
502591,3/21/22,10/24/26,Jefferson,1678,1400,0,17
502593,6/6/21,8/22/26,Jefferson,1903,1199,0,5
502595,10/9/23,1/16/26,Jefferson,830,67,0,7
502596,7/30/21,10/9/26,Jefferson,1897,1577,5,7
502597,9/29/21,10/5/26,Jefferson,1832,1642,0,14
502599,1/6/22,8/2/22,Jefferson,208,50,2,5
502600,11/15/23,12/31/26,Jefferson,1142,949,0,18
502601,5/31/21,9/10/26,Jefferson,1928,829,6,9
502602,12/3/21,2/9/27,Jefferson,1894,1425,15,18
502605,8/16/21,1/31/27,Jefferson,1994,1380,6,12
502606,5/31/21,10/28/22,Jefferson,515,139,3,18
502607,3/10/24,8/15/24,Jefferson,158,98,5,18
502608,4/30/22,7/1/24,Jefferson,793,548,0,18
502609,5/21/21,12/19/25,Jefferson,1673,1229,6,18
502610,12/23/23,4/8/24,Jefferson,107,7,0,3
502611,11/9/21,7/2/25,Jefferson,1331,952,0,6
502613,1/4/24,10/13/24,Jefferson,283,5,10,16
502614,11/2/21,6/2/26,Jefferson,1673,1436,0,10
502615,10/11/24,11/2/26,Jefferson,752,427,0,18
502616,6/25/25,9/24/26,Jefferson,456,42,0,18
502617,9/22/21,1/11/27,Jefferson,1937,1493,2,14
502618,7/17/21,7/12/26,Jefferson,1821,1126,0,4
502619,10/19/22,12/9/25,Jersey,1147,1047,0,12
502620,9/9/23,8/13/24,Jersey,339,183,12,18
502621,9/4/21,3/26/25,Jersey,1299,592,0,18
502622,11/15/21,5/23/26,Jersey,1650,162,0,12
502623,6/29/24,8/9/25,Jersey,406,48,3,15
502624,9/26/24,3/21/25,Jersey,176,3,4,12
502625,6/27/23,12/15/25,Jersey,902,104,8,10
502627,7/7/21,8/23/26,Jersey,1873,1642,9,18
502628,1/13/23,6/1/24,Jersey,505,39,2,5
502629,6/21/21,10/24/26,Jersey,1951,185,10,12
502630,2/9/26,7/25/26,Jersey,166,15,0,5
502631,10/6/21,7/27/26,Jersey,1755,1442,0,16
502632,10/22/21,6/19/23,Jersey,605,193,0,18
502635,12/19/21,5/12/24,Jersey,875,482,1,3
502636,6/25/22,12/12/26,Jersey,1631,557,2,12
502637,12/17/21,4/28/26,Jersey,1593,1065,0,12
502638,8/31/21,11/30/26,Jersey,1917,1642,0,3
502639,11/16/21,10/24/26,Jersey,1803,1222,2,14
502640,6/6/21,8/16/26,Jersey,1897,1145,0,18
502641,6/8/24,5/18/25,Jersey,344,104,0,10
502642,11/2/21,11/18/26,Jersey,1842,978,0,3
502643,11/1/21,2/11/27,Jersey,1928,613,5,7
502645,8/2/21,9/26/26,Jersey,1881,836,9,11
502646,11/6/23,3/23/26,Jersey,868,544,0,8
502647,1/21/23,1/10/26,Jersey,1085,932,1,13
502649,5/24/22,11/12/26,Jersey,1633,626,0,18
502650,7/21/23,4/9/26,Jersey,993,729,0,5
502651,4/23/22,9/10/24,Jersey,871,181,2,6
502652,1/12/22,2/18/25,Jersey,1133,778,0,6
502654,7/1/23,1/20/24,Jersey,203,33,11,14
502655,5/28/22,12/26/26,Jersey,1673,408,0,18
502657,9/22/22,12/2/26,Jersey,1532,535,0,16
502658,1/17/26,9/7/26,Jersey,233,15,0,18
502659,5/22/21,8/30/25,Jersey,1561,1175,0,11
502660,6/26/21,11/13/26,Jersey,1966,768,0,5
502661,1/7/24,7/2/26,Jersey,907,764,0,9
502662,6/30/22,3/12/23,Jersey,255,9,3,12
502664,10/16/21,7/7/26,Jersey,1725,218,6,18
502665,5/18/21,8/24/24,Jersey,1194,872,0,12
502666,9/25/21,8/28/26,Jersey,1798,1186,10,14
502667,1/8/22,6/11/26,Jersey,1615,969,6,9
502668,11/29/22,4/29/26,Jo Daviess,1247,1076,3,17
502669,10/10/21,8/25/26,Jo Daviess,1780,1629,0,15
502671,4/2/22,10/20/26,Jo Daviess,1662,662,0,18
502672,8/15/21,7/8/26,Jo Daviess,1788,1642,0,14
502673,6/10/21,8/26/26,Jo Daviess,1903,1473,2,18
502674,6/18/24,11/1/26,Jo Daviess,866,172,6,10
502675,7/5/21,11/14/23,Jo Daviess,862,75,2,6
502676,10/21/21,8/31/26,Jo Daviess,1775,877,0,18
502677,5/28/23,11/6/24,Jo Daviess,528,138,6,12
502678,2/8/22,7/15/26,Jo Daviess,1618,859,0,11
502679,5/21/24,8/4/25,Jo Daviess,440,12,3,18
502680,5/14/21,2/3/27,Jo Daviess,2091,35,0,18
502681,6/18/25,10/22/25,Jo Daviess,126,19,0,16
502682,7/23/21,10/15/26,Jo Daviess,1910,1227,2,11
502683,7/2/21,2/4/27,Jo Daviess,2043,1642,0,10
502685,12/20/23,10/21/24,Jo Daviess,306,33,0,3
502687,4/20/22,4/22/26,Jo Daviess,1463,935,7,12
502688,11/23/21,5/9/22,Jo Daviess,167,9,0,18
502689,10/20/21,2/10/27,Jo Daviess,1939,1493,0,2
502690,5/16/21,6/20/25,Jo Daviess,1496,912,0,12
502691,9/8/23,3/19/26,Jo Daviess,923,331,6,18
502692,9/26/21,7/20/26,Jo Daviess,1758,823,0,3
502693,10/20/21,8/6/26,Jo Daviess,1751,323,0,14
502694,6/22/21,12/21/26,Jo Daviess,2008,968,0,6
502695,8/6/21,5/3/25,Jo Daviess,1366,1002,0,10
502698,9/15/22,2/9/26,Jo Daviess,1243,881,4,18
502699,11/30/21,7/10/26,Jo Daviess,1683,593,9,16
502700,5/14/24,8/24/25,Jo Daviess,467,220,0,18
502702,6/9/21,2/19/25,Jo Daviess,1351,1037,2,18
502703,10/6/21,10/6/26,Jo Daviess,1826,1433,6,15
502705,2/28/25,8/15/25,Jo Daviess,168,6,0,3
502706,9/4/21,7/23/24,Jo Daviess,1053,304,0,18
502707,5/20/21,2/1/27,Jo Daviess,2083,1596,17,18
502709,12/17/21,7/29/24,Johnson,955,872,3,18
502710,10/20/25,8/15/26,Johnson,299,79,6,9
502711,10/27/21,1/12/25,Johnson,1173,90,0,6
502712,12/29/23,11/8/26,Johnson,1045,750,11,18
502714,6/26/21,12/9/26,Johnson,1992,1307,0,18
502715,12/31/21,9/17/26,Johnson,1721,347,2,18
502717,10/2/21,11/22/26,Johnson,1877,1541,0,12
502718,7/22/21,12/30/26,Johnson,1987,1336,0,18
502719,6/5/21,8/26/26,Johnson,1908,1143,5,18
502720,10/27/23,9/13/24,Johnson,322,75,0,18
502721,4/23/22,11/8/26,Johnson,1660,166,0,5
502722,8/8/21,10/17/24,Johnson,1166,902,0,15
502723,1/26/23,12/15/26,Johnson,1419,342,0,18
502724,6/19/24,10/26/25,Johnson,494,57,2,18
502725,11/2/25,12/28/26,Johnson,421,6,0,9
502726,3/7/25,1/30/26,Johnson,329,35,3,5
502727,11/6/21,10/21/26,Johnson,1810,1528,10,15
502728,1/9/24,2/18/27,Johnson,1136,729,2,4
502730,1/19/26,11/18/26,Johnson,303,36,2,18
502731,12/10/21,7/31/26,Johnson,1694,1626,0,2
502732,9/11/21,9/24/26,Johnson,1839,354,4,7
502733,12/4/25,5/17/26,Johnson,164,9,3,18
502735,8/25/21,6/23/26,Johnson,1763,1026,6,11
502736,11/17/21,1/9/27,Johnson,1879,1453,0,2
502737,10/5/21,6/23/25,Johnson,1357,1217,17,18
502738,9/22/22,2/8/26,Johnson,1235,45,2,5
502739,12/16/21,1/5/27,Johnson,1846,359,5,9
502740,12/11/21,1/21/26,Kane,1502,1346,0,12
502741,6/11/21,12/4/26,Kane,2002,1560,2,18
502742,10/8/21,11/16/22,Kane,404,298,5,11
502743,12/8/21,1/17/27,Kane,1866,1007,0,5
502745,3/9/23,12/13/23,Kane,279,4,2,8
502746,7/14/21,3/7/26,Kane,1697,985,2,8
502747,1/10/26,4/22/26,Kane,102,6,5,18
502748,7/23/21,7/9/26,Kane,1812,1642,7,10
502749,12/17/21,4/27/26,Kane,1592,53,0,5
502751,1/28/22,8/23/26,Kane,1668,1177,11,18
502754,9/22/21,2/8/25,Kane,1235,844,6,18
502755,3/30/22,8/21/26,Kane,1605,995,1,18
502756,11/27/21,8/1/26,Kane,1708,241,2,6
502757,12/18/21,11/6/22,Kane,323,235,2,13
502758,10/1/21,10/20/26,Kane,1845,51,0,8
502759,8/12/21,8/13/26,Kane,1827,715,0,12
502760,10/17/23,6/29/26,Kane,986,138,0,18
502762,12/8/21,11/27/25,Kane,1450,754,0,12
502764,11/5/21,7/9/26,Kane,1707,1089,2,14
502765,2/6/22,12/10/26,Kane,1768,1602,0,4
502766,11/25/21,10/6/25,Kane,1411,38,13,18
502767,10/13/21,1/27/23,Kane,471,156,0,12
502768,2/11/23,12/25/25,Kane,1048,727,0,5
502769,6/6/22,9/23/26,Kane,1570,450,0,15
502770,8/3/22,6/23/23,Kane,324,15,0,18
502773,10/6/21,2/16/25,Kane,1229,777,0,5
502774,1/11/22,12/24/26,Kane,1808,96,6,12
502775,7/25/21,9/24/26,Kane,1887,1199,0,12
502776,3/15/22,11/21/26,Kane,1712,240,0,8
502778,12/18/21,10/24/26,Kane,1771,616,0,13
502779,5/29/21,2/17/27,Kane,2090,661,2,18
502780,3/27/23,10/21/26,Kane,1304,903,0,18
502781,10/7/21,9/24/26,Kane,1813,1111,1,18
502782,2/5/23,2/14/26,Kane,1105,59,16,18
502783,6/13/24,12/7/24,Kane,177,59,0,15
502784,12/8/21,8/7/26,Kane,1703,1642,0,5
502785,2/12/23,11/13/25,Kane,1005,181,1,11
502787,5/21/21,7/12/26,Kane,1878,1314,0,12
502789,12/5/21,11/10/26,Kane,1801,1642,0,10
502790,8/21/21,1/14/27,Kane,1972,757,9,15
502791,11/12/23,7/15/24,Kane,246,14,6,12
502792,8/8/21,9/3/26,Kane,1852,602,0,15
502793,5/11/21,9/3/26,Kane,1941,751,0,8
502794,11/22/21,9/9/26,Kane,1752,1177,0,16
502795,12/25/21,12/19/26,Kane,1820,1642,11,18
502797,1/26/22,7/15/26,Kane,1631,1337,0,3
502798,10/2/21,10/10/26,Kane,1834,1176,0,10
502799,2/19/22,7/7/26,Kane,1599,1392,0,13
502800,11/15/21,2/27/26,Kane,1565,333,15,18
502801,7/8/23,11/18/26,Kane,1229,302,14,18
502802,8/26/22,1/4/27,Kane,1592,986,0,18
502803,2/21/22,10/25/26,Kane,1707,1106,0,6
502804,3/13/22,11/5/26,Kane,1698,1073,6,13
502805,2/9/22,11/26/26,Kane,1751,976,2,15
502806,10/11/21,12/20/26,Kane,1896,1642,17,18
502807,12/2/21,11/8/25,Kane,1437,128,0,18
502808,6/13/21,11/10/26,Kane,1976,492,0,18
502810,11/2/22,4/3/26,Kane,1248,904,3,6
502812,7/26/21,9/29/26,Kane,1891,224,2,18
502813,7/29/21,8/11/26,Kane,1839,1642,0,16
502814,11/30/21,10/7/25,Kane,1407,1095,2,7
502815,3/21/22,1/16/24,Kane,666,15,8,11
502816,8/10/22,6/9/26,Kane,1399,95,5,13
502817,10/22/21,1/19/27,Kane,1915,1642,15,17
502818,5/22/21,10/19/26,Kane,1976,967,7,13
502819,10/2/21,7/28/25,Kane,1395,650,0,17
502820,5/30/24,1/21/26,Kane,601,8,0,3
502821,11/5/24,4/17/25,Kane,163,56,2,5
502822,10/31/21,10/16/26,Kane,1811,1642,0,18
502823,9/16/21,2/11/26,Kane,1609,1478,0,5
502824,10/22/21,7/8/26,Kane,1720,1077,0,18
502825,1/2/25,9/17/26,Kane,623,115,0,18
502826,12/23/21,12/26/26,Kane,1829,1531,0,2
502827,6/16/22,1/11/27,Kane,1670,1462,0,5
502828,7/8/22,1/30/23,Kane,206,14,0,5
502830,8/3/21,9/12/22,Kane,405,150,13,15
502831,9/20/21,9/22/23,Kane,732,199,0,7
502832,10/2/21,8/15/26,Kane,1778,979,11,18
502833,4/3/23,8/25/26,Kane,1240,1019,0,4
502834,4/14/25,4/10/26,Kane,361,64,5,10
502835,9/14/21,10/8/23,Kane,754,425,12,18
502836,8/9/21,11/21/26,Kane,1930,1489,6,18
502837,10/19/21,4/23/26,Kane,1647,1213,2,5
502838,8/24/22,2/13/27,Kane,1634,892,0,8
502840,8/27/21,8/20/26,Kane,1819,1642,13,16
502841,10/4/23,1/23/27,Kane,1207,814,6,16
502843,8/8/21,2/16/27,Kane,2018,1523,2,5
502844,6/22/21,8/1/26,Kane,1866,1160,0,4
502845,2/11/23,8/13/23,Kane,183,6,0,18
502846,11/22/21,12/5/26,Kane,1839,1642,0,3
502847,7/23/21,10/14/26,Kane,1909,1590,3,5
502848,12/28/21,9/13/23,Kane,624,412,0,7
502849,9/2/21,8/26/26,Kane,1819,1642,7,10
502850,12/27/21,12/15/26,Kane,1814,1393,5,18
502851,2/5/22,3/20/26,Kane,1504,110,0,18
502852,6/7/21,8/17/26,Kane,1897,762,0,18
502854,7/2/22,11/5/26,Kane,1587,941,0,14
502855,2/19/22,1/29/23,Kane,344,54,0,3
502856,11/7/23,11/15/24,Kane,374,20,2,5
502857,1/28/22,5/29/23,Kane,486,15,0,3
502859,1/28/26,10/12/26,Kane,257,13,5,9
502860,8/25/21,9/26/24,Kane,1128,112,7,11
502861,9/9/23,8/28/24,Kane,354,85,0,5
502862,2/7/22,6/7/25,Kane,1216,920,0,15
502864,2/17/23,5/14/23,Kane,86,1,4,9
502865,6/14/21,11/5/26,Kane,1970,1213,5,10
502866,9/1/21,8/12/26,Kane,1806,1063,4,8
502867,11/9/22,10/28/26,Kane,1449,366,10,18
502868,8/3/21,12/27/26,Kane,1972,1642,6,18
502869,8/22/21,1/5/27,Kane,1962,833,10,18
502870,8/24/21,7/16/25,Kane,1422,569,0,12
502871,11/29/21,11/30/26,Kane,1827,919,5,14
502872,12/10/22,1/7/27,Kane,1489,1257,0,18
502873,7/18/21,11/30/24,Kane,1231,297,0,14
502874,10/22/23,2/20/26,Kane,852,188,2,12
502875,6/29/23,6/25/26,Kane,1092,32,0,10
502876,8/11/21,8/13/24,Kane,1098,819,5,15
502877,4/14/23,1/7/27,Kane,1364,1038,0,10
502878,6/16/25,10/7/26,Kane,478,143,0,5
502879,10/30/21,11/7/26,Kane,1834,1469,0,5
502880,4/13/22,7/20/25,Kane,1194,598,2,6
502882,6/11/21,2/1/27,Kane,2061,1642,2,5
502883,7/3/21,8/6/26,Kane,1860,741,0,5
502884,5/13/22,7/27/26,Kane,1536,1159,6,18
502885,6/20/21,8/25/26,Kane,1892,1583,4,7
502886,9/13/21,2/24/26,Kane,1625,980,10,12
502887,11/19/22,7/8/26,Kane,1327,163,2,18
502888,11/19/21,9/5/26,Kane,1751,1554,2,8
502889,6/30/21,9/25/26,Kane,1913,1627,0,16
502890,5/20/21,1/22/26,Kane,1708,360,0,5
502891,3/10/22,3/21/23,Kane,376,26,2,6
502892,1/12/25,7/8/25,Kane,177,19,0,18
502893,6/15/21,3/29/23,Kane,652,447,2,5
502894,6/29/23,9/14/26,Kane,1173,156,0,13
502895,9/19/21,8/30/22,Kane,345,30,2,16
502896,2/19/22,7/20/26,Kane,1612,815,0,8
502897,1/2/22,12/12/26,Kane,1805,1422,0,2
502899,1/12/22,1/19/27,Kane,1833,1570,0,17
502900,1/5/25,5/12/26,Kane,492,66,0,10
502901,1/5/23,6/12/24,Kane,524,44,0,11
502903,7/28/22,12/13/24,Kane,869,76,6,14
502904,5/29/21,3/29/26,Kane,1765,1382,3,8
502905,5/12/21,2/22/27,Kane,2112,1129,0,12
502906,12/11/21,8/18/26,Kane,1711,1642,9,12
502907,11/12/21,11/14/26,Kane,1828,354,5,9
502908,7/20/21,8/23/26,Kane,1860,1063,0,5
502909,6/19/22,2/3/27,Kane,1690,807,2,6
502910,12/18/21,8/27/26,Kane,1713,681,0,10
502911,7/21/21,12/15/26,Kane,1973,1630,0,3
502912,4/20/25,10/25/26,Kane,553,283,0,6
502913,8/29/22,10/27/26,Kane,1520,1331,0,16
502914,12/3/22,12/7/25,Kane,1100,869,5,16
502915,7/29/22,12/19/26,Kane,1604,188,3,18
502917,9/17/21,8/31/26,Kane,1809,1066,0,18
502918,5/30/21,1/24/27,Kane,2065,1337,2,18
502919,8/13/21,1/14/27,Kane,1980,1642,0,12
502920,5/25/21,9/11/26,Kane,1935,816,8,18
502921,10/22/21,12/12/26,Kane,1877,1166,0,14
502922,11/12/22,10/8/25,Kane,1061,82,0,4
502923,10/30/21,8/1/26,Kane,1736,1534,5,18
502924,7/16/21,9/10/25,Kane,1517,425,0,18
502925,12/14/21,5/25/26,Kane,1623,1242,8,18
502926,7/27/21,6/22/25,Kane,1426,1198,6,15
502927,7/14/21,12/12/26,Kane,1977,1642,0,18
502928,4/27/23,9/22/26,Kane,1244,924,4,7
502929,9/3/21,1/5/27,Kane,1950,1386,6,12
502930,9/15/21,11/3/26,Kane,1875,1153,0,4
502931,9/29/23,6/21/24,Kane,266,43,0,2
502933,12/4/21,8/10/26,Kane,1710,638,0,8
502934,8/27/22,10/16/23,Kane,415,42,0,16
502936,9/14/23,4/10/24,Kane,209,24,5,18
502937,8/6/21,8/7/25,Kane,1462,1168,0,5
502938,2/6/23,12/2/26,Kane,1395,722,0,18
502939,2/26/23,9/13/26,Kane,1295,128,0,3
502941,4/1/22,12/1/26,Kane,1705,148,3,11
502942,2/26/22,8/13/26,Kane,1629,1069,0,18
502943,6/8/21,12/30/25,Kane,1666,476,0,16
502944,9/5/21,8/25/24,Kane,1085,48,4,15
502945,6/8/21,10/1/26,Kane,1941,1375,0,10
502946,11/28/21,2/13/27,Kane,1903,1227,0,5
502948,1/7/22,10/19/22,Kane,285,92,0,18
502949,12/8/21,9/23/24,Kane,1020,761,6,10
502950,8/22/21,12/20/26,Kane,1946,67,0,7
502951,1/23/23,7/9/26,Kane,1263,817,6,18
502953,12/12/21,9/19/26,Kane,1742,1227,2,13
502954,10/19/21,9/20/26,Kane,1797,602,0,5
502955,12/22/21,5/23/24,Kane,883,67,5,18
502956,8/1/22,5/20/26,Kane,1388,206,2,4
502957,8/18/22,4/27/26,Kane,1348,677,0,13
502958,11/17/21,9/30/26,Kane,1778,1108,10,13
502959,4/3/23,11/3/23,Kane,214,29,0,18
502960,10/29/23,8/3/24,Kane,279,57,0,10
502962,12/23/21,9/8/24,Kane,990,762,6,13
502963,4/22/23,7/29/26,Kane,1194,895,0,5
502964,7/14/21,8/4/26,Kane,1847,1588,0,5
502965,9/1/21,3/7/25,Kane,1283,320,0,14
502966,2/10/22,12/25/22,Kane,318,153,6,10
502967,6/23/23,2/2/27,Kane,1320,970,0,18
502968,11/25/23,1/10/27,Kane,1142,170,4,8
502969,10/28/24,11/1/26,Kane,734,175,0,18
502970,9/14/21,5/14/26,Kane,1703,211,0,6
502971,9/19/21,12/16/22,Kane,453,180,6,18
502973,12/20/21,3/13/26,Kane,1544,207,0,18
502974,8/20/21,2/4/27,Kane,1994,476,2,13
502975,8/16/21,7/12/26,Kane,1791,1393,6,15
502977,10/7/21,12/11/26,Kane,1891,1642,0,18
502978,11/23/21,1/12/25,Kane,1146,20,0,4
502979,10/27/21,2/28/26,Kane,1585,256,0,6
502980,8/1/25,10/5/26,Kane,430,212,6,10
502981,12/27/21,6/15/25,Kane,1266,1088,15,18
502982,2/12/22,10/20/26,Kane,1711,1046,3,6
502983,7/29/21,8/12/26,Kane,1840,999,0,3
502984,5/14/21,11/4/26,Kane,2000,659,0,14
502985,5/14/21,7/14/26,Kane,1887,1642,4,18
502988,5/27/22,7/4/25,Kane,1134,956,6,10
502989,7/10/21,6/3/25,Kane,1424,766,12,18
502990,6/28/21,7/7/26,Kane,1835,1531,0,18
502992,5/13/21,9/28/26,Kane,1964,1267,0,18
502993,6/23/21,11/21/26,Kane,1977,1518,0,15
502994,12/23/21,9/27/26,Kane,1739,1202,0,6
502996,1/14/24,1/17/25,Kane,369,17,0,10
502997,9/25/21,1/24/26,Kane,1582,921,0,18
502998,9/29/22,11/24/26,Kane,1517,143,2,10
502999,8/31/23,11/3/24,Kane,430,49,0,18
503000,5/16/21,12/16/26,Kane,2040,1172,6,10
503001,12/16/23,8/31/26,Kane,989,59,2,5
503002,12/4/23,4/5/26,Kane,853,59,0,5
503004,12/18/21,12/21/26,Kane,1829,850,5,18
503005,8/12/21,9/4/26,Kane,1849,1007,0,5
503007,11/10/21,11/19/26,Kane,1835,849,0,3
503009,11/2/21,10/28/23,Kane,725,520,0,18
503010,12/18/21,3/15/26,Kane,1548,766,2,6
503011,9/30/22,7/12/26,Kane,1381,102,0,13
503012,7/9/21,6/29/25,Kane,1451,557,0,18
503013,6/10/22,2/2/27,Kane,1698,201,2,4
503014,7/1/21,9/3/26,Kane,1890,1461,6,10
503015,9/17/22,6/27/26,Kane,1379,50,2,10
503016,3/13/22,3/24/25,Kane,1107,1017,0,16
503017,9/11/21,10/6/26,Kane,1851,1198,17,18
503018,8/19/21,8/31/26,Kane,1838,1488,14,18
503020,1/9/23,7/27/23,Kane,199,13,3,12
503021,2/10/26,7/5/26,Kane,145,37,0,8
503022,8/23/21,7/11/26,Kane,1783,453,0,5
503023,9/8/21,10/9/26,Kane,1857,1642,0,13
503025,12/23/23,7/24/26,Kane,944,102,0,7
503026,10/13/21,1/16/27,Kane,1921,998,9,13
503027,10/24/22,12/15/23,Kane,417,1,0,18
503028,10/30/23,1/3/27,Kane,1161,814,0,17
503029,7/31/21,4/12/26,Kane,1716,1361,4,18
503030,10/12/22,12/10/25,Kane,1155,12,6,9
503031,5/28/21,1/23/26,Kane,1701,943,6,18
503032,3/27/23,4/27/26,Kane,1127,746,0,6
503033,8/19/21,10/8/26,Kane,1876,1642,5,18
503034,8/9/23,7/26/26,Kane,1082,51,0,18
503035,8/21/21,11/12/24,Kane,1179,157,0,12
503036,3/31/22,11/6/26,Kane,1681,1305,0,7
503037,2/17/23,6/7/24,Kane,476,119,0,14
503038,7/5/21,9/2/26,Kane,1885,821,5,18
503039,9/30/21,11/8/26,Kane,1865,1487,0,12
503040,9/15/22,5/25/23,Kane,252,11,1,15
503041,6/7/21,1/28/27,Kane,2061,421,14,18
503042,8/15/21,4/6/26,Kane,1695,1317,6,10
503043,11/18/21,10/25/26,Kane,1802,282,10,12
503045,2/23/22,9/30/26,Kane,1680,200,0,18
503046,8/17/21,1/3/27,Kane,1965,1642,0,18
503047,12/28/21,2/2/27,Kane,1862,1631,0,18
503048,5/19/25,6/29/26,Kane,406,64,8,11
503049,3/19/22,10/9/26,Kane,1665,343,4,8
503050,8/6/21,11/22/23,Kane,838,458,0,10
503051,11/16/22,9/16/26,Kane,1400,390,0,18
503052,7/3/24,1/2/26,Kane,548,51,0,14
503053,9/23/21,1/20/27,Kane,1945,1324,2,18
503054,10/2/21,8/25/26,Kane,1788,1432,0,3
503055,9/29/21,9/10/26,Kane,1807,1642,2,12
503056,11/25/21,8/23/26,Kane,1732,1604,0,9
503057,12/26/22,10/1/26,Kane,1375,98,0,7
503059,11/20/21,12/4/26,Kane,1840,1367,4,12
503061,7/1/23,1/21/27,Kane,1300,820,2,4
503062,6/16/21,8/1/22,Kane,411,122,6,10
503063,10/29/21,9/23/26,Kane,1790,1642,12,15
503064,6/1/21,10/24/26,Kane,1971,1642,3,5
503066,1/13/26,10/7/26,Kane,267,7,0,5
503067,11/25/23,8/25/24,Kane,274,4,7,9
503068,4/11/22,12/23/25,Kane,1352,577,0,5
503070,8/20/24,8/2/26,Kane,712,607,0,10
503071,7/30/21,7/26/26,Kane,1822,1264,0,5
503072,10/30/23,1/19/26,Kane,812,532,0,6
503073,8/4/21,10/8/26,Kane,1891,1642,0,18
503074,3/12/23,8/23/25,Kane,895,136,0,8
503075,7/30/21,8/6/26,Kane,1833,103,9,16
503077,11/25/22,12/31/25,Kane,1132,601,0,4
503078,11/28/21,1/22/27,Kane,1881,678,0,17
503079,1/21/25,7/23/26,Kane,548,87,0,14
503080,6/14/22,1/12/25,Kane,943,809,0,15
503082,9/3/21,9/15/22,Kane,377,14,0,10
503083,2/20/22,1/25/27,Kane,1800,438,0,17
503084,3/1/25,8/28/26,Kane,545,87,0,2
503085,1/12/24,1/4/27,Kane,1088,66,0,12
503086,6/19/22,2/10/27,Kane,1697,1401,8,18
503087,7/30/21,9/3/24,Kane,1131,889,8,10
503088,12/30/21,9/30/25,Kane,1370,147,0,10
503090,9/9/21,4/16/26,Kane,1680,599,2,18
503091,11/18/21,10/30/26,Kane,1807,1483,2,6
503092,11/2/21,3/4/25,Kane,1218,673,5,18
503093,5/15/21,2/16/27,Kane,2103,1151,0,12
503094,1/14/22,8/27/26,Kane,1686,890,0,7
503095,6/24/22,10/25/23,Kane,488,184,6,9
503097,7/6/21,11/12/26,Kane,1955,1564,0,12
503098,6/21/21,5/27/26,Kane,1801,53,2,13
503099,6/14/21,9/23/26,Kane,1927,1642,6,12
503100,12/28/21,2/8/27,Kane,1868,1642,9,15
503102,6/13/21,9/23/25,Kane,1563,1208,6,14
503103,5/14/21,1/4/27,Kane,2061,1642,0,9
503104,12/21/21,12/16/26,Kane,1821,1372,2,4
503106,8/22/21,10/17/26,Kane,1882,684,0,7
503108,6/24/22,11/3/25,Kane,1228,85,0,10
503109,8/15/22,10/29/26,Kane,1536,1355,0,8
503110,10/26/21,4/6/26,Kane,1623,410,2,18
503112,8/31/21,2/13/26,Kane,1627,583,7,18
503113,9/26/21,2/22/27,Kane,1975,662,0,16
503116,11/16/21,10/1/26,Kane,1780,974,3,10
503117,4/22/25,11/22/25,Kane,214,6,5,18
503118,1/2/24,7/7/26,Kane,917,107,0,17
503119,8/16/21,12/12/25,Kane,1579,788,4,18
503120,11/20/23,7/11/26,Kane,964,20,6,11
503121,12/4/21,12/4/26,Kane,1826,1642,0,18
503122,5/28/21,2/4/27,Kane,2078,1038,2,6
503124,7/20/21,5/6/26,Kane,1751,127,0,10
503125,12/28/21,12/21/26,Kane,1819,1642,10,13
503129,5/13/22,10/27/25,Kane,1263,1069,2,12
503130,12/5/24,10/9/26,Kane,673,48,0,3
503131,12/8/21,4/25/24,Kane,869,304,1,18
503132,3/5/24,8/4/26,Kane,882,821,0,8
503133,11/16/21,12/18/26,Kane,1858,1642,2,18
503134,10/24/21,11/22/25,Kane,1490,1255,0,5
503136,7/20/21,1/4/27,Kane,1994,1112,6,18
503137,1/14/22,10/23/26,Kane,1743,1080,10,12
503139,10/24/21,10/5/26,Kane,1807,1642,6,11
503140,12/31/22,10/27/23,Kane,300,21,6,15
503141,12/29/21,9/27/23,Kane,637,179,0,5
503142,4/27/23,8/11/26,Kane,1202,250,0,12
503143,12/11/21,6/5/26,Kane,1637,1386,2,5
503144,10/15/21,1/31/27,Kane,1934,452,0,8
503146,1/27/23,10/18/26,Kane,1360,175,3,18
503147,8/7/22,7/28/26,Kane,1451,1066,12,18
503149,8/8/22,5/25/24,Kane,656,497,0,6
503150,5/21/22,7/18/26,Kane,1519,1418,0,8
503151,8/10/22,7/25/26,Kane,1445,250,9,18
503152,5/18/25,7/22/26,Kane,430,285,0,4
503154,11/14/24,12/13/26,Kane,759,253,2,8
503155,9/23/21,4/2/25,Kane,1287,82,0,12
503156,1/4/25,9/14/26,Kane,618,241,0,11
503157,9/22/21,6/29/25,Kane,1376,1155,2,10
503158,10/2/21,12/13/26,Kane,1898,1642,6,11
503159,10/29/21,11/16/25,Kane,1479,227,10,12
503160,7/23/21,9/5/26,Kane,1870,734,10,18
503161,11/23/21,9/1/25,Kane,1378,957,12,17
503162,2/16/24,9/25/24,Kane,222,75,0,7
503163,1/23/22,2/9/27,Kane,1843,1045,0,5
503164,11/29/25,3/25/26,Kane,116,76,2,18
503165,10/8/22,10/29/24,Kane,752,640,0,18
503166,8/29/25,11/19/26,Kane,447,44,0,7
503167,3/24/22,10/3/25,Kane,1289,748,2,7
503168,1/29/22,11/16/26,Kane,1752,1389,6,18
503169,10/4/21,11/5/24,Kane,1128,136,17,18
503170,1/5/22,10/4/22,Kane,272,2,0,11
503171,5/31/21,1/13/27,Kane,2053,1642,0,15
503172,6/27/23,11/29/26,Kane,1251,141,0,15
503173,8/12/25,12/28/25,Kane,138,24,2,6
503174,10/30/21,12/26/24,Kane,1153,742,0,6
503176,7/1/22,5/2/26,Kane,1401,1007,5,18
503178,12/20/21,6/10/26,Kane,1633,1377,2,12
503179,2/6/23,9/1/26,Kane,1303,996,0,18
503180,12/16/21,12/27/25,Kane,1472,847,0,18
503181,6/10/21,7/27/26,Kane,1873,653,0,2
503183,3/8/24,7/29/24,Kane,143,4,0,18
503184,2/22/24,3/8/25,Kane,380,58,2,5
503185,7/17/21,2/28/24,Kane,956,242,4,12
503186,6/23/22,1/29/23,Kane,220,82,6,13
503187,7/24/22,10/11/26,Kane,1540,1081,6,18
503188,12/21/21,6/12/26,Kane,1634,320,0,5
503189,10/10/21,10/26/25,Kane,1477,234,0,18
503190,5/21/22,3/12/26,Kane,1391,127,0,6
503191,11/6/21,7/14/26,Kane,1711,613,15,18
503192,12/1/22,11/24/26,Kane,1454,882,0,4
503193,5/15/21,9/9/26,Kane,1943,1616,2,10
503194,2/4/22,10/18/26,Kane,1717,1430,4,18
503195,6/18/22,12/12/25,Kane,1273,1090,0,2
503196,8/22/21,1/5/27,Kane,1962,1150,0,18
503197,6/16/21,1/17/24,Kane,945,634,6,18
503198,1/21/26,1/28/27,Kane,372,54,0,4
503200,10/10/23,12/1/24,Kane,418,161,8,17
503201,7/3/21,11/26/26,Kane,1972,1601,0,11
503203,8/1/21,2/19/27,Kane,2028,886,7,18
503204,11/3/21,11/20/26,Kane,1843,1600,0,18
503205,1/8/22,5/6/23,Kane,483,210,6,17
503206,1/10/24,1/13/27,Kane,1099,793,4,11
503207,7/2/21,12/11/25,Kane,1623,98,4,6
503208,5/13/21,7/18/26,Kane,1892,1642,0,4
503209,7/20/21,8/30/26,Kane,1867,1458,3,10
503210,4/15/25,2/23/26,Kane,314,199,0,9
503211,9/6/21,11/16/26,Kane,1897,673,8,10
503212,11/11/21,8/7/25,Kane,1365,1150,0,16
503213,10/26/21,6/26/22,Kane,243,60,0,14
503214,12/24/21,10/18/26,Kane,1759,1066,10,18
503215,7/5/21,7/16/26,Kane,1837,1518,0,3
503216,7/30/24,12/11/26,Kane,864,173,0,18
503217,6/14/22,11/8/22,Kane,147,34,0,6
503218,3/14/23,9/26/26,Kane,1292,1100,2,12
503219,11/16/21,10/18/26,Kane,1797,1174,0,12
503220,9/23/21,1/14/27,Kane,1939,959,1,7
503221,11/16/25,5/11/26,Kane,176,110,0,5
503222,4/30/24,3/18/26,Kane,687,59,2,13
503223,6/13/21,8/27/26,Kane,1901,1600,0,4
503224,11/26/22,9/26/26,Kane,1400,620,10,13
503225,6/8/21,12/12/26,Kane,2013,117,2,13
503226,7/19/21,8/11/26,Kane,1849,49,0,12
503228,7/31/21,10/9/26,Kane,1896,1642,0,18
503229,9/30/24,7/15/26,Kane,653,612,0,18
503231,9/3/21,6/1/26,Kane,1732,1418,9,18
503232,6/10/23,7/26/24,Kane,412,85,2,10
503233,12/19/21,11/22/26,Kane,1799,1642,6,16
503234,3/8/22,8/24/26,Kane,1630,1213,10,16
503235,11/16/21,4/25/26,Kane,1621,1074,0,4
503236,12/19/21,12/28/26,Kane,1835,1531,0,15
503238,12/13/21,9/1/25,Kane,1358,742,0,13
503239,4/21/23,11/26/26,Kane,1315,165,0,7
503240,6/14/21,9/3/26,Kane,1907,914,2,5
503241,2/21/22,2/17/27,Kane,1822,1499,6,18
503242,11/22/21,12/9/22,Kane,382,5,0,2
503243,7/24/24,7/15/26,Kane,721,593,0,14
503244,6/11/21,5/5/26,Kane,1789,414,2,7
503245,10/16/21,7/7/26,Kane,1725,443,6,8
503246,11/15/21,6/15/26,Kane,1673,859,2,5
503247,10/25/21,9/26/24,Kane,1067,890,5,7
503248,10/4/21,2/14/27,Kane,1959,1450,0,12
503250,6/11/21,1/7/25,Kane,1306,772,11,18
503251,10/16/21,9/8/26,Kane,1788,1225,10,18
503252,6/16/21,9/18/26,Kane,1920,1642,2,18
503253,10/23/21,2/12/27,Kane,1938,1642,16,18
503254,10/8/21,1/3/25,Kane,1183,910,15,18
503255,11/4/21,8/21/23,Kane,655,464,0,9
503256,5/3/22,5/13/26,Kane,1471,761,0,11
503257,8/12/22,8/17/26,Kane,1466,1112,6,10
503258,11/6/21,1/16/27,Kane,1897,1599,0,18
503259,11/17/21,9/22/26,Kane,1770,1135,0,8
503260,10/17/21,10/25/26,Kankakee,1834,977,0,2
503261,11/29/21,10/20/25,Kankakee,1421,242,3,9
503262,1/20/22,7/17/26,Kankakee,1639,1299,0,5
503263,6/27/24,12/31/26,Kankakee,917,178,0,14
503264,1/15/24,8/17/26,Kankakee,945,66,0,12
503267,4/11/22,7/9/23,Kankakee,454,16,6,8
503268,7/26/21,10/13/25,Kankakee,1540,445,0,12
503269,8/17/24,7/17/26,Kankakee,699,536,0,9
503270,12/5/24,9/30/25,Kankakee,299,21,0,10
503273,9/8/21,1/19/27,Kankakee,1959,1642,0,7
503274,7/15/21,4/1/25,Kankakee,1356,447,0,15
503275,1/16/22,10/9/26,Kankakee,1727,708,0,10
503277,9/13/21,10/3/26,Kankakee,1846,1074,6,18
503278,8/22/24,6/7/26,Kankakee,654,20,0,13
503279,2/25/22,1/30/27,Kankakee,1800,827,0,5
503281,9/27/21,2/29/24,Kankakee,885,628,14,18
503284,5/23/24,2/3/25,Kankakee,256,20,6,13
503285,7/8/21,12/25/24,Kankakee,1266,955,6,10
503286,12/6/21,11/24/26,Kankakee,1814,1564,0,6
503287,10/11/23,11/3/25,Kankakee,754,73,0,10
503289,10/18/25,9/1/26,Kankakee,318,176,12,18
503290,5/10/21,10/23/26,Kankakee,1992,1642,16,18
503292,9/12/21,10/18/26,Kankakee,1862,729,0,10
503293,6/30/21,2/4/27,Kankakee,2045,832,4,7
503294,1/2/22,12/6/26,Kankakee,1799,1581,5,18
503295,4/23/23,10/25/26,Kankakee,1281,848,0,5
503296,4/20/22,8/8/25,Kankakee,1206,748,0,10
503297,8/4/21,5/15/23,Kankakee,649,283,0,5
503298,11/22/24,8/10/25,Kankakee,261,9,9,15
503299,10/13/21,4/20/24,Kankakee,920,47,0,18
503300,12/19/21,10/5/25,Kankakee,1386,145,0,18
503303,2/12/22,7/19/26,Kankakee,1618,1075,5,9
503304,8/23/21,11/27/26,Kankakee,1922,929,2,18
503305,12/29/24,10/4/25,Kankakee,279,29,0,13
503309,12/1/22,3/22/26,Kankakee,1207,679,3,6
503310,8/4/23,10/6/25,Kankakee,794,95,17,18
503312,9/13/21,10/22/26,Kankakee,1865,1204,9,17
503313,12/31/21,12/12/26,Kankakee,1807,973,2,17
503314,5/27/21,9/9/23,Kankakee,835,482,16,18
503315,8/20/21,12/24/25,Kankakee,1587,97,0,8
503316,7/22/22,3/23/25,Kankakee,975,766,0,12
503317,11/22/21,12/7/26,Kankakee,1841,706,0,6
503318,3/22/23,2/6/27,Kankakee,1417,1018,1,10
503319,12/22/21,11/27/26,Kankakee,1801,1151,0,18
503320,12/15/21,8/19/26,Kankakee,1708,1460,0,10
503322,1/17/24,7/21/25,Kankakee,551,38,2,18
503323,5/15/25,12/13/25,Kankakee,212,16,0,2
503324,10/15/23,4/21/24,Kankakee,189,10,0,14
503325,12/25/21,11/22/26,Kankakee,1793,1374,2,10
503326,10/18/21,1/2/27,Kankakee,1902,1419,0,12
503328,8/3/23,6/19/24,Kankakee,321,7,0,2
503329,10/31/21,7/23/26,Kankakee,1726,843,0,5
503332,7/8/21,9/19/26,Kankakee,1899,1083,6,10
503337,3/22/25,11/29/25,Kankakee,252,4,0,12
503338,10/21/21,11/25/25,Kankakee,1496,154,0,12
503339,7/20/21,11/14/26,Kankakee,1943,1069,13,18
503340,1/27/22,6/18/22,Kankakee,142,7,0,7
503341,5/12/21,10/17/26,Kankakee,1984,1572,0,2
503342,7/10/21,6/26/22,Kankakee,351,31,0,7
503343,6/29/21,7/27/25,Kankakee,1489,1193,0,4
503344,9/18/21,11/6/26,Kankakee,1875,1609,0,13
503345,11/26/21,9/28/26,Kankakee,1767,949,0,5
503346,11/7/21,10/27/26,Kankakee,1815,810,0,17
503347,5/3/22,6/11/26,Kankakee,1500,754,0,3
503350,12/20/22,7/12/23,Kankakee,204,144,2,18
503351,10/21/21,10/14/26,Kankakee,1819,1642,3,13
503352,10/6/21,10/18/26,Kankakee,1838,842,2,18
503353,12/31/21,2/11/27,Kankakee,1868,698,9,13
503355,2/14/25,9/4/25,Kankakee,202,31,6,10
503357,9/25/21,2/13/23,Kankakee,506,226,0,5
503358,1/1/22,2/2/27,Kankakee,1858,1642,6,18
503359,9/1/21,12/25/26,Kankakee,1941,1567,0,3
503360,9/30/23,9/27/24,Kankakee,363,39,0,3
503361,7/22/23,9/24/26,Kankakee,1160,151,0,8
503362,1/30/24,8/16/24,Kankakee,199,6,2,5
503363,9/28/21,5/14/26,Kankakee,1689,1367,9,11
503364,12/21/25,4/14/26,Kankakee,114,30,0,10
503365,9/20/21,9/9/26,Kankakee,1815,1184,0,13
503366,12/13/23,11/25/26,Kankakee,1078,36,0,5
503367,10/13/21,7/23/26,Kankakee,1744,957,3,5
503371,3/17/23,3/12/24,Kankakee,361,84,3,11
503373,12/13/21,4/5/24,Kankakee,844,769,0,4
503374,8/8/21,4/4/23,Kankakee,604,422,0,18
503375,11/4/21,9/28/23,Kankakee,693,8,12,18
503376,2/15/22,11/29/26,Kankakee,1748,866,0,12
503380,1/7/25,3/19/26,Kankakee,436,45,5,10
503381,11/12/22,6/6/26,Kankakee,1302,1040,6,11
503382,1/11/25,11/9/26,Kankakee,667,444,5,7
503383,11/5/25,12/17/26,Kendall,407,100,2,18
503384,12/18/21,2/3/25,Kendall,1143,838,0,8
503387,6/12/21,7/17/26,Kendall,1861,766,0,5
503388,6/13/22,11/1/26,Kendall,1602,1339,0,18
503390,4/17/22,1/2/27,Kendall,1721,1499,8,18
503391,5/28/23,7/18/25,Kendall,782,112,0,10
503392,9/30/21,2/5/27,Kendall,1954,980,0,18
503394,8/28/25,10/2/25,Kendall,35,7,0,6
503397,11/8/21,2/7/27,Kendall,1917,1373,0,8
503398,6/27/21,6/24/26,Kendall,1823,1175,0,18
503399,6/5/23,3/9/24,Kendall,278,72,16,18
503400,9/28/21,9/4/25,Kendall,1437,167,0,18
503401,10/30/25,1/14/27,Kendall,441,118,10,18
503402,8/12/24,10/13/26,Kendall,792,485,0,14
503403,12/26/21,8/29/25,Kendall,1342,1305,6,9
503404,7/17/21,9/30/26,Kendall,1901,1642,0,11
503405,11/16/21,1/14/27,Kendall,1885,352,0,7
503406,12/10/25,9/11/26,Kendall,275,98,0,10
503407,7/5/25,1/15/26,Kendall,194,63,3,12
503408,1/6/24,10/9/26,Kendall,1007,231,0,18
503409,10/19/21,6/10/24,Kendall,965,853,0,5
503410,12/5/21,12/13/26,Kendall,1834,1208,3,11
503411,10/12/21,9/15/24,Kendall,1069,931,4,13
503412,6/22/21,11/17/26,Kendall,1974,131,2,10
503413,12/16/21,6/5/26,Kendall,1632,99,1,11
503414,5/18/21,7/25/25,Kendall,1529,1251,5,14
503415,9/23/21,11/23/26,Kendall,1887,1642,2,8
503416,6/30/21,10/8/26,Kendall,1926,1354,4,18
503417,8/23/21,9/29/26,Kendall,1863,231,0,5
503418,8/14/21,11/24/26,Kendall,1928,925,0,12
503419,4/8/22,1/23/27,Kendall,1751,578,0,10
503420,11/16/21,12/17/26,Kendall,1857,79,11,13
503423,10/6/21,11/19/26,Kendall,1870,1642,0,6
503424,5/21/21,10/11/26,Kendall,1969,567,0,6
503425,12/23/21,7/9/26,Kendall,1659,1143,6,12
503426,12/26/24,1/13/27,Kendall,748,500,2,13
503427,6/4/21,11/25/26,Kendall,2000,1123,6,18
503428,2/3/22,4/11/24,Kendall,798,33,10,12
503429,10/25/21,1/2/27,Kendall,1895,929,2,7
503430,8/12/21,9/3/26,Kendall,1848,1225,6,12
503431,10/16/22,6/15/26,Kendall,1338,642,0,13
503432,11/22/21,12/25/24,Kendall,1129,867,0,11
503433,11/28/23,7/18/25,Kendall,598,48,0,16
503434,10/19/21,5/8/26,Kendall,1662,1435,0,18
503435,1/29/22,12/22/25,Kendall,1423,1266,0,6
503436,10/29/21,12/6/26,Kendall,1864,1642,12,18
503437,10/8/23,10/31/25,Kendall,754,630,2,10
503438,11/17/21,10/6/26,Kendall,1784,1642,0,6
503439,5/15/21,7/9/26,Kendall,1881,1149,0,9
503440,7/23/21,9/13/23,Kendall,782,575,0,4
503441,12/28/22,2/11/27,Kendall,1506,1002,3,10
503442,1/4/23,10/21/25,Kendall,1021,156,0,5
503443,8/31/21,6/7/26,Kendall,1741,960,0,5
503445,8/9/24,2/14/25,Kendall,189,24,6,18
503448,4/24/23,7/20/24,Knox,453,220,2,5
503449,9/9/23,1/12/26,Knox,856,97,1,18
503450,9/11/21,6/18/24,Knox,1011,868,0,11
503452,2/10/24,10/8/24,Knox,241,11,1,13
503453,9/30/23,9/3/26,Knox,1069,158,14,16
503454,1/13/22,8/31/26,Knox,1691,1343,12,18
503455,10/29/21,10/1/26,Knox,1798,1172,6,12
503456,3/3/24,12/27/26,Knox,1029,808,0,10
503457,7/2/21,7/4/26,Knox,1828,1642,7,18
503458,12/22/21,12/17/26,Knox,1821,1562,7,18
503459,6/2/23,6/29/25,Knox,758,722,0,11
503460,6/17/21,1/2/27,Knox,2025,1387,3,12
503461,9/12/23,4/18/25,Knox,584,222,5,18
503462,11/28/23,9/19/26,Knox,1026,834,13,18
503464,7/28/24,10/8/25,Knox,437,136,0,9
503468,8/3/24,8/8/25,Knox,370,1,0,18
503469,12/20/23,7/1/24,Knox,194,54,0,5
503470,2/16/22,11/2/26,Knox,1720,320,0,6
503471,12/31/21,11/28/26,Knox,1793,724,0,10
503472,10/17/21,1/2/27,Knox,1903,1642,0,12
503473,1/8/23,12/15/24,Knox,707,76,5,10
503474,4/2/22,8/4/24,Knox,855,194,0,5
503475,8/2/21,7/3/26,Knox,1796,1222,0,18
503476,3/21/23,4/11/26,Knox,1117,566,5,18
503479,7/22/22,11/14/25,Knox,1211,264,5,18
503480,6/20/21,6/11/25,Knox,1452,214,0,18
503481,7/13/22,3/20/23,Knox,250,38,0,5
503482,3/21/22,7/25/26,Knox,1587,489,0,18
503483,7/6/21,2/3/27,Knox,2038,1322,3,15
503484,1/1/22,11/7/26,Knox,1771,1211,0,10
503486,10/10/21,7/23/26,Knox,1747,849,0,18
503487,7/2/24,2/2/26,Knox,580,4,5,7
503488,7/19/21,8/22/26,Knox,1860,1396,0,18
503489,8/22/24,12/21/26,Knox,851,557,7,12
503490,11/24/21,9/29/26,Knox,1770,1274,2,18
503492,9/28/21,1/9/27,Knox,1929,552,0,17
503493,9/28/21,11/23/26,Knox,1882,1090,2,6
503494,9/11/23,12/26/25,Knox,837,102,0,8
503495,10/31/21,3/8/26,Knox,1589,484,3,10
503496,7/28/22,8/26/26,Knox,1490,1398,6,12
503497,7/16/21,4/26/26,Knox,1745,578,2,10
503498,11/4/21,7/4/26,Knox,1703,1269,0,10
503500,10/23/25,8/8/26,Knox,289,21,0,5
503501,11/12/22,12/31/26,Knox,1510,555,0,12
503502,10/8/21,8/22/26,Knox,1779,1027,0,5
503503,6/29/21,1/9/23,Knox,559,260,0,3
503504,7/5/21,7/7/26,LaSalle,1828,1096,2,5
503505,10/15/25,6/24/26,LaSalle,252,7,0,10
503506,10/2/21,7/23/26,LaSalle,1755,615,0,2
503507,7/6/22,5/7/26,LaSalle,1401,65,1,6
503509,10/12/21,11/24/25,LaSalle,1504,1157,2,6
503510,10/31/22,7/17/25,LaSalle,990,238,0,5
503511,7/25/21,6/29/26,LaSalle,1800,1522,2,10
503512,6/15/22,1/28/27,LaSalle,1688,599,3,18
503515,12/18/22,3/14/25,LaSalle,817,525,6,12
503516,10/10/21,6/4/26,LaSalle,1698,345,0,7
503517,6/17/21,12/11/26,LaSalle,2003,1356,6,10
503518,9/19/23,7/30/24,LaSalle,315,45,10,18
503519,9/27/21,11/25/26,LaSalle,1885,671,0,18
503520,12/14/22,8/24/26,LaSalle,1349,40,0,18
503521,9/13/21,6/5/26,LaSalle,1726,1381,0,4
503522,6/27/22,9/29/26,LaSalle,1555,992,0,12
503523,5/17/22,7/27/26,LaSalle,1532,1484,7,18
503524,11/23/21,11/25/22,LaSalle,367,147,0,7
503525,11/27/21,7/16/26,LaSalle,1692,938,0,9
503526,8/6/22,7/18/26,LaSalle,1442,110,0,18
503531,3/10/22,3/17/26,LaSalle,1468,1176,7,13
503532,10/23/24,5/6/25,LaSalle,195,35,2,4
503533,8/30/22,11/9/26,LaSalle,1532,1167,2,10
503534,9/17/23,7/21/26,LaSalle,1038,900,0,8
503537,8/8/21,1/18/27,LaSalle,1989,1083,0,7
503539,8/18/21,8/6/26,LaSalle,1814,1642,16,18
503540,12/6/21,8/16/26,LaSalle,1714,701,8,10
503541,10/19/21,2/25/26,LaSalle,1590,1132,6,12
503545,9/28/21,4/15/22,LaSalle,199,30,4,6
503546,12/16/21,7/13/26,LaSalle,1670,1589,8,10
503547,6/28/22,8/30/26,LaSalle,1524,816,0,9
503548,3/7/22,10/29/26,LaSalle,1697,1176,8,17
503549,3/19/22,10/28/26,LaSalle,1684,1337,0,7
503550,6/25/23,5/31/25,LaSalle,706,18,2,11
503551,8/31/21,5/10/23,LaSalle,617,350,2,18
503552,8/18/22,12/22/24,LaSalle,857,467,0,6
503553,7/25/21,5/9/25,LaSalle,1384,417,0,16
503554,11/20/21,1/5/27,LaSalle,1872,583,0,5
503555,8/31/21,12/13/23,LaSalle,834,161,6,18
503556,9/30/21,2/17/27,Lake,1966,859,5,11
503557,8/15/23,10/30/26,Lake,1172,51,0,12
503558,11/5/22,12/25/26,Lake,1511,763,4,18
503559,1/20/22,4/28/25,Lake,1194,878,0,6
503560,11/27/21,6/9/26,Lake,1655,966,0,16
503561,9/28/24,1/9/27,Lake,833,111,0,6
503562,5/6/23,12/1/26,Lake,1305,957,0,11
503563,2/8/22,8/9/25,Lake,1278,957,0,4
503564,11/12/21,12/5/26,Lake,1849,1642,4,7
503565,8/27/25,5/10/26,Lake,256,173,0,12
503566,10/13/22,7/12/25,Lake,1003,184,3,5
503567,12/17/21,8/22/26,Lake,1709,190,13,18
503568,8/29/21,9/24/23,Lake,756,576,0,9
503569,8/15/21,1/28/27,Lake,1992,321,0,12
503570,10/12/21,11/3/26,Lake,1848,230,0,18
503573,8/3/22,7/17/26,Lake,1444,944,2,11
503574,9/28/21,2/27/24,Lake,882,589,0,8
503575,11/9/21,2/8/25,Lake,1187,535,5,14
503576,10/3/21,1/30/27,Lake,1945,1013,7,14
503577,11/2/23,10/8/24,Lake,341,85,0,14
503578,5/13/21,5/18/26,Lake,1831,553,2,12
503580,12/30/21,4/4/23,Lake,460,349,0,12
503581,3/31/22,11/18/26,Lake,1693,1225,6,11
503582,11/9/25,6/18/26,Lake,221,28,7,15
503583,2/4/23,10/20/26,Lake,1354,78,2,7
503584,11/2/21,5/28/26,Lake,1668,1413,0,12
503585,7/27/22,7/29/25,Lake,1098,632,1,12
503586,12/7/21,4/26/23,Lake,505,405,0,18
503587,8/19/21,2/11/24,Lake,906,601,0,16
503588,11/16/22,7/22/26,Lake,1344,176,0,10
503589,8/13/21,7/13/26,Lake,1795,355,6,18
503591,8/15/22,7/9/26,Lake,1424,1229,6,12
503592,9/18/22,10/25/26,Lake,1498,680,2,8
503593,2/27/23,8/15/25,Lake,900,226,2,18
503594,5/25/22,12/29/25,Lake,1314,422,4,12
503595,3/20/22,7/3/26,Lake,1566,972,6,18
503596,9/7/21,10/29/26,Lake,1878,743,6,11
503597,5/12/21,12/22/25,Lake,1685,692,0,3
503598,6/27/21,5/26/23,Lake,698,375,0,11
503599,5/9/21,3/11/26,Lake,1767,224,2,9
503600,5/18/21,6/17/26,Lake,1856,1608,0,5
503601,12/2/21,10/22/26,Lake,1785,1642,5,12
503602,2/2/25,7/3/26,Lake,516,472,0,5
503603,12/4/21,12/21/26,Lake,1843,1346,6,14
503608,11/2/21,11/22/26,Lake,1846,723,0,5
503610,12/28/21,1/25/27,Lake,1854,1468,0,11
503611,12/9/21,5/14/26,Lake,1617,208,4,12
503612,7/28/23,5/1/25,Lake,643,251,0,3
503615,5/22/21,1/17/27,Lake,2066,704,4,14
503616,12/14/21,4/8/26,Lake,1576,1279,0,13
503617,7/22/21,2/16/26,Lake,1670,698,0,14
503618,6/29/21,1/4/27,Lake,2015,1547,0,6
503619,12/29/21,4/12/24,Lake,835,654,0,18
503621,2/26/22,6/7/26,Lake,1562,361,0,4
503623,10/3/21,7/12/26,Lake,1743,1583,7,12
503625,11/2/21,12/23/26,Lake,1877,1504,0,2
503626,8/23/24,3/13/25,Lake,202,102,1,12
503627,12/21/21,3/29/24,Lake,829,593,2,18
503628,1/8/22,12/6/26,Lake,1793,790,2,13
503629,6/14/21,3/12/26,Lake,1732,83,3,18
503630,12/2/21,4/6/26,Lake,1586,239,0,18
503631,11/27/21,1/4/27,Lake,1864,1440,2,6
503633,7/19/21,8/19/25,Lake,1492,91,0,13
503634,9/10/21,7/23/26,Lake,1777,1093,6,12
503635,9/10/22,11/19/26,Lake,1531,1363,6,10
503638,7/10/21,12/19/26,Lake,1988,870,2,4
503639,5/29/21,2/11/27,Lake,2084,1642,6,14
503640,12/21/24,2/23/27,Lake,794,422,0,12
503643,6/8/22,10/21/26,Lake,1596,1090,15,18
503646,11/17/21,11/4/26,Lake,1813,1642,8,12
503647,9/11/21,6/10/25,Lake,1368,527,2,5
503648,6/28/21,6/21/26,Lake,1819,1602,12,18
503650,10/22/21,9/23/26,Lake,1797,1254,6,18
503651,11/21/21,11/17/26,Lake,1822,242,0,3
503654,3/21/22,12/20/25,Lake,1370,119,0,2
503655,1/29/22,9/22/26,Lake,1697,1002,10,18
503656,2/18/22,8/21/26,Lake,1645,1552,6,11
503657,10/14/21,2/10/27,Lake,1945,1034,0,13
503658,11/20/21,12/18/25,Lake,1489,399,0,14
503660,11/13/22,9/5/25,Lake,1027,790,0,8
503662,10/4/24,9/19/26,Lake,715,346,7,18
503663,5/3/24,5/30/25,Lake,392,102,0,12
503665,5/18/21,6/14/25,Lake,1488,253,0,16
503666,2/27/22,12/7/26,Lake,1744,906,10,12
503667,9/19/21,8/9/26,Lake,1785,1504,0,9
503668,5/24/21,1/1/27,Lake,2048,394,2,9
503670,1/27/23,1/22/25,Lake,726,559,0,3
503671,3/30/23,11/4/25,Lake,950,67,0,18
503672,6/15/21,11/28/25,Lake,1627,1322,0,11
503673,9/8/21,1/21/23,Lake,500,73,0,11
503674,7/8/21,1/12/27,Lake,2014,719,6,14
503675,9/16/21,12/1/23,Lake,806,527,0,18
503676,12/22/21,12/19/26,Lake,1823,871,2,18
503677,10/29/25,6/23/26,Lake,237,19,2,7
503678,12/31/21,7/31/26,Lake,1673,1468,2,5
503680,11/2/23,9/18/26,Lake,1051,509,10,13
503682,4/14/22,2/18/25,Lake,1041,134,7,18
503683,6/1/21,11/17/26,Lake,1995,498,5,12
503684,7/21/21,7/3/26,Lake,1808,1255,5,18
503686,10/17/21,6/19/26,Lake,1706,1144,2,13
503687,9/26/22,11/24/25,Lake,1155,415,0,3
503688,7/6/21,7/12/26,Lake,1832,504,0,5
503689,6/12/22,5/9/26,Lake,1427,177,0,13
503690,6/25/21,12/20/26,Lake,2004,783,6,18
503691,12/17/21,6/30/26,Lake,1656,134,0,18
503692,1/20/25,10/31/25,Lake,284,40,1,18
503695,10/9/21,7/8/26,Lake,1733,631,1,6
503696,12/15/21,9/1/22,Lake,260,14,6,9
503697,3/16/22,3/20/23,Lake,369,14,1,12
503698,11/22/21,1/3/27,Lake,1868,1642,0,2
503699,6/12/23,3/11/26,Lake,1003,195,0,13
503700,12/26/22,5/23/26,Lake,1244,1027,5,7
503701,11/3/21,7/11/25,Lake,1346,160,0,7
503702,11/26/21,9/29/26,Lake,1768,1250,0,6
503704,10/8/21,9/8/26,Lake,1796,1515,7,9
503705,12/29/21,1/15/27,Lake,1843,1642,0,13
503706,4/11/23,10/31/25,Lake,934,70,0,14
503707,7/7/21,1/5/27,Lake,2008,1563,3,14
503708,1/19/22,11/10/26,Lake,1756,1531,0,3
503709,11/30/21,8/12/26,Lake,1716,180,0,5
503710,7/20/21,10/28/26,Lake,1926,1642,2,7
503711,7/24/21,1/31/27,Lake,2017,1383,0,15
503712,11/20/22,10/24/23,Lake,338,162,0,4
503713,10/8/21,8/13/26,Lake,1770,857,8,18
503714,9/21/21,8/30/26,Lake,1804,1383,0,5
503717,4/4/22,10/26/25,Lake,1301,991,0,10
503718,12/3/21,8/1/26,Lake,1702,982,2,13
503719,12/30/21,2/19/27,Lake,1877,930,11,18
503720,5/10/21,4/5/25,Lake,1426,118,0,18
503721,10/22/21,1/24/27,Lake,1920,1476,1,12
503723,2/23/23,11/3/26,Lake,1349,1100,6,18
503724,8/16/23,3/1/26,Lake,928,760,6,18
503725,5/24/21,11/28/26,Lake,2014,766,0,3
503726,3/6/22,7/18/25,Lake,1230,67,0,6
503727,5/29/22,7/23/26,Lake,1516,42,6,18
503728,4/15/22,2/23/27,Lake,1775,1050,0,4
503729,3/11/24,9/14/26,Lake,917,824,7,11
503730,7/4/22,11/2/25,Lake,1217,849,0,18
503731,11/19/21,6/16/25,Lake,1305,262,0,5
503732,9/21/21,9/15/26,Lake,1820,1319,7,10
503733,6/3/21,10/3/23,Lake,852,581,12,17
503735,1/9/25,12/28/26,Lake,718,277,9,18
503736,6/18/22,11/22/26,Lake,1618,1331,0,10
503737,5/20/23,11/27/26,Lake,1287,159,0,11
503740,9/10/21,4/2/25,Lake,1300,252,0,8
503741,5/17/25,5/15/26,Lake,363,147,0,5
503742,11/16/21,4/22/25,Lake,1253,470,2,8
503743,11/16/21,9/30/25,Lake,1414,742,2,18
503744,5/3/23,10/30/26,Lake,1276,325,0,4
503745,8/28/22,8/24/26,Lake,1457,951,5,10
503746,1/3/23,12/13/26,Lake,1440,1069,0,11
503747,7/3/21,4/10/26,Lake,1742,1386,0,18
503748,2/19/25,7/18/26,Lake,514,36,0,2
503749,7/14/21,9/29/26,Lake,1903,1385,0,5
503750,5/27/22,8/6/26,Lake,1532,696,13,18
503751,10/20/21,12/13/26,Lake,1880,408,0,16
503752,10/11/21,7/5/26,Lake,1728,226,0,10
503753,9/27/21,8/14/25,Lake,1417,610,4,8
503754,5/11/21,1/27/25,Lake,1357,962,0,8
503755,3/27/23,2/16/27,Lake,1422,1004,6,16
503756,4/11/22,7/30/26,Lake,1571,605,6,18
503757,5/13/21,6/24/26,Lake,1868,1505,6,12
503758,3/3/24,11/28/26,Lake,1000,752,0,3
503759,7/7/21,2/7/27,Lake,2041,577,6,18
503760,3/7/23,4/20/24,Lake,410,17,0,16
503761,8/15/22,6/28/24,Lake,683,69,0,10
503762,12/16/22,8/22/23,Lake,249,5,0,10
503763,3/22/22,8/21/26,Lake,1613,193,11,18
503764,11/19/21,12/9/26,Lake,1846,1306,0,4
503766,10/21/22,11/30/23,Lake,405,41,3,17
503767,11/5/21,12/15/24,Lake,1136,922,0,8
503768,9/19/21,4/18/22,Lake,211,6,9,13
503769,3/14/25,11/25/25,Lake,256,2,0,16
503770,12/7/23,9/15/26,Lake,1013,864,0,16
503771,9/18/21,8/2/25,Lake,1414,1184,10,15
503773,6/29/22,10/11/24,Lake,835,125,6,18
503774,9/17/22,9/2/26,Lake,1446,1277,0,13
503775,2/3/22,6/14/22,Lake,131,53,2,16
503776,6/13/23,10/21/26,Lake,1226,289,0,12
503777,8/5/22,2/11/27,Lake,1651,333,0,8
503778,7/21/21,10/15/26,Lake,1912,1436,2,5
503780,6/22/25,6/8/26,Lake,351,53,0,11
503781,11/12/21,6/16/26,Lake,1677,96,0,3
503783,9/18/21,11/7/22,Lake,415,41,16,18
503784,7/13/21,7/11/26,Lake,1824,1183,2,6
503785,11/1/22,7/28/26,Lake,1365,1094,3,12
503786,10/13/21,9/2/26,Lake,1785,858,0,9
503787,3/15/22,2/19/27,Lake,1802,282,0,18
503788,5/25/22,4/13/23,Lake,323,19,2,18
503790,7/22/21,11/28/24,Lake,1225,779,6,15
503791,8/29/21,10/18/24,Lake,1146,488,0,12
503792,7/4/21,12/20/26,Lake,1995,1631,0,12
503793,10/28/21,1/3/27,Lake,1893,949,5,11
503795,12/21/21,6/4/24,Lake,896,857,0,6
503796,3/11/23,5/14/26,Lake,1160,747,0,11
503797,12/6/21,1/2/26,Lake,1488,473,0,2
503798,10/27/21,2/3/27,Lake,1925,1374,0,14
503799,12/14/21,11/20/26,Lake,1802,1105,6,18
503800,7/24/21,8/5/26,Lake,1838,1126,3,18
503801,6/24/23,9/17/26,Lake,1181,966,7,18
503802,7/22/21,9/24/26,Lake,1890,374,0,10
503803,10/12/21,8/13/22,Lake,305,89,13,18
503805,10/16/21,11/10/26,Lake,1851,800,0,12
503806,1/15/24,2/10/27,Lake,1122,449,1,18
503807,4/22/23,10/29/26,Lake,1286,990,0,6
503808,9/30/22,7/29/26,Lake,1398,861,0,13
503809,1/23/24,10/28/24,Lake,279,51,0,8
503810,7/31/24,12/10/26,Lake,862,551,0,3
503813,12/7/24,12/24/26,Lake,747,346,3,5
503814,3/6/23,10/27/26,Lake,1331,658,0,13
503815,11/25/21,1/17/27,Lake,1879,399,0,18
503816,8/3/21,1/12/27,Lake,1988,833,2,18
503817,4/9/23,1/2/26,Lake,999,257,12,16
503818,11/27/21,7/12/26,Lake,1688,355,2,6
503820,11/25/22,9/5/23,Lake,284,2,0,6
503822,11/15/25,1/10/27,Lake,421,38,7,18
503823,11/18/21,1/6/23,Lake,414,214,9,18
503828,6/29/21,2/19/27,Lake,2061,1642,0,10
503829,10/26/21,11/2/26,Lake,1833,462,4,6
503830,7/10/21,2/11/27,Lake,2042,1642,7,12
503831,3/13/22,11/13/26,Lake,1706,1438,6,9
503832,7/22/25,7/15/26,Lake,358,5,0,12
503833,6/25/21,10/20/26,Lake,1943,1642,3,12
503834,12/17/21,3/6/25,Lake,1175,378,8,10
503835,9/20/21,11/16/26,Lake,1883,854,10,18
503836,9/4/21,4/29/26,Lake,1698,144,0,7
503837,6/26/21,6/21/25,Lake,1456,692,0,18
503838,1/12/22,7/3/26,Lake,1633,1085,0,18
503839,12/1/21,9/19/26,Lake,1753,1577,0,5
503840,4/14/22,10/15/26,Lake,1645,406,4,12
503841,7/8/21,6/17/26,Lake,1805,160,0,11
503842,10/18/21,8/6/26,Lake,1753,1642,0,2
503844,5/22/21,11/15/26,Lake,2003,492,0,7
503845,1/11/23,10/26/25,Lake,1019,129,2,9
503846,7/4/21,2/9/27,Lake,2046,1315,0,4
503847,9/10/24,1/1/27,Lake,843,60,0,14
503848,11/4/22,8/26/26,Lake,1391,826,0,8
503849,6/9/22,11/1/26,Lake,1606,1381,5,7
503850,9/28/21,5/15/26,Lake,1690,199,0,12
503851,12/17/21,11/1/26,Lake,1780,1550,0,6
503852,7/14/21,2/17/25,Lake,1314,189,2,6
503853,12/15/23,8/31/26,Lake,990,920,0,3
503854,4/21/22,4/2/26,Lake,1442,978,0,18
503855,10/15/22,8/6/26,Lake,1391,983,0,6
503856,10/16/23,8/28/26,Lake,1047,285,0,5
503857,6/6/22,9/9/26,Lake,1556,1339,0,18
503858,12/15/21,2/5/27,Lake,1878,1363,6,16
503859,11/25/21,10/12/26,Lake,1782,1642,0,10
503860,6/4/21,11/16/25,Lake,1626,1218,12,18
503861,8/25/24,7/18/26,Lake,692,201,0,14
503862,6/2/24,10/27/26,Lake,877,469,10,18
503863,1/22/22,2/2/24,Lake,741,243,8,10
503864,9/7/21,8/26/26,Lake,1814,990,6,18
503865,7/9/21,9/22/26,Lake,1901,1013,0,8
503867,6/29/21,11/7/26,Lake,1957,1322,8,10
503868,5/28/21,5/1/22,Lake,338,3,6,10
503869,10/18/21,12/8/26,Lake,1877,1519,0,6
503870,9/23/25,1/27/26,Lake,126,23,12,18
503871,12/5/21,2/8/26,Lake,1526,1024,12,18
503873,7/8/21,1/29/27,Lake,2031,1022,9,12
503874,7/30/21,8/1/25,Lake,1463,1073,0,14
503875,8/29/21,7/30/25,Lake,1431,1214,2,5
503876,8/21/21,7/8/26,Lake,1782,630,0,18
503877,6/4/23,11/18/26,Lake,1263,456,4,10
503878,5/13/21,4/3/26,Lake,1786,424,0,18
503879,5/16/21,11/13/26,Lake,2007,1642,0,18
503881,10/1/21,1/28/27,Lake,1945,1642,0,3
503882,11/20/21,8/3/26,Lake,1717,780,3,8
503883,10/22/21,8/31/23,Lake,678,389,2,6
503884,6/12/21,7/4/26,Lake,1848,1413,3,5
503885,3/26/22,11/2/26,Lake,1682,1029,4,18
503886,12/1/21,11/23/26,Lake,1818,1239,3,12
503887,4/27/24,8/13/24,Lake,108,5,0,3
503888,9/29/21,6/7/23,Lake,616,310,5,18
503890,6/30/21,9/6/26,Lake,1894,24,3,14
503891,8/8/21,2/5/22,Lake,181,8,3,5
503892,7/7/23,12/1/26,Lake,1243,786,0,5
503893,12/6/23,7/22/26,Lake,959,728,0,4
503894,10/21/21,12/11/26,Lake,1877,1572,0,10
503895,4/10/23,3/15/24,Lake,340,8,0,10
503896,12/31/21,7/2/26,Lake,1644,967,0,11
503897,6/8/21,7/14/26,Lake,1862,1005,3,15
503898,12/31/24,8/8/26,Lake,585,81,0,12
503899,8/25/23,2/23/24,Lake,182,3,0,6
503901,1/20/24,7/10/26,Lake,902,171,0,12
503903,9/27/21,10/24/23,Lake,757,206,3,13
503904,1/11/26,6/19/26,Lake,159,14,0,10
503905,1/26/25,6/5/25,Lake,130,70,0,12
503906,7/31/21,1/16/27,Lake,1995,1552,0,18
503907,11/19/24,1/19/25,Lake,61,3,0,18
503908,10/2/25,1/25/26,Lake,115,9,5,18
503909,8/1/21,12/26/26,Lake,1973,1197,0,11
503910,6/10/23,1/31/26,Lake,966,69,0,18
503911,11/21/21,7/15/26,Lake,1697,989,5,18
503912,10/29/21,1/13/27,Lake,1902,1387,0,5
503913,12/5/21,7/22/26,Lake,1690,434,2,12
503914,5/21/25,11/21/25,Lake,184,7,6,18
503915,9/9/21,6/11/26,Lake,1736,464,0,18
503917,1/16/23,4/8/24,Lake,448,21,5,12
503918,8/30/23,7/17/26,Lake,1052,866,0,12
503919,6/7/23,12/4/26,Lake,1276,957,6,10
503920,5/19/21,11/4/26,Lake,1995,924,0,5
503922,10/6/23,7/31/26,Lake,1029,626,0,6
503923,8/22/24,11/13/26,Lake,813,595,0,11
503924,11/3/21,10/24/26,Lake,1816,1235,6,17
503925,12/16/21,10/26/26,Lake,1775,1642,0,2
503926,6/24/21,6/21/25,Lake,1458,809,0,8
503927,9/19/21,2/21/27,Lake,1981,1018,4,17
503928,11/4/25,10/19/26,Lake,349,2,3,18
503929,8/14/22,1/28/26,Lake,1263,938,6,10
503930,9/19/21,8/12/26,Lake,1788,761,0,5
503931,2/6/22,6/15/22,Lake,129,3,0,12
503932,1/12/24,2/19/25,Lake,404,27,0,5
503934,11/16/25,10/12/26,Lake,330,147,0,6
503935,7/21/22,7/2/23,Lake,346,232,0,15
503936,5/29/21,1/7/27,Lake,2049,1037,0,17
503937,3/23/22,6/7/26,Lake,1537,1326,16,18
503938,12/5/25,6/26/26,Lake,203,11,1,9
503941,2/13/22,11/26/26,Lake,1747,635,6,18
503942,10/7/21,1/18/27,Lake,1929,926,0,18
503943,7/11/24,2/27/25,Lake,231,24,11,18
503945,7/4/22,6/5/26,Lake,1432,989,0,12
503946,12/12/21,7/25/26,Lake,1686,1642,0,14
503948,3/15/23,12/18/26,Lake,1374,475,0,8
503949,11/30/22,10/8/26,Lake,1408,927,0,18
503950,8/9/24,8/19/25,Lake,375,70,0,12
503951,8/16/21,9/5/26,Lake,1846,988,0,11
503952,2/5/23,11/11/26,Lake,1375,870,5,8
503955,9/7/23,8/16/26,Lake,1074,281,2,18
503956,9/4/21,10/7/26,Lake,1859,528,2,6
503958,12/22/21,7/8/26,Lake,1659,1642,0,12
503959,10/7/21,4/17/26,Lake,1653,1091,6,18
503961,5/19/21,8/18/26,Lake,1917,1642,3,13
503962,7/2/22,1/9/23,Lake,191,22,0,10
503963,10/2/21,9/16/26,Lake,1810,1389,0,18
503964,5/29/23,12/24/26,Lake,1305,976,6,12
503965,10/15/21,8/13/26,Lake,1763,807,0,6
503966,11/29/21,1/2/27,Lake,1860,1202,4,17
503970,9/27/21,1/28/27,Lake,1949,1563,0,14
503972,1/30/24,10/26/26,Lake,1000,811,0,4
503973,1/5/22,7/15/26,Lake,1652,1220,7,16
503975,12/29/21,11/3/22,Lake,309,302,0,12
503976,9/6/21,7/21/26,Lake,1779,1203,0,15
503978,11/22/21,7/23/26,Lake,1704,892,0,7
503979,12/31/21,3/22/26,Lake,1542,344,0,4
503980,3/14/25,2/1/26,Lake,324,116,0,4
503981,2/12/24,11/9/24,Lake,271,17,10,17
503982,11/22/21,8/18/26,Lake,1730,778,11,13
503983,11/28/21,1/3/27,Lake,1862,1074,0,3
503984,10/22/22,9/9/25,Lake,1053,35,0,18
503985,9/16/21,7/23/24,Lake,1041,391,7,18
503986,12/20/21,12/12/26,Lake,1818,693,8,18
503987,9/14/21,10/25/26,Lake,1867,632,0,2
503988,7/31/23,4/16/26,Lake,990,92,6,18
503989,8/13/22,12/17/26,Lake,1587,546,7,18
503990,7/8/21,7/17/26,Lake,1835,1415,0,18
503991,9/15/22,4/3/26,Lake,1296,346,2,18
503992,6/25/23,12/25/23,Lake,183,1,0,7
503993,9/22/21,8/9/26,Lake,1782,1328,0,10
503994,4/8/22,11/10/26,Lake,1677,1420,1,12
503995,11/19/24,8/8/25,Lake,262,13,0,15
503996,4/18/24,10/26/24,Lake,191,61,11,18
503997,11/26/21,10/7/24,Lake,1046,294,16,18
503998,12/15/21,6/19/26,Lake,1647,1230,0,6
504000,10/16/21,12/21/26,Lake,1892,1642,0,6
504001,12/20/22,7/24/26,Lake,1312,154,8,16
504002,9/7/21,8/2/22,Lake,329,11,0,18
504003,2/7/23,11/8/26,Lake,1370,578,6,18
504004,8/8/21,10/3/26,Lake,1882,1421,0,18
504006,2/28/25,7/26/26,Lake,513,113,0,5
504007,10/15/24,5/22/25,Lake,219,2,4,18
504008,11/30/21,6/4/25,Lake,1282,79,0,4
504010,2/6/22,10/27/26,Lake,1724,886,6,10
504011,7/18/21,11/16/26,Lake,1947,1642,0,5
504012,6/11/22,2/1/26,Lake,1331,241,0,9
504013,7/26/24,9/24/26,Lake,790,611,0,6
504015,1/18/23,1/2/27,Lake,1445,1025,0,7
504017,1/29/23,8/12/26,Lake,1291,749,0,5
504018,12/21/21,1/7/27,Lake,1843,1091,10,18
504020,2/22/25,11/12/26,Lake,628,382,0,12
504022,8/17/21,6/18/26,Lake,1766,907,0,8
504023,5/18/24,8/21/25,Lake,460,30,5,18
504024,3/18/22,6/22/25,Lake,1192,568,3,18
504025,6/11/22,9/20/25,Lake,1197,979,8,11
504026,6/9/21,5/28/26,Lake,1814,1514,0,13
504027,12/25/21,10/7/25,Lake,1382,1072,0,8
504028,10/31/22,5/7/26,Lake,1284,119,3,12
504029,10/19/21,9/29/26,Lake,1806,1532,6,13
504030,2/3/26,7/12/26,Lake,159,33,6,10
504031,3/30/23,8/24/26,Lake,1243,1018,10,12
504032,11/2/21,1/10/27,Lake,1895,982,8,10
504033,8/30/21,11/13/25,Lake,1536,1212,0,5
504034,11/2/25,4/2/26,Lake,151,16,7,16
504035,6/29/21,1/23/27,Lake,2034,1420,0,5
504036,1/23/23,6/9/25,Lake,868,461,0,18
504037,12/12/21,5/26/23,Lake,530,29,8,10
504038,1/23/22,8/10/26,Lake,1660,516,0,7
504039,11/4/21,5/9/26,Lake,1647,1291,6,15
504042,3/1/26,9/26/26,Lake,209,78,4,12
504043,12/10/23,8/27/26,Lake,991,801,6,18
504044,6/21/21,8/10/26,Lake,1876,1642,3,18
504045,9/2/23,4/25/25,Lake,601,297,6,11
504047,1/15/22,9/16/26,Lake,1705,1149,0,13
504048,4/27/23,7/24/26,Lake,1184,207,0,6
504049,7/22/21,7/26/26,Lake,1830,857,5,14
504050,6/9/23,1/27/24,Lake,232,9,3,15
504051,10/27/21,12/15/26,Lake,1875,1642,0,7
504052,8/30/25,12/8/26,Lake,465,302,0,9
504054,3/25/24,10/26/26,Lake,945,791,0,10
504055,5/1/23,8/29/26,Lake,1216,62,0,12
504056,7/19/21,7/3/26,Lake,1810,1281,3,16
504057,6/22/21,10/20/26,Lake,1946,1508,0,5
504058,5/31/21,9/7/26,Lake,1925,971,0,18
504059,9/11/21,3/23/26,Lake,1654,154,5,12
504060,5/24/22,11/9/23,Lake,534,113,0,3
504061,6/26/23,7/17/26,Lake,1117,125,6,8
504062,9/29/21,7/19/26,Lake,1754,1380,6,13
504063,11/10/21,11/21/26,Lake,1837,726,12,18
504064,10/24/21,9/3/26,Lake,1775,1363,4,8
504066,10/28/21,8/2/26,Lake,1739,863,2,4
504067,11/21/22,8/27/26,Lake,1375,1121,0,11
504068,8/15/21,12/3/26,Lake,1936,1491,2,13
504069,10/19/22,3/7/25,Lake,870,76,0,12
504072,4/4/23,2/1/27,Lake,1399,1144,8,12
504073,2/20/22,2/13/25,Lake,1089,208,6,18
504074,9/30/23,6/14/24,Lake,258,6,0,12
504075,10/4/21,9/19/26,Lake,1811,843,12,18
504079,11/19/21,12/25/26,Lake,1862,815,17,18
504081,9/9/21,10/13/26,Lake,1860,1417,0,18
504082,10/29/21,1/25/26,Lake,1549,291,7,18
504083,10/3/22,6/21/26,Lake,1357,130,0,8
504084,6/28/21,1/29/27,Lake,2041,1642,0,18
504085,10/5/22,10/16/26,Lake,1472,1195,6,18
504087,2/16/25,1/6/26,Lake,324,28,2,18
504088,9/9/21,8/20/26,Lake,1806,178,0,18
504089,9/14/21,10/28/26,Lake,1870,983,2,18
504090,7/2/21,3/25/24,Lake,997,282,6,16
504091,2/12/22,5/16/22,Lake,93,8,0,13
504092,2/2/23,10/2/23,Lake,242,44,0,7
504093,2/20/22,8/2/26,Lake,1624,1134,0,18
504094,7/24/21,12/13/26,Lake,1968,152,0,5
504095,7/8/21,1/8/27,Lake,2010,851,0,12
504098,12/18/21,6/30/25,Lake,1290,52,12,18
504100,7/30/21,11/5/26,Lake,1924,1283,0,5
504101,2/15/25,10/7/25,Lake,234,51,0,16
504102,8/1/21,12/15/26,Lake,1962,1621,0,15
504104,12/28/25,2/22/27,Lake,421,29,6,15
504105,3/31/22,11/29/22,Lake,243,18,0,18
504107,12/12/21,1/30/27,Lake,1875,1642,6,13
504108,6/19/21,1/30/26,Lake,1686,783,0,12
504109,7/5/22,12/4/26,Lake,1613,253,0,9
504110,11/27/21,6/2/26,Lake,1648,330,2,18
504111,10/1/21,7/1/24,Lake,1004,678,5,12
504112,6/6/22,7/19/26,Lake,1504,112,3,7
504113,8/24/22,5/14/26,Lake,1359,722,0,8
504114,11/26/23,7/23/26,Lake,970,199,5,9
504116,4/23/23,5/19/26,Lake,1122,830,5,18
504117,10/16/21,9/4/26,Lake,1784,971,2,18
504118,1/12/22,11/16/26,Lake,1769,1263,5,9
504119,6/24/21,10/2/26,Lake,1926,1169,4,12
504120,12/28/23,10/20/26,Lake,1027,187,0,8
504122,10/15/21,6/22/22,Lake,250,167,10,13
504123,2/28/22,2/1/27,Lake,1799,605,0,9
504124,9/8/21,12/28/26,Lake,1937,1176,15,17
504125,7/23/22,8/6/26,Lake,1475,865,2,7
504126,4/18/22,11/29/23,Lake,590,256,6,12
504127,3/23/22,7/21/22,Lake,120,45,0,12
504128,7/8/24,12/2/26,Lake,877,663,0,12
504129,6/11/21,1/30/27,Lake,2059,1601,0,8
504130,12/25/21,11/19/26,Lake,1790,860,0,5
504132,2/7/22,7/27/26,Lake,1631,912,12,16
504133,12/15/21,10/24/26,Lake,1774,1408,0,12
504134,12/18/21,8/24/26,Lake,1710,973,12,18
504135,11/8/21,4/4/23,Lake,512,324,2,18
504137,3/10/22,11/24/25,Lake,1355,512,0,7
504139,6/3/21,7/14/26,Lake,1867,1642,0,3
504140,11/27/22,8/3/26,Lake,1345,259,3,18
504141,9/2/21,2/6/25,Lake,1253,956,6,18
504142,5/3/25,7/8/26,Lake,431,239,2,10
504143,6/13/21,12/13/24,Lake,1279,852,0,18
504144,4/13/23,11/7/26,Lake,1304,130,2,10
504145,11/9/21,10/22/26,Lake,1808,1013,6,16
504146,6/11/21,1/27/27,Lake,2056,1642,0,6
504147,2/14/22,6/21/23,Lake,492,92,6,18
504148,4/26/22,5/29/24,Lake,764,61,7,10
504149,12/29/23,2/25/24,Lake,58,17,2,18
504150,8/21/21,10/6/25,Lake,1507,58,0,16
504152,5/8/22,8/28/24,Lake,843,152,2,13
504153,4/14/22,9/8/26,Lake,1608,892,7,18
504154,10/8/23,8/1/26,Lake,1028,764,0,16
504155,9/20/21,10/8/24,Lake,1114,111,5,18
504156,6/20/22,1/6/26,Lake,1296,1009,10,18
504157,10/14/21,5/20/26,Lake,1679,343,6,11
504159,5/9/21,8/4/26,Lake,1913,1036,0,5
504162,3/15/25,9/3/25,Lake,172,33,5,7
504163,3/5/22,10/27/26,Lake,1697,802,0,6
504164,5/14/22,11/18/23,Lake,553,162,0,18
504165,6/20/22,6/2/26,Lake,1443,1152,0,18
504166,8/3/22,10/24/25,Lake,1178,78,0,7
504167,4/25/23,5/5/24,Lake,376,149,0,7
504168,5/29/23,2/8/27,Lake,1351,686,0,13
504169,12/7/21,9/15/26,Lake,1743,597,0,15
504170,10/30/24,1/31/27,Lake,823,456,6,15
504171,2/13/22,1/18/23,Lake,339,18,16,18
504172,3/26/22,1/9/27,Lake,1750,925,1,18
504173,6/16/21,8/23/26,Lake,1894,1338,6,10
504174,4/3/24,8/7/25,Lake,491,67,0,10
504175,12/1/22,5/12/25,Lake,893,110,0,3
504176,7/28/21,8/8/24,Lake,1107,929,10,12
504177,3/14/22,12/24/25,Lake,1381,912,0,15
504178,11/22/21,1/25/27,Lake,1890,1430,2,18
504179,9/29/21,10/22/26,Lake,1849,1642,0,15
504181,12/16/23,10/12/26,Lake,1031,291,6,11
504182,10/20/21,12/4/23,Lake,775,465,0,10
504183,8/2/22,3/31/25,Lake,972,82,0,5
504184,9/30/21,11/8/26,Lake,1865,1189,0,7
504185,8/18/22,12/1/25,Lake,1201,693,0,6
504188,12/29/21,2/5/27,Lake,1864,1241,10,14
504189,2/2/22,7/21/26,Lake,1630,1328,0,8
504190,11/20/24,12/3/25,Lake,378,2,0,3
504191,3/27/23,12/19/25,Lake,998,208,16,18
504192,10/30/21,7/10/24,Lake,984,901,0,18
504193,8/29/22,6/10/23,Lake,285,40,13,16
504194,11/23/22,2/23/27,Lake,1553,1210,5,12
504196,12/23/21,7/16/26,Lake,1666,862,0,11
504198,10/14/22,10/23/23,Lake,374,9,2,12
504201,7/12/22,8/3/24,Lake,753,16,13,18
504202,7/25/21,1/29/27,Lake,2014,809,6,13
504204,4/2/22,9/3/26,Lake,1615,1266,0,3
504206,9/30/21,7/11/26,Lake,1745,1495,5,18
504207,4/15/22,10/21/26,Lake,1650,1510,4,12
504208,6/26/21,8/3/26,Lake,1864,1193,2,8
504210,4/3/23,11/3/26,Lake,1310,334,0,13
504211,9/19/22,4/4/24,Lake,563,129,5,7
504212,11/4/21,1/16/27,Lake,1899,1642,9,18
504213,10/26/21,8/8/26,Lake,1747,785,2,18
504214,12/21/22,7/11/25,Lake,933,31,4,18
504215,9/19/21,11/17/26,Lake,1885,1642,10,18
504216,5/23/21,9/4/26,Lake,1930,1211,0,18
504218,7/29/22,11/14/26,Lake,1569,962,0,4
504219,3/4/24,4/18/25,Lake,410,167,12,18
504221,2/17/22,11/19/24,Lake,1006,743,6,15
504222,12/11/21,8/3/26,Lake,1696,1617,0,18
504223,6/2/21,12/2/26,Lake,2009,1642,0,5
504224,11/11/25,11/28/26,Lake,382,6,9,12
504225,11/3/21,8/28/26,Lake,1759,615,0,5
504227,1/24/22,5/21/26,Lake,1578,597,0,6
504228,12/25/21,10/23/26,Lake,1763,1642,0,14
504229,9/8/21,12/14/26,Lake,1923,1642,0,8
504232,11/13/21,8/18/26,Lake,1739,821,0,4
504233,11/7/22,1/10/27,Lake,1525,832,2,6
504234,2/24/22,6/4/26,Lake,1561,1228,0,11
504235,10/19/21,9/9/26,Lake,1786,655,0,7
504236,4/24/22,8/2/26,Lake,1561,800,10,12
504238,8/8/21,4/8/26,Lake,1704,1200,6,12
504239,7/8/24,3/12/25,Lake,247,45,0,18
504240,12/23/21,11/5/26,Lake,1778,1273,0,15
504241,9/3/22,3/4/26,Lake,1278,10,7,10
504242,7/25/21,6/1/25,Lake,1407,312,0,18
504245,8/16/21,12/29/26,Lake,1961,1411,0,3
504246,10/28/21,8/3/23,Lake,644,396,5,11
504247,8/19/21,9/25/26,Lake,1863,1642,11,18
504248,10/10/21,2/9/25,Lake,1218,811,0,13
504249,12/10/21,11/21/25,Lake,1442,1199,0,18
504251,9/15/21,12/19/24,Lake,1191,557,0,5
504252,9/11/22,10/13/26,Lake,1493,603,4,18
504253,12/23/22,5/9/23,Lake,137,37,3,10
504255,6/17/22,7/9/26,Lake,1483,1175,0,11
504256,8/18/22,3/18/25,Lake,943,274,0,18
504257,7/6/21,10/24/24,Lake,1206,20,0,18
504258,10/19/23,2/4/27,Lake,1204,675,0,18
504259,6/13/22,8/14/26,Lake,1523,758,3,15
504260,7/7/21,12/21/26,Lake,1993,52,0,18
504264,12/29/21,10/6/26,Lake,1742,1504,4,8
504265,1/4/22,8/9/25,Lake,1313,843,7,18
504266,3/2/23,1/4/27,Lake,1404,1046,1,16
504267,11/26/21,8/14/22,Lake,261,80,6,17
504268,7/8/21,5/15/22,Lake,311,84,6,11
504269,3/21/26,1/17/27,Lake,302,71,2,5
504270,8/16/22,7/16/26,Lake,1430,1025,0,18
504271,6/9/21,11/1/25,Lake,1606,860,3,5
504272,5/11/21,6/30/26,Lake,1876,1442,6,17
504273,12/16/21,8/26/26,Lake,1714,1002,8,18
504274,11/7/22,7/28/26,Lake,1359,416,0,2
504275,6/14/21,2/18/27,Lake,2075,1290,0,18
504276,12/21/21,10/26/26,Lake,1770,75,3,10
504277,3/29/26,8/2/26,Lake,126,22,0,12
504278,8/11/21,7/9/23,Lake,697,397,10,18
504281,12/2/21,7/17/23,Lake,592,436,2,18
504282,12/21/21,2/4/25,Lake,1141,909,3,14
504283,7/22/23,9/18/24,Lake,424,97,3,5
504284,12/13/23,7/21/26,Lake,951,862,0,18
504286,10/25/21,9/1/26,Lake,1772,1297,2,13
504287,11/29/21,12/10/24,Lake,1107,876,0,6
504288,10/29/22,12/21/25,Lawrence,1149,70,2,7
504289,6/11/21,2/23/26,Lawrence,1718,819,2,9
504290,8/5/21,9/24/26,Lawrence,1876,961,0,6
504291,8/16/21,8/22/26,Lawrence,1832,1086,1,18
504292,8/25/21,3/26/25,Lawrence,1309,1055,0,12
504293,9/23/21,10/24/26,Lawrence,1857,882,0,10
504294,11/2/21,4/26/26,Lawrence,1636,532,0,12
504295,8/24/21,9/18/26,Lawrence,1851,1642,0,18
504296,9/29/22,6/12/26,Lawrence,1352,116,0,10
504298,10/25/21,7/16/25,Lawrence,1360,686,6,18
504299,5/6/23,7/16/26,Lawrence,1167,648,0,10
504300,12/17/23,7/12/24,Lawrence,208,4,0,14
504301,8/8/21,9/9/24,Lawrence,1128,106,0,4
504302,9/1/21,10/22/26,Lawrence,1877,1625,2,12
504303,9/13/21,8/17/26,Lawrence,1799,1213,0,16
504305,10/25/21,2/6/25,Lawrence,1200,502,0,18
504306,4/11/26,7/3/26,Lawrence,83,64,6,9
504307,8/23/25,12/15/26,Lawrence,479,97,5,12
504308,8/13/21,2/7/27,Lawrence,2004,1187,0,8
504309,6/15/21,12/11/26,Lawrence,2005,774,0,5
504310,1/17/22,10/22/22,Lawrence,278,10,0,18
504311,6/30/22,4/15/25,Lawrence,1020,846,13,18
504312,11/27/21,2/9/27,Lawrence,1900,1435,0,10
504313,5/28/22,6/10/26,Lawrence,1474,1060,9,12
504314,7/4/23,4/22/26,Lawrence,1023,861,15,18
504315,10/12/24,12/12/25,Lawrence,426,113,0,11
504316,6/27/21,12/25/26,Lawrence,2007,1125,6,10
504318,7/23/21,8/9/26,Lawrence,1843,561,0,5
504319,7/15/21,7/18/26,Lawrence,1829,978,4,10
504320,9/5/22,12/5/26,Lawrence,1552,720,3,18
504322,8/29/21,9/29/26,Lawrence,1857,1550,7,13
504325,7/6/21,8/13/25,Lawrence,1499,1176,0,2
504326,12/25/23,9/7/24,Lawrence,257,18,6,18
504327,6/23/21,8/1/26,Lawrence,1865,1062,0,18
504330,5/20/22,12/11/26,Lawrence,1666,521,0,8
504331,12/7/21,5/17/26,Lawrence,1622,218,0,7
504332,12/29/21,10/26/26,Lee,1762,1533,0,6
504333,7/3/23,3/24/24,Lee,265,11,0,2
504334,1/9/22,6/14/26,Lee,1617,1300,0,2
504335,9/8/21,4/29/26,Lee,1694,1082,0,18
504336,1/25/24,8/23/26,Lee,941,782,0,10
504337,4/27/22,4/13/23,Lee,351,20,2,13
504338,11/17/21,8/12/26,Lee,1729,1511,5,17
504339,7/28/21,4/23/26,Lee,1730,1227,13,18
504340,2/26/22,12/27/26,Lee,1765,648,0,5
504341,8/7/21,2/3/27,Lee,2006,487,2,6
504342,2/14/23,6/28/25,Lee,865,725,9,18
504344,9/2/22,10/1/25,Lee,1125,715,0,14
504345,7/19/24,8/14/25,Lee,391,58,2,6
504346,12/4/21,6/5/26,Lee,1644,1445,0,5
504350,2/10/25,6/24/26,Lee,499,222,0,7
504351,4/2/22,2/17/26,Lee,1417,72,0,7
504352,11/9/22,7/27/26,Lee,1356,575,0,10
504354,8/20/21,1/14/27,Lee,1973,1641,0,12
504355,9/21/23,3/5/26,Lee,896,482,5,8
504356,3/8/23,3/24/26,Lee,1112,854,2,15
504357,9/21/21,9/8/26,Lee,1813,760,0,12
504358,10/24/21,7/30/25,Lee,1375,130,0,10
504359,7/9/23,7/8/26,Lee,1095,977,6,18
504360,9/20/21,12/18/26,Lee,1915,1416,10,17
504361,11/18/21,4/22/25,Lee,1251,602,0,9
504362,11/20/21,12/12/26,Lee,1848,1451,0,18
504363,10/15/21,11/8/22,Lee,389,66,5,18
504365,1/12/23,1/24/26,Lee,1108,193,0,13
504366,8/25/21,1/6/27,Lee,1960,1642,2,6
504368,7/21/23,2/23/27,Lee,1313,347,1,6
504369,6/13/25,9/9/26,Livingston,453,211,0,5
504370,10/21/23,6/13/26,Livingston,966,679,4,6
504371,4/25/26,8/22/26,Livingston,119,2,0,7
504372,5/10/22,2/11/27,Livingston,1738,891,0,18
504374,1/1/22,3/22/26,Livingston,1541,967,0,11
504375,9/16/22,6/28/26,Livingston,1381,799,2,5
504376,12/25/21,10/25/26,Livingston,1765,1642,6,10
504377,11/1/21,11/21/26,Livingston,1846,1592,0,4
504378,9/6/25,12/6/26,Livingston,456,128,0,11
504379,7/14/25,6/10/26,Livingston,331,33,0,6
504380,1/16/25,10/10/26,Livingston,632,298,0,18
504382,12/9/21,1/12/27,Livingston,1860,1259,0,5
504384,10/27/23,7/17/26,Livingston,994,804,0,18
504385,3/17/22,2/10/23,Livingston,330,4,13,18
504387,9/23/21,10/13/26,Livingston,1846,1083,0,11
504388,5/20/21,9/14/26,Livingston,1943,1458,2,17
504389,5/14/21,5/2/26,Livingston,1814,805,0,18
504391,9/8/21,1/28/27,Livingston,1968,1210,0,18
504392,12/16/21,1/29/25,Livingston,1140,95,0,11
504393,8/18/21,7/14/26,Livingston,1791,530,0,10
504394,3/26/22,12/16/26,Livingston,1726,1031,8,18
504395,12/27/21,1/22/27,Livingston,1852,1398,0,8
504397,8/27/22,8/26/24,Livingston,730,148,0,13
504398,1/12/22,8/6/25,Livingston,1302,744,0,9
504399,2/13/22,1/20/25,Livingston,1072,818,3,12
504400,8/29/21,6/4/26,Livingston,1740,981,6,8
504402,10/3/21,7/16/26,Livingston,1747,346,13,16
504403,8/23/21,6/11/26,Livingston,1753,904,0,6
504404,11/30/24,9/11/26,Livingston,650,95,0,18
504406,8/15/21,9/13/26,Logan,1855,1383,7,15
504407,1/13/23,10/23/26,Logan,1379,208,0,7
504408,10/3/21,11/22/25,Logan,1511,239,7,18
504409,8/11/21,10/6/26,Logan,1882,1642,5,18
504410,10/6/23,9/20/26,Logan,1080,423,0,2
504411,4/3/25,10/28/25,Logan,208,56,5,17
504412,8/26/21,7/22/26,Logan,1791,231,0,2
504413,7/24/21,3/19/23,Logan,603,268,16,18
504414,8/9/21,7/28/25,Logan,1449,1167,0,14
504415,3/20/23,4/26/25,Logan,768,74,0,13
504419,7/29/21,8/14/22,Logan,381,38,0,4
504420,4/10/22,8/24/26,Logan,1597,148,2,12
504421,6/25/21,3/8/23,Logan,621,284,0,3
504422,7/17/21,9/7/26,Logan,1878,1383,0,3
504423,9/25/21,5/12/22,Logan,229,13,2,13
504424,5/17/21,1/11/24,Logan,969,677,2,9
504425,5/9/21,12/25/26,Logan,2056,1642,12,18
504427,9/23/21,2/16/27,Logan,1972,1642,0,3
504428,11/29/21,3/6/24,Logan,828,487,12,16
504429,6/25/21,7/31/26,Logan,1862,1179,8,13
504430,10/3/21,12/30/23,Logan,818,476,0,5
504431,5/14/25,7/31/26,Logan,443,54,12,18
504432,12/29/21,9/6/26,Logan,1712,792,0,18
504433,4/29/24,12/27/24,Logan,242,8,2,11
504435,9/7/21,2/6/27,Logan,1978,198,2,6
504437,3/24/25,1/5/27,Logan,652,261,4,15
504438,1/1/22,4/6/25,Logan,1191,1156,2,12
504439,9/27/21,2/9/26,Logan,1596,774,0,8
504440,5/29/21,5/2/24,Logan,1069,746,6,16
504441,7/26/21,8/16/26,Logan,1847,1491,3,18
504442,11/29/21,2/23/27,Logan,1912,411,0,6
504443,10/19/21,9/18/26,Logan,1795,804,0,5
504444,1/26/22,2/12/27,Logan,1843,1285,0,4
504445,5/29/21,2/18/27,Logan,2091,1642,4,11
504448,10/21/21,12/9/26,Logan,1875,1394,2,14
504449,5/27/21,7/25/26,Logan,1885,280,0,13
504451,8/27/21,7/29/26,Logan,1797,1449,2,5
504452,12/19/21,1/19/27,Macon,1857,1433,0,6
504453,12/22/21,2/20/27,Macon,1886,869,4,7
504454,9/5/24,2/23/25,Macon,171,21,2,12
504455,1/29/22,7/23/26,Macon,1636,1187,0,8
504456,10/1/24,12/28/25,Macon,453,223,2,18
504458,11/1/21,10/8/26,Macon,1802,1090,4,18
504459,6/29/21,1/16/27,Macon,2027,1618,4,15
504461,8/4/21,2/23/27,Macon,2029,1209,6,18
504463,6/19/21,6/1/26,Macon,1808,449,4,12
504465,6/20/22,12/20/26,Macon,1644,108,2,4
504466,7/3/21,9/17/26,Macon,1902,1616,8,18
504467,10/9/24,4/17/25,Macon,190,5,5,11
504468,1/7/22,7/9/26,Macon,1644,1167,2,11
504470,6/6/21,11/3/26,Macon,1976,1642,0,18
504471,7/27/21,1/28/26,Macon,1646,1184,4,6
504472,4/1/22,12/23/26,Macon,1727,1347,0,16
504473,4/24/23,8/9/24,Macon,473,84,0,18
504474,7/31/21,10/7/25,Macon,1529,24,0,10
504475,6/9/21,10/1/26,Macon,1940,1642,6,18
504476,4/15/22,11/29/26,Macon,1689,992,0,5
504478,4/10/22,1/27/27,Macon,1753,1539,0,10
504479,12/15/21,9/30/26,Macon,1750,1405,0,2
504481,1/22/22,7/28/26,Macon,1648,1071,2,9
504482,3/3/22,7/6/26,Macon,1586,754,0,17
504483,9/5/22,1/13/24,Macon,495,62,0,12
504484,5/9/22,12/5/25,Macon,1306,330,0,2
504485,11/21/21,11/18/26,Macon,1823,1443,0,11
504486,7/7/23,7/10/26,Macon,1099,617,17,18
504487,5/12/22,8/13/25,Macon,1189,108,6,18
504488,8/27/22,2/15/25,Macon,903,236,12,18
504489,8/28/22,1/27/27,Macon,1613,857,3,18
504490,10/11/21,3/31/26,Macon,1632,927,6,18
504491,11/23/23,10/3/26,Macon,1045,916,2,13
504492,4/21/23,9/12/26,Macon,1240,640,0,18
504493,5/22/24,10/19/26,Macon,880,712,4,12
504494,5/27/22,10/22/26,Macon,1609,479,6,10
504495,12/16/21,10/26/26,Macon,1775,1506,15,18
504496,6/20/21,7/11/26,Macon,1847,1642,3,8
504497,10/7/21,10/19/26,Macon,1838,1308,16,18
504498,6/8/21,7/16/26,Macon,1864,553,0,8
504499,10/21/21,10/18/26,Macon,1823,1464,2,12
504500,10/2/21,1/14/27,Macon,1930,927,0,2
504501,7/16/22,10/22/26,Macoupin,1559,771,0,18
504503,2/2/24,5/6/26,Macoupin,824,27,0,18
504504,7/26/22,11/27/25,Macoupin,1220,717,0,12
504506,8/29/21,7/9/26,Macoupin,1775,1245,2,18
504507,11/20/21,1/6/27,Macoupin,1873,1642,0,12
504508,8/31/24,1/22/27,Macoupin,874,658,8,18
504511,10/24/21,1/15/25,Macoupin,1179,849,2,18
504513,7/23/21,10/26/26,Macoupin,1921,34,6,16
504514,12/18/21,9/2/26,Macoupin,1719,937,6,18
504515,6/10/21,10/28/26,Macoupin,1966,991,0,4
504516,11/24/24,10/19/26,Macoupin,694,152,0,18
504517,6/1/22,12/18/25,Macoupin,1296,163,0,18
504518,10/6/22,9/26/26,Macoupin,1451,74,2,6
504519,10/31/23,1/2/25,Macoupin,429,181,0,12
504520,8/9/21,5/7/26,Macoupin,1732,1350,3,18
504521,10/27/21,11/22/26,Macoupin,1852,540,0,7
504522,12/24/21,4/27/26,Macoupin,1585,753,2,18
504523,12/22/21,2/13/25,Macoupin,1149,1052,5,18
504524,10/31/21,8/30/26,Macoupin,1764,1244,0,6
504526,9/18/24,12/6/26,Macoupin,809,475,0,2
504528,2/23/24,4/7/25,Macoupin,409,45,4,9
504529,5/7/22,10/5/26,Macoupin,1612,815,2,11
504530,7/11/21,1/19/27,Macoupin,2018,958,0,12
504531,9/9/24,9/19/25,Macoupin,375,13,0,14
504532,9/10/21,2/5/26,Macoupin,1609,1303,6,10
504535,10/14/22,6/19/26,Macoupin,1344,944,6,10
504536,9/3/23,8/29/26,Macoupin,1091,806,2,5
504538,7/22/21,9/7/26,Macoupin,1873,907,3,13
504539,9/28/23,11/19/23,Macoupin,52,9,2,13
504541,5/30/21,12/27/26,Macoupin,2037,1241,6,12
504542,7/14/21,1/7/24,Macoupin,907,76,0,12
504543,10/17/21,5/7/26,Macoupin,1663,178,9,18
504544,6/6/21,6/19/25,Macoupin,1474,309,5,10
504545,9/17/21,11/13/26,Macoupin,1883,514,0,9
504546,6/16/21,2/12/27,Macoupin,2067,1642,2,5
504547,4/26/22,8/6/24,Macoupin,833,105,0,5
504548,10/14/21,9/29/26,Macoupin,1811,1460,6,8
504549,10/26/22,9/11/23,Macoupin,320,97,0,5
504550,5/24/21,6/28/26,Macoupin,1861,1431,0,4
504553,11/23/24,3/7/26,Macoupin,469,240,4,9
504554,9/29/21,9/21/26,Macoupin,1818,1114,0,5
504555,11/11/21,12/1/26,Macoupin,1846,608,0,18
504556,7/21/21,7/26/26,Macoupin,1831,485,5,11
504557,10/23/21,2/4/27,Macoupin,1930,1532,5,15
504558,12/2/21,11/23/26,Macoupin,1817,626,0,5
504559,8/30/21,6/21/26,Macoupin,1756,1093,0,6
504561,4/4/22,6/5/25,Macoupin,1158,745,0,5
504562,8/29/21,2/2/27,Madison,1983,1590,3,6
504564,11/11/21,12/31/26,Madison,1876,728,9,15
504565,9/7/22,8/13/26,Madison,1436,1160,2,6
504566,2/8/22,1/13/27,Madison,1800,403,5,18
504567,8/20/24,12/24/26,Madison,856,665,6,13
504568,12/22/21,1/8/27,Madison,1843,1558,2,5
504569,8/18/21,1/17/27,Madison,1978,1642,0,16
504570,6/27/21,1/8/27,Madison,2021,1374,10,12
504571,7/20/25,5/31/26,Madison,315,82,0,3
504572,1/1/22,2/1/27,Madison,1857,1253,0,16
504574,3/6/23,1/6/25,Madison,672,124,0,18
504575,5/24/22,5/18/25,Madison,1090,63,6,12
504576,7/31/21,10/5/26,Madison,1892,1218,0,10
504577,8/5/23,5/24/25,Madison,658,79,2,18
504578,11/12/21,7/12/26,Madison,1703,1175,5,18
504580,7/30/21,3/3/24,Madison,947,167,0,15
504581,7/20/21,10/4/26,Madison,1902,1570,5,10
504582,6/2/22,8/24/26,Madison,1544,1329,6,10
504583,12/5/21,7/9/26,Madison,1677,1343,2,16
504585,2/6/22,10/6/24,Madison,973,540,6,8
504588,11/14/25,11/17/26,Madison,368,22,0,10
504589,8/22/21,12/21/25,Madison,1582,1129,6,11
504590,7/1/21,7/11/26,Madison,1836,487,0,18
504591,6/20/22,6/27/26,Madison,1468,174,0,18
504592,9/8/21,12/17/23,Madison,830,673,2,4
504593,10/18/23,1/12/27,Madison,1182,63,0,18
504595,8/22/21,7/13/26,Madison,1786,1249,2,16
504596,4/19/25,1/4/26,Madison,260,24,0,10
504597,6/16/21,10/17/25,Madison,1584,228,2,7
504598,8/24/21,1/12/27,Madison,1967,671,2,4
504600,2/26/22,7/2/22,Madison,126,23,0,6
504603,11/1/21,3/24/26,Madison,1604,385,0,5
504604,5/10/22,12/19/26,Madison,1684,681,0,5
504605,6/9/21,12/21/26,Madison,2021,1391,0,18
504606,12/24/21,12/18/25,Madison,1455,1229,7,9
504607,6/21/21,6/5/26,Madison,1810,264,0,5
504608,2/23/23,7/6/26,Madison,1229,633,0,10
504609,9/1/21,4/15/24,Madison,957,628,2,11
504610,5/18/21,11/8/26,Madison,2000,1556,2,4
504611,10/17/21,11/15/24,Madison,1125,423,2,17
504612,11/16/21,8/24/26,Madison,1742,345,4,10
504613,2/16/24,2/16/27,Madison,1096,821,2,18
504614,9/10/21,2/18/27,Madison,1987,356,0,3
504615,12/21/23,9/5/26,Madison,989,515,0,10
504616,5/17/21,1/2/26,Madison,1691,378,0,12
504617,12/19/23,9/17/24,Madison,273,19,5,18
504618,12/17/21,5/25/26,Madison,1620,353,7,18
504619,1/22/23,10/16/26,Madison,1363,232,0,2
504621,11/28/21,2/14/26,Madison,1539,190,0,2
504622,7/26/21,1/27/27,Madison,2011,1163,3,18
504623,8/24/22,7/27/24,Madison,703,641,6,18
504624,7/3/21,2/20/24,Madison,962,295,0,18
504625,9/5/21,2/22/26,Madison,1631,963,0,8
504626,3/4/25,7/26/26,Madison,509,384,0,6
504627,6/2/22,7/30/26,Marion,1519,840,0,6
504628,12/21/21,7/4/25,Marion,1291,560,16,18
504629,2/8/22,2/15/27,Marion,1833,952,0,5
504630,10/26/21,2/19/27,Marion,1942,1642,2,11
504631,8/6/21,2/23/27,Marion,2027,998,0,2
504632,9/14/21,9/12/26,Marion,1824,1449,5,13
504634,9/22/23,9/2/26,Marion,1076,907,12,18
504635,7/27/21,1/24/27,Marion,2007,1642,16,18
504637,11/2/21,11/6/26,Marion,1830,1642,3,10
504639,12/28/21,5/25/26,Marion,1609,1527,2,9
504640,4/11/22,7/21/26,Marion,1562,99,0,18
504642,7/16/21,12/28/26,Marion,1991,1642,6,16
504643,11/17/21,10/26/26,Marion,1804,865,2,17
504644,7/27/21,12/6/25,Marion,1593,882,0,17
504645,12/20/21,10/8/26,Marion,1753,1120,3,12
504646,9/7/21,3/27/26,Marion,1662,772,10,18
504647,12/4/21,6/12/26,Marion,1651,626,2,12
504648,7/16/21,12/31/26,Marion,1994,701,0,2
504649,8/8/21,11/25/26,Marion,1935,1495,6,8
504650,8/29/23,9/11/24,Marion,379,3,0,5
504653,6/7/21,10/22/26,Marion,1963,1642,16,18
504656,12/16/21,1/22/25,Marion,1133,824,0,18
504657,4/28/22,9/9/26,Marion,1595,1159,0,6
504658,6/6/22,11/17/26,Marion,1625,821,4,9
504660,5/29/23,1/13/27,Marion,1325,898,0,7
504661,1/28/23,3/28/25,Marshall,790,555,0,11
504662,11/1/23,10/3/24,Marshall,337,1,3,12
504663,9/18/21,9/23/23,Marshall,735,458,9,18
504664,5/28/21,1/17/26,Marshall,1695,1348,14,18
504666,11/3/21,12/28/25,Marshall,1516,71,0,9
504667,12/15/21,11/2/26,Marshall,1783,1338,0,6
504669,5/22/22,9/1/24,Marshall,833,87,2,7
504671,6/30/21,8/19/25,Marshall,1511,915,0,10
504674,3/10/22,1/20/27,Marshall,1777,207,2,18
504675,10/28/21,9/4/26,Marshall,1772,1570,0,3
504678,7/13/21,11/16/26,Marshall,1952,950,0,7
504679,10/27/21,12/10/26,Marshall,1870,815,6,10
504681,1/27/22,7/19/26,Marshall,1634,336,0,9
504682,5/28/21,5/11/22,Marshall,348,33,0,10
504683,11/13/22,8/19/23,Marshall,279,80,8,13
504684,12/15/22,10/6/26,Marshall,1391,701,0,14
504685,7/16/21,9/13/26,Marshall,1885,1327,6,18
504687,10/5/21,11/11/26,Marshall,1863,23,0,18
504688,11/14/21,10/2/26,Marshall,1783,1218,3,8
504690,11/17/21,10/13/25,Marshall,1426,706,0,12
504691,10/21/21,7/1/26,Marshall,1714,1383,6,12
504692,3/22/23,10/4/23,Marshall,196,24,0,14
504693,1/26/22,6/14/26,Marshall,1600,307,0,13
504694,10/29/21,7/27/23,Marshall,636,246,0,11
504695,10/14/21,7/14/26,Marshall,1734,1158,2,4
504696,6/6/24,9/21/26,Marshall,837,554,12,18
504697,9/21/21,2/28/26,Marshall,1621,162,0,3
504699,6/1/21,5/13/25,Marshall,1442,726,0,5
504700,9/4/22,2/1/25,Marshall,881,673,2,9
504701,6/8/21,1/10/27,Marshall,2042,747,3,16
504702,9/30/21,11/24/26,Mason,1881,913,0,12
504703,1/20/25,12/27/26,Mason,706,507,0,10
504706,8/4/22,2/19/27,Mason,1660,495,15,17
504707,12/8/21,8/27/26,Mason,1723,619,0,18
504708,10/7/21,9/20/26,Mason,1809,1642,6,12
504709,2/27/22,10/1/26,Mason,1677,1226,0,18
504710,7/11/22,8/19/25,Mason,1135,27,7,12
504711,11/8/21,9/2/26,Mason,1759,814,3,9
504712,12/26/21,1/4/26,Mason,1470,852,0,10
504713,11/23/23,6/30/26,Mason,950,929,0,6
504715,2/25/25,8/10/26,Mason,531,403,2,16
504716,12/27/21,3/24/26,Mason,1548,602,2,9
504717,8/22/22,6/14/26,Mason,1392,1203,6,14
504718,10/3/21,11/29/26,Mason,1883,531,3,16
504720,9/13/21,12/19/26,Mason,1923,1642,6,18
504721,4/20/22,9/17/26,Mason,1611,510,5,18
504722,11/25/21,7/19/26,Mason,1697,1413,2,12
504724,11/19/21,2/14/27,Mason,1913,447,12,18
504725,5/27/21,1/10/25,Mason,1324,996,7,17
504727,6/29/21,7/21/26,Mason,1848,1402,7,16
504728,12/15/21,8/4/26,Mason,1693,1642,6,10
504729,3/28/25,12/15/26,Mason,627,319,0,4
504730,5/17/21,5/22/25,Mason,1466,875,0,2
504731,3/22/22,12/26/26,Mason,1740,900,0,13
504732,8/25/21,6/20/24,Mason,1030,333,7,15
504733,8/15/24,10/9/26,Massac,785,372,12,18
504734,8/14/21,7/30/26,Massac,1811,1489,0,9
504735,7/16/22,12/22/25,Massac,1255,936,8,10
504736,9/12/22,8/5/25,Massac,1058,891,0,10
504737,8/15/21,2/1/24,Massac,900,508,0,15
504738,2/10/22,10/4/26,Massac,1697,1138,6,8
504741,9/30/21,1/20/27,Massac,1938,992,2,15
504742,3/9/24,12/7/26,Massac,1003,774,6,12
504743,2/16/22,3/30/25,Massac,1138,45,6,13
504744,8/28/21,8/12/26,Massac,1810,1353,2,10
504745,5/7/22,1/31/23,Massac,269,30,0,12
504746,2/14/22,8/17/26,Massac,1645,522,0,4
504748,11/20/21,11/23/26,Massac,1829,941,0,10
504749,8/1/21,7/14/26,Massac,1808,735,10,15
504751,8/1/25,10/25/26,Massac,450,149,10,18
504752,6/28/21,1/2/27,Massac,2014,1481,1,5
504753,4/22/22,4/29/26,Massac,1468,122,13,17
504755,7/25/21,2/6/26,Massac,1657,131,2,8
504757,7/20/21,12/12/26,Massac,1971,1642,0,6
504758,1/18/25,11/13/26,Massac,664,38,5,18
504759,7/16/21,11/29/23,Massac,866,613,6,12
504760,5/25/22,8/28/26,Massac,1556,590,0,18
504761,3/3/23,1/3/26,Massac,1037,760,10,18
504762,5/27/23,1/7/24,Massac,225,9,0,18
504763,3/19/22,10/23/26,Massac,1679,62,1,12
504765,5/31/21,10/4/24,Massac,1222,909,0,5
504766,7/24/21,6/5/26,Massac,1777,132,2,12
504767,6/3/21,5/5/26,Massac,1797,924,0,6
504768,1/21/23,9/12/26,Massac,1330,59,0,8
504769,10/31/23,9/3/26,Massac,1038,105,12,17
504770,3/13/25,5/17/26,Massac,430,46,7,9
504771,1/24/25,11/24/26,Massac,669,388,2,18
504772,5/26/21,9/8/26,Massac,1931,1642,0,14
504773,12/7/21,7/16/26,Massac,1682,901,6,12
504774,7/10/23,7/17/24,Massac,373,39,1,7
504776,1/2/24,1/2/25,Massac,366,155,0,12
504777,8/27/23,11/28/25,Massac,824,517,0,18
504779,7/21/24,7/9/26,McDonough,718,450,5,13
504782,8/23/21,6/23/26,McDonough,1765,1248,0,10
504783,5/5/22,12/2/26,McDonough,1672,1406,9,18
504784,7/8/21,12/26/26,McDonough,1997,1102,3,12
504785,10/17/21,8/6/24,McDonough,1024,234,0,18
504786,7/22/21,9/25/25,McDonough,1526,146,17,18
504787,8/30/21,1/28/25,McDonough,1247,771,6,8
504788,1/7/25,3/26/26,McDonough,443,61,7,18
504789,12/23/21,8/1/26,McDonough,1682,1122,0,10
504790,7/7/21,10/12/26,McDonough,1923,1642,0,2
504791,4/19/23,5/16/25,McDonough,758,127,2,8
504792,11/5/21,6/2/26,McDonough,1670,822,0,18
504793,8/29/25,5/13/26,McDonough,257,73,0,11
504794,12/17/23,10/23/24,McDonough,311,80,0,11
504795,8/27/23,9/18/24,McDonough,388,14,0,18
504796,10/17/21,2/10/27,McDonough,1942,1642,13,18
504797,10/15/21,8/20/26,McDonough,1770,665,7,18
504798,7/6/21,10/19/26,McDonough,1931,1318,0,4
504799,5/27/21,5/29/26,McDonough,1828,1513,0,3
504800,5/17/21,12/9/26,McDonough,2032,1578,0,18
504801,9/17/21,9/12/25,McDonough,1456,1059,2,18
504802,5/17/22,7/12/26,McDonough,1517,35,6,12
504803,9/19/21,1/3/27,McDonough,1932,306,0,14
504804,8/7/21,6/18/26,McDonough,1776,1512,0,18
504806,3/30/22,9/10/26,McDonough,1625,1233,0,11
504807,1/14/25,8/9/26,McDonough,572,417,0,8
504808,12/1/21,11/16/25,McDonough,1446,964,0,12
504809,11/14/23,8/22/24,McDonough,282,32,0,5
504811,12/22/21,9/19/26,McDonough,1732,976,0,7
504812,7/2/21,7/20/25,McHenry,1479,14,0,10
504813,7/26/21,2/2/27,McHenry,2017,340,5,12
504814,4/27/22,10/29/26,McHenry,1646,487,0,6
504815,9/16/21,1/21/27,McHenry,1953,890,8,12
504817,10/9/22,11/1/26,McHenry,1484,461,5,13
504818,11/27/21,2/23/26,McHenry,1549,1088,0,6
504819,12/30/22,2/13/27,McHenry,1506,1237,2,12
504820,6/22/23,4/2/24,McHenry,285,4,2,9
504821,11/29/21,2/12/27,McHenry,1901,1292,0,12
504822,9/25/21,10/31/26,McHenry,1862,1642,0,7
504823,9/28/21,7/21/26,McHenry,1757,1070,0,5
504824,12/28/21,8/21/26,McHenry,1697,1276,0,8
504825,11/26/21,1/10/27,McHenry,1871,1464,0,13
504826,6/4/23,8/11/26,McHenry,1164,578,5,10
504827,1/30/23,11/3/26,McHenry,1373,377,2,18
504828,5/21/21,10/18/26,McHenry,1976,575,0,2
504829,12/15/21,9/17/24,McHenry,1007,963,6,18
504830,1/1/23,6/4/26,McHenry,1250,106,0,18
504831,12/31/21,1/6/27,McHenry,1832,809,0,10
504832,9/6/21,10/31/26,McHenry,1881,1553,0,18
504833,5/26/21,10/4/26,McHenry,1957,1642,0,18
504834,2/15/22,7/2/22,McHenry,137,23,5,18
504837,6/14/21,2/12/27,McHenry,2069,1184,6,16
504838,12/2/25,8/20/26,McHenry,261,2,5,18
504839,9/18/21,9/22/26,McHenry,1830,1642,0,18
504840,10/28/21,11/28/26,McHenry,1857,1642,9,12
504841,11/8/21,7/27/26,McHenry,1722,1564,6,16
504842,5/21/21,12/30/26,McHenry,2049,1268,7,10
504844,4/26/23,6/9/26,McHenry,1140,599,2,8
504845,10/18/22,10/28/26,McHenry,1471,745,0,4
504846,10/8/21,4/10/25,McHenry,1280,977,2,8
504847,1/31/22,7/7/26,McHenry,1618,741,0,7
504848,9/24/21,1/27/27,McHenry,1951,1444,0,12
504849,12/27/21,7/30/26,McHenry,1676,1621,0,5
504850,9/29/21,12/2/24,McHenry,1160,182,0,10
504851,7/17/21,11/10/26,McHenry,1942,618,0,7
504852,9/7/24,8/25/25,McHenry,352,50,0,12
504853,7/2/23,10/1/26,McHenry,1187,294,0,10
504854,9/20/22,9/19/23,McHenry,364,33,0,17
504855,6/4/22,1/26/27,McHenry,1697,714,6,13
504856,10/17/21,11/16/26,McHenry,1856,1618,2,10
504857,5/16/21,10/7/26,McHenry,1970,1642,3,10
504858,12/16/21,9/10/26,McHenry,1729,923,5,18
504859,12/24/21,4/24/26,McHenry,1582,1531,0,18
504860,7/18/22,12/6/26,McHenry,1602,1010,0,18
504862,9/19/21,1/2/27,McHenry,1931,1428,0,12
504864,7/24/21,12/22/25,McHenry,1612,507,0,6
504865,10/18/21,12/4/26,McHenry,1873,1642,0,12
504866,3/23/22,7/20/26,McHenry,1580,1135,8,14
504867,8/18/21,8/29/24,McHenry,1107,853,0,10
504869,4/30/22,4/9/26,McHenry,1440,692,6,12
504871,3/10/23,11/29/26,McHenry,1360,366,0,18
504872,9/22/22,8/20/26,McHenry,1428,1113,0,5
504873,9/20/21,4/15/26,McHenry,1668,891,0,12
504876,12/5/21,10/29/22,McHenry,328,23,6,14
504877,7/29/25,5/15/26,McHenry,290,31,0,6
504878,9/13/21,12/13/25,McHenry,1552,38,0,8
504879,12/9/22,11/15/23,McHenry,341,38,6,17
504880,4/13/22,12/8/26,McHenry,1700,13,6,10
504881,1/16/22,9/9/22,McHenry,236,25,5,11
504883,2/2/22,7/18/26,McHenry,1627,821,6,10
504885,9/18/21,7/23/26,McHenry,1769,1642,2,18
504887,6/8/23,5/4/24,McHenry,331,11,5,18
504888,12/13/21,9/15/26,McHenry,1737,1642,0,5
504889,9/22/21,7/6/26,McHenry,1748,1642,0,18
504890,3/7/23,7/24/26,McHenry,1235,528,0,18
504892,9/24/21,10/19/26,McHenry,1851,743,0,18
504893,6/4/21,8/24/26,McHenry,1907,697,17,18
504894,5/13/21,1/12/27,McHenry,2070,1229,0,18
504895,2/9/25,4/10/26,McHenry,425,60,0,18
504896,2/27/22,7/26/25,McHenry,1245,38,0,6
504897,9/7/21,10/4/26,McHenry,1853,1642,0,18
504899,12/17/21,12/20/26,McHenry,1829,1642,15,18
504900,6/25/21,12/9/26,McHenry,1993,845,0,14
504901,1/23/22,12/19/25,McHenry,1426,55,10,16
504902,7/14/21,2/23/27,McHenry,2050,1120,0,10
504903,12/17/21,10/9/26,McHenry,1757,751,0,10
504904,12/13/21,4/2/26,McHenry,1571,1321,2,5
504905,5/9/21,10/23/25,McHenry,1628,1148,2,5
504906,1/6/22,12/1/26,McHenry,1790,309,4,8
504907,8/10/21,9/23/26,McHenry,1870,905,10,15
504908,9/10/21,11/22/26,McHenry,1899,973,2,11
504909,9/2/22,3/12/26,McHenry,1287,1166,0,10
504912,8/1/24,4/27/26,McHenry,634,456,0,13
504915,3/7/25,8/24/26,McHenry,535,322,9,18
504916,5/15/21,1/21/27,McHenry,2077,1642,2,7
504918,3/20/25,10/3/26,McHenry,562,115,0,18
504920,7/13/22,4/9/24,McHenry,636,123,0,7
504921,8/27/21,6/2/26,McHenry,1740,840,0,18
504922,10/4/21,1/6/27,McHenry,1920,943,0,10
504923,7/10/21,7/14/26,McHenry,1830,1642,0,18
504924,12/1/21,6/23/22,McHenry,204,69,5,12
504925,6/2/24,8/12/26,McHenry,801,336,2,18
504926,5/15/21,2/15/26,McHenry,1737,795,3,18
504927,4/30/22,11/16/22,McHenry,200,11,2,7
504928,6/13/21,6/4/26,McHenry,1817,583,0,9
504929,3/20/22,12/11/26,McHenry,1727,140,0,18
504930,8/20/21,10/11/26,McLean,1878,1372,0,16
504931,10/23/21,4/9/24,McLean,899,666,0,3
504932,8/24/21,9/2/26,McLean,1835,809,4,7
504933,5/19/22,7/24/25,McLean,1162,818,0,10
504934,10/12/21,8/31/23,McLean,688,376,3,11
504935,3/1/24,9/26/24,McLean,209,13,1,7
504936,8/30/21,10/24/26,McLean,1881,933,13,18
504937,5/10/22,1/18/27,McLean,1714,969,0,11
504938,12/8/21,9/2/26,McLean,1729,1111,2,16
504940,7/13/22,1/31/25,McLean,933,899,6,10
504941,5/22/21,1/14/27,McLean,2063,1564,8,18
504942,1/5/22,9/11/26,McLean,1710,1210,5,18
504943,2/20/22,9/6/26,McLean,1659,107,0,2
504944,5/25/21,8/12/26,McLean,1905,588,0,13
504946,8/23/21,9/25/25,McLean,1494,452,4,11
504947,10/25/22,6/15/23,McLean,233,15,2,8
504948,12/14/21,11/9/26,McLean,1791,1642,0,8
504949,7/20/21,11/6/26,McLean,1935,1209,0,6
504951,8/6/21,1/24/27,McLean,1997,1642,0,18
504952,7/22/21,1/23/27,McLean,2011,882,13,18
504954,5/26/23,4/19/24,McLean,329,16,6,10
504955,9/8/21,12/26/25,McLean,1570,641,0,8
504956,10/23/21,12/17/26,McLean,1881,1197,2,16
504957,11/30/21,7/21/26,McLean,1694,520,0,18
504959,3/16/24,4/18/25,McLean,398,3,0,18
504960,5/15/21,7/11/26,McLean,1883,1642,2,18
504962,6/10/22,7/29/26,McLean,1510,1421,0,15
504963,6/24/23,9/14/26,McLean,1178,1005,6,11
504964,9/12/21,2/19/27,McLean,1986,432,2,10
504965,8/19/23,12/22/23,McLean,125,5,0,6
504966,12/9/23,9/22/26,McLean,1018,681,0,18
504967,12/21/21,4/21/26,McLean,1582,1551,0,3
504968,10/19/24,2/3/26,McLean,472,177,2,8
504969,3/10/24,10/4/26,McLean,938,840,0,10
504970,5/30/21,1/6/27,McLean,2047,1642,0,8
504971,5/28/21,2/13/27,McLean,2087,1331,6,10
504973,11/12/21,8/9/26,McLean,1731,969,6,12
504974,1/28/23,10/12/26,McLean,1353,1051,0,5
504979,9/12/21,7/24/26,McLean,1776,1360,3,10
504981,8/26/21,7/11/26,McLean,1780,1642,2,8
504982,11/13/22,7/10/23,McLean,239,25,3,12
504983,10/28/21,1/30/26,McLean,1555,289,0,5
504984,12/25/21,9/6/25,McLean,1351,138,0,12
504985,12/25/22,10/13/23,McLean,292,93,0,13
504987,2/11/24,1/30/27,McLean,1084,71,2,6
504988,5/24/25,6/8/26,McLean,380,7,0,12
504989,1/12/22,5/29/22,McLean,137,49,0,9
504990,10/23/21,4/14/25,McLean,1269,754,3,12
504992,9/21/25,6/9/26,McLean,261,8,0,10
504995,12/24/21,2/11/25,McLean,1145,449,0,2
504997,11/4/21,9/7/26,McLean,1768,1357,0,6
504998,5/2/23,1/7/27,McLean,1346,959,0,15
505001,6/29/21,5/12/23,McLean,682,435,0,5
505003,8/12/21,10/4/26,McLean,1879,1093,0,5
505004,10/27/21,7/14/26,McLean,1721,683,6,18
505007,1/20/22,3/28/26,McLean,1528,1110,10,18
505008,2/24/22,7/6/22,McLean,132,9,0,4
505012,2/9/22,9/17/26,McLean,1681,608,0,10
505013,9/24/21,4/9/26,McLean,1658,258,6,8
505016,7/18/23,3/11/26,McLean,967,41,13,18
505017,8/20/21,6/22/22,McLean,306,3,0,6
505020,11/21/22,12/20/26,McLean,1490,1159,11,16
505021,6/16/22,9/26/26,McLean,1563,426,2,15
505022,10/29/21,9/10/24,McLean,1047,940,0,10
505024,5/23/22,9/26/26,McLean,1587,880,0,6
505025,9/30/21,11/13/22,McLean,409,93,0,5
505026,9/24/21,10/3/26,McLean,1835,1298,0,10
505027,12/31/21,4/9/26,McLean,1560,262,2,6
505028,10/19/21,10/24/26,McLean,1831,1642,6,8
505029,12/27/21,7/15/22,McLean,200,129,1,4
505031,9/14/22,1/14/27,McLean,1583,998,0,14
505032,2/28/25,9/16/25,McLean,200,54,6,17
505033,11/8/21,7/27/26,McLean,1722,1642,5,12
505034,6/26/23,3/22/25,McLean,635,594,0,3
505035,9/28/23,7/6/25,McLean,647,455,0,8
505036,2/11/23,12/5/26,McLean,1393,161,6,9
505037,7/28/21,9/3/23,McLean,767,30,0,18
505038,2/5/22,8/14/25,McLean,1286,152,0,2
505039,3/2/23,1/19/27,McLean,1419,967,0,6
505041,6/16/21,9/29/25,McLean,1566,552,0,10
505042,5/18/23,7/15/26,McLean,1154,861,2,8
505044,2/5/25,6/4/26,McLean,484,60,0,11
505045,2/2/22,7/23/26,McLean,1632,532,6,9
505046,8/23/22,9/28/25,McLean,1132,852,0,8
505047,1/19/26,5/7/26,McLean,108,52,12,18
505048,10/30/21,1/18/27,McLean,1906,1076,0,11
505049,5/17/21,2/2/27,McLean,2087,1233,15,18
505051,11/26/21,3/15/26,McLean,1570,95,0,12
505053,10/26/21,8/20/26,McLean,1759,76,9,17
505054,3/10/25,9/21/25,McLean,195,32,0,7
505055,6/25/21,11/7/26,McLean,1961,843,6,8
505057,12/18/23,11/18/24,McLean,336,17,2,17
505058,7/8/21,10/9/26,McLean,1919,1642,0,18
505060,10/13/22,6/2/25,McLean,963,617,0,8
505061,6/4/21,9/12/25,McLean,1561,482,9,15
505062,8/28/22,3/3/23,McLean,187,78,0,5
505064,7/5/23,9/11/26,McLean,1164,238,5,14
505068,8/26/21,10/3/26,McLean,1864,1431,3,8
505069,11/21/22,10/15/26,McLean,1424,1185,0,18
505070,7/6/21,2/2/25,McLean,1307,1017,0,6
505072,3/29/25,8/13/26,McLean,502,18,5,18
505073,6/4/22,1/9/27,McLean,1680,751,0,18
505074,9/18/21,4/3/25,McLean,1293,166,2,12
505075,3/29/22,7/12/26,McLean,1566,1032,0,18
505077,4/27/25,1/17/26,McLean,265,2,0,4
505078,11/28/22,7/30/26,McLean,1340,980,6,11
505079,11/15/21,10/2/26,McLean,1782,1064,0,11
505080,6/18/21,1/11/26,McLean,1668,1383,13,18
505081,3/31/22,11/7/26,McLean,1682,178,0,15
505083,6/3/21,7/11/26,McLean,1864,1248,2,4
505084,10/31/25,9/3/26,McLean,307,110,2,18
505085,6/2/21,1/6/27,McLean,2044,1610,0,6
505087,10/28/23,10/7/26,McLean,1075,910,0,16
505088,3/11/23,10/2/26,McLean,1301,71,8,18
505089,11/20/21,12/18/26,McLean,1854,1098,0,3
505090,9/30/21,11/14/26,McLean,1871,1548,0,18
505092,12/3/21,12/19/25,McLean,1477,574,0,3
505094,11/27/22,11/8/26,McLean,1442,1018,4,14
505095,8/7/21,11/27/22,McLean,477,134,0,12
505096,12/13/21,3/29/26,McLean,1567,309,6,14
505101,10/30/21,7/26/26,McLean,1730,1019,7,12
505103,5/18/22,3/16/26,McLean,1398,344,0,15
505105,12/1/21,10/23/26,Menard,1787,672,0,18
505106,2/25/22,5/9/25,Menard,1169,787,2,8
505107,5/11/21,2/20/27,Menard,2111,1642,2,5
505108,9/22/21,4/8/25,Menard,1294,1078,8,15
505109,10/31/23,5/15/25,Menard,562,305,0,18
505110,11/26/23,5/8/24,Menard,164,1,0,12
505111,11/26/24,7/7/25,Menard,223,74,0,5
505112,7/26/22,11/6/26,Menard,1564,1270,0,8
505113,8/16/21,12/2/26,Menard,1934,1642,0,4
505114,5/1/22,6/20/23,Menard,415,75,6,17
505115,8/28/23,9/7/26,Menard,1106,795,0,13
505116,7/12/21,10/5/26,Menard,1911,643,1,12
505117,4/25/24,6/10/25,Menard,411,21,0,18
505118,6/27/21,11/16/26,Menard,1968,1527,0,12
505119,10/25/21,9/13/26,Menard,1784,1642,2,12
505120,7/30/21,8/31/26,Menard,1858,532,2,7
505121,6/30/21,10/8/26,Menard,1926,1144,5,12
505123,7/12/21,2/6/27,Menard,2035,864,2,12
505124,11/19/21,10/2/25,Menard,1413,192,0,3
505126,11/23/21,1/26/23,Menard,429,286,0,10
505127,8/11/22,7/24/26,Menard,1443,491,7,15
505129,10/23/21,4/10/25,Menard,1265,652,0,13
505132,9/16/21,6/9/26,Menard,1727,774,6,10
505133,12/15/23,7/24/26,Menard,952,830,2,5
505134,4/16/22,2/5/27,Menard,1756,1353,0,3
505135,7/24/21,5/20/26,Mercer,1761,1125,2,9
505136,1/1/22,9/13/26,Mercer,1716,1642,0,12
505137,5/18/21,2/27/26,Mercer,1746,1450,0,18
505138,12/22/21,12/8/26,Mercer,1812,1450,0,6
505139,8/24/21,8/7/26,Mercer,1809,806,0,5
505143,2/16/22,10/18/26,Mercer,1705,861,10,14
505144,6/6/24,12/16/24,Mercer,193,20,0,5
505145,8/14/21,6/22/25,Mercer,1408,118,0,18
505146,7/30/24,12/5/26,Mercer,858,685,0,8
505147,9/14/21,9/17/23,Mercer,733,53,2,9
505148,2/21/25,10/17/26,Mercer,603,357,0,17
505149,1/3/24,11/23/26,Mercer,1055,224,0,5
505150,1/18/23,2/10/27,Mercer,1484,117,5,12
505151,3/31/23,6/7/24,Mercer,434,123,6,18
505153,9/29/23,10/31/24,Mercer,398,55,0,6
505154,8/13/21,3/14/26,Mercer,1674,914,8,18
505155,7/9/22,10/6/26,Mercer,1550,1201,3,12
505156,4/15/23,11/8/24,Mercer,573,40,3,12
505157,6/15/21,12/20/26,Mercer,2014,1493,0,5
505158,6/2/25,6/9/26,Mercer,372,31,11,13
505160,2/2/23,9/17/26,Mercer,1323,779,0,18
505162,11/4/21,2/18/27,Mercer,1932,1274,0,18
505163,8/18/22,1/6/24,Mercer,506,150,6,13
505165,11/20/21,6/11/26,Mercer,1664,344,0,14
505166,12/6/21,2/27/23,Mercer,448,275,0,2
505169,2/7/24,1/18/26,Mercer,711,462,2,4
505171,12/30/21,10/14/25,Mercer,1384,1041,0,2
505176,12/20/23,5/30/24,Mercer,162,25,2,14
505178,7/14/22,8/23/26,Mercer,1501,852,2,12
505180,10/25/22,8/21/26,Mercer,1396,421,8,18
505181,12/27/21,2/12/27,Mercer,1873,35,2,10
505182,10/5/21,4/19/26,Monroe,1657,680,0,18
505184,12/5/21,12/30/25,Monroe,1486,1105,7,12
505185,11/27/21,7/2/25,Monroe,1313,980,2,8
505186,12/18/21,7/19/26,Monroe,1674,1289,2,4
505187,10/17/21,9/12/26,Monroe,1791,1575,6,14
505189,5/8/25,6/24/26,Monroe,412,24,0,7
505190,9/6/21,3/6/25,Monroe,1277,586,0,2
505191,12/30/21,1/30/27,Monroe,1857,1506,6,10
505192,12/19/21,7/11/26,Monroe,1665,582,0,11
505193,4/4/25,11/17/25,Monroe,227,2,3,18
505194,12/17/23,12/24/26,Monroe,1103,840,0,5
505196,12/13/21,7/17/26,Monroe,1677,1642,0,7
505198,8/11/21,9/29/24,Monroe,1145,873,6,18
505199,11/30/21,4/24/25,Monroe,1241,1048,0,5
505200,7/15/21,12/12/26,Monroe,1976,1642,4,18
505201,6/25/21,10/29/25,Monroe,1587,1039,2,10
505202,4/5/22,3/18/23,Monroe,347,4,0,9
505203,10/19/22,10/5/23,Monroe,351,6,0,6
505205,8/11/21,8/2/26,Monroe,1817,567,5,13
505206,9/12/22,7/12/26,Monroe,1399,263,3,5
505207,12/18/21,12/6/26,Monroe,1814,1642,2,4
505209,5/30/21,7/17/26,Monroe,1874,88,16,18
505210,4/21/25,11/13/25,Monroe,206,78,3,8
505211,12/16/21,8/11/26,Monroe,1699,1254,2,12
505212,4/18/24,10/17/26,Monroe,912,456,0,8
505214,5/18/21,10/23/26,Monroe,1984,1642,2,6
505215,7/28/21,1/9/25,Monroe,1261,446,15,18
505216,1/26/22,8/1/25,Monroe,1283,1015,6,14
505218,9/18/21,6/9/25,Monroe,1360,63,2,11
505219,8/30/22,2/17/27,Monroe,1632,1341,3,16
505220,3/30/23,11/21/26,Monroe,1332,1133,10,17
505221,6/1/23,3/7/26,Monroe,1010,160,0,5
505223,1/1/22,2/10/27,Monroe,1866,802,0,17
505224,4/22/24,6/30/26,Monroe,799,54,5,15
505225,6/12/21,3/25/26,Monroe,1747,565,5,8
505226,9/20/24,2/14/27,Monroe,877,619,4,6
505227,4/30/22,4/21/24,Monroe,722,103,0,8
505228,11/3/24,7/24/26,Monroe,628,249,16,18
505230,9/30/23,3/23/26,Monroe,905,14,2,12
505231,7/24/21,1/30/24,Monroe,920,319,10,18
505232,3/22/25,8/28/26,Monroe,524,425,0,11
505233,8/29/21,11/14/26,Monroe,1903,1525,6,8
505234,2/3/22,10/15/24,Monroe,985,814,0,18
505235,2/22/24,1/3/25,Monroe,316,18,5,12
505236,8/22/21,4/30/26,Monroe,1712,1053,2,6
505237,9/22/23,7/7/24,Monroe,289,2,3,18
505238,6/23/22,11/17/26,Monroe,1608,752,0,6
505239,12/30/22,11/26/25,Monroe,1062,77,0,6
505241,2/28/23,2/23/27,Monroe,1456,904,0,12
505242,3/23/22,1/7/23,Monroe,290,53,10,17
505244,10/20/21,9/17/26,Monroe,1793,145,2,10
505245,7/3/21,5/13/26,Monroe,1775,1025,0,2
505246,9/10/21,7/26/26,Monroe,1780,1294,2,7
505247,12/21/21,10/28/23,Monroe,676,522,6,14
505248,11/20/21,12/28/26,Monroe,1864,1309,0,7
505249,7/23/23,8/15/25,Monroe,754,732,0,10
505251,6/6/21,6/7/24,Monroe,1097,640,0,18
505252,2/29/24,2/12/25,Monroe,349,17,13,18
505254,1/28/22,8/15/26,Monroe,1660,57,0,3
505255,11/24/21,11/10/26,Monroe,1812,975,0,3
505257,10/30/22,10/10/26,Monroe,1441,752,10,12
505259,10/6/21,7/16/26,Monroe,1744,1612,0,18
505260,5/10/25,3/17/26,Monroe,311,28,0,18
505261,2/1/22,10/4/26,Montgomery,1706,1405,0,13
505262,8/6/21,10/16/26,Montgomery,1897,226,5,18
505263,11/25/21,12/12/26,Montgomery,1843,1633,0,18
505264,10/10/21,2/22/27,Montgomery,1961,813,2,18
505265,9/7/22,1/10/27,Montgomery,1586,575,0,7
505267,6/26/25,7/24/25,Montgomery,28,1,1,8
505268,7/12/22,1/26/27,Montgomery,1659,661,0,5
505269,1/27/22,7/25/26,Montgomery,1640,1124,0,10
505270,6/19/22,9/30/25,Montgomery,1199,587,0,9
505271,9/19/21,5/25/26,Montgomery,1709,765,0,5
505272,1/22/22,11/23/26,Montgomery,1766,305,0,18
505273,3/14/22,8/11/26,Montgomery,1611,1387,6,18
505274,11/5/21,1/22/26,Montgomery,1539,642,6,18
505275,7/16/21,9/4/26,Montgomery,1876,763,11,17
505277,11/30/21,9/24/26,Montgomery,1759,834,0,17
505278,9/8/21,9/12/26,Montgomery,1830,1306,0,17
505279,11/27/21,2/11/24,Montgomery,806,663,0,12
505280,12/6/21,3/13/24,Montgomery,828,497,6,18
505282,6/25/21,12/26/22,Montgomery,549,348,0,10
505283,12/13/21,12/14/25,Montgomery,1462,239,0,6
505284,1/9/22,11/26/26,Montgomery,1782,515,0,14
505285,10/25/21,1/13/27,Montgomery,1906,1445,0,12
505286,2/6/22,5/16/25,Montgomery,1195,106,0,4
505287,5/29/24,10/16/26,Montgomery,870,420,0,12
505288,11/30/21,8/12/26,Montgomery,1716,1587,0,5
505289,11/11/21,1/7/27,Montgomery,1883,945,3,18
505290,2/14/24,2/22/27,Montgomery,1104,156,0,9
505291,9/17/21,7/20/26,Montgomery,1767,927,7,18
505292,12/27/25,8/21/26,Montgomery,237,186,6,8
505293,9/15/21,10/14/25,Montgomery,1490,1203,0,2
505294,7/27/21,10/26/23,Montgomery,821,541,2,4
505295,7/16/21,10/23/26,Montgomery,1925,165,0,4
505297,9/10/21,9/30/23,Morgan,750,592,0,9
505298,12/29/21,7/14/26,Morgan,1658,1320,0,12
505299,11/27/21,7/10/26,Morgan,1686,1642,6,9
505301,11/7/25,9/23/26,Morgan,320,45,6,12
505303,7/24/21,10/8/26,Morgan,1902,13,0,6
505304,9/1/21,8/27/26,Morgan,1821,1052,14,18
505305,11/3/21,9/6/26,Morgan,1768,784,0,16
505306,8/11/21,11/1/26,Morgan,1908,1300,13,18
505307,7/18/21,9/23/26,Morgan,1893,494,0,12
505308,5/18/25,5/10/26,Morgan,357,53,13,18
505309,11/25/25,2/21/27,Morgan,453,21,0,6
505310,10/31/21,1/19/25,Morgan,1176,777,0,2
505311,7/25/25,12/20/25,Morgan,148,4,0,14
505312,7/15/21,10/25/22,Morgan,467,115,1,10
505313,8/10/21,11/7/24,Morgan,1185,909,2,15
505314,5/31/22,4/18/26,Morgan,1418,40,0,10
505315,7/24/21,11/27/26,Morgan,1952,968,2,10
505316,9/26/22,11/5/26,Morgan,1501,901,0,18
505317,4/22/23,2/7/26,Morgan,1022,740,0,18
505319,12/21/21,4/4/26,Morgan,1565,1011,0,18
505320,2/24/25,11/12/25,Morgan,261,5,0,7
505321,9/29/21,8/16/26,Morgan,1782,1642,2,7
505322,8/4/21,8/7/26,Morgan,1829,1642,0,8
505323,2/7/22,10/10/26,Morgan,1706,122,7,12
505324,6/30/22,1/4/26,Morgan,1284,1046,0,6
505326,1/15/24,9/3/24,Morgan,232,18,0,7
505327,12/24/22,5/17/26,Morgan,1240,609,6,18
505328,6/9/21,11/4/23,Morgan,878,440,4,18
505329,9/19/22,3/26/26,Morgan,1284,959,12,18
505330,9/19/21,1/23/27,Morgan,1952,1642,3,6
505331,12/10/22,10/18/26,Morgan,1408,1084,2,17
505332,10/5/25,10/2/26,Morgan,362,82,0,12
505333,8/2/22,8/27/26,Morgan,1486,260,3,5
505335,1/17/25,7/26/26,Morgan,555,329,0,13
505336,11/14/21,9/10/26,Morgan,1761,692,2,5
505338,5/13/21,9/14/26,Morgan,1950,408,2,8
505339,9/13/21,8/10/26,Morgan,1792,1157,6,11
505340,12/26/21,9/2/26,Morgan,1711,719,0,13
505344,7/30/21,9/23/26,Moultrie,1881,301,0,8
505345,8/10/21,6/26/25,Moultrie,1416,1129,0,11
505347,5/19/22,2/19/23,Moultrie,276,21,4,18
505348,7/21/21,8/30/26,Moultrie,1866,1642,0,12
505349,2/22/23,10/12/26,Moultrie,1328,972,0,18
505350,12/16/23,12/20/26,Moultrie,1100,515,0,18
505351,5/31/25,8/23/26,Moultrie,449,11,12,18
505352,9/13/21,8/2/25,Moultrie,1419,1133,2,12
505353,1/28/22,6/10/25,Moultrie,1229,996,6,18
505354,3/21/23,10/1/26,Moultrie,1290,448,0,13
505355,7/27/21,2/12/27,Moultrie,2026,1585,0,15
505356,5/15/22,3/22/26,Moultrie,1407,1140,6,12
505357,11/29/21,9/3/26,Moultrie,1739,1642,5,12
505358,7/8/22,12/29/26,Moultrie,1635,758,16,18
505359,12/13/21,1/9/26,Moultrie,1488,117,0,15
505360,5/13/21,8/31/26,Moultrie,1936,1448,8,10
505362,9/3/21,12/4/26,Moultrie,1918,1135,0,5
505364,3/20/23,11/3/24,Moultrie,594,235,0,10
505365,8/17/24,3/23/25,Moultrie,218,10,5,18
505366,2/7/23,10/12/25,Moultrie,978,194,12,18
505367,9/2/21,7/4/26,Moultrie,1766,635,10,15
505368,11/18/21,3/27/26,Moultrie,1590,280,0,7
505369,6/2/22,3/1/26,Moultrie,1368,1165,12,14
505370,2/6/23,11/24/26,Moultrie,1387,1107,0,3
505372,6/7/22,1/28/27,Moultrie,1696,361,3,5
505374,1/16/24,5/17/24,Moultrie,122,56,6,8
505375,11/1/21,7/7/26,Moultrie,1709,111,2,17
505376,3/9/24,7/12/25,Moultrie,490,137,0,18
505377,8/23/22,10/13/26,Moultrie,1512,44,2,8
505378,7/30/21,11/13/23,Moultrie,836,601,0,7
505379,9/6/21,2/20/27,Moultrie,1993,945,2,10
505380,9/13/21,8/5/26,Moultrie,1787,1434,0,8
505381,4/14/22,7/25/25,Moultrie,1198,90,0,8
505382,10/16/21,12/7/26,Moultrie,1878,1137,2,18
505383,7/26/22,10/2/26,Moultrie,1529,306,7,12
505384,12/19/21,1/6/27,Moultrie,1844,693,0,12
505385,9/23/21,10/27/22,Moultrie,399,133,5,7
505386,2/11/23,10/20/26,Moultrie,1347,80,3,12
505387,11/28/21,12/16/26,Moultrie,1844,610,0,8
505388,6/10/21,1/16/27,Ogle,2046,1014,5,18
505389,12/17/21,6/10/22,Ogle,175,23,6,17
505390,12/28/22,7/24/23,Ogle,208,82,2,8
505391,6/17/22,1/28/24,Ogle,590,91,2,12
505392,10/21/21,5/3/26,Ogle,1655,437,6,18
505393,11/4/21,7/25/23,Ogle,628,386,16,18
505394,5/30/24,10/31/26,Ogle,884,328,0,4
505395,6/21/21,8/17/26,Ogle,1883,1542,0,3
505397,9/18/21,1/26/27,Ogle,1956,1185,5,10
505398,12/18/22,11/14/23,Ogle,331,3,2,10
505399,12/9/21,1/9/26,Ogle,1492,950,7,13
505400,2/13/25,4/4/26,Ogle,415,60,0,4
505401,1/13/25,4/9/26,Ogle,451,45,0,14
505402,7/17/21,7/24/25,Ogle,1468,207,0,7
505403,9/30/21,9/16/23,Ogle,716,459,0,11
505404,10/21/21,7/23/26,Ogle,1736,1591,0,8
505405,2/11/24,11/16/26,Ogle,1009,857,6,10
505406,7/12/21,8/24/24,Ogle,1139,874,0,4
505407,11/28/21,8/16/26,Ogle,1722,559,0,6
505408,1/12/22,6/15/25,Ogle,1250,511,2,18
505409,6/10/22,7/31/26,Ogle,1512,1182,0,15
505410,7/17/25,10/19/26,Ogle,459,117,0,3
505411,10/4/21,5/20/24,Ogle,959,152,0,7
505412,1/17/22,8/26/22,Ogle,221,32,0,6
505413,12/29/23,3/9/24,Ogle,71,25,12,18
505414,12/28/23,7/28/26,Ogle,943,686,0,6
505415,12/4/21,9/5/26,Ogle,1736,1055,2,5
505416,5/6/24,7/30/26,Ogle,815,725,0,7
505417,8/5/21,5/27/25,Ogle,1391,1087,0,3
505418,8/4/21,11/28/26,Ogle,1942,1199,0,13
505419,12/2/21,11/19/26,Ogle,1813,1625,5,18
505420,12/23/24,9/14/25,Ogle,265,33,0,5
505421,1/2/22,7/2/26,Ogle,1642,838,2,10
505422,11/26/21,12/22/26,Ogle,1852,1417,3,12
505423,2/4/22,2/3/25,Ogle,1095,502,0,5
505424,5/25/21,9/29/26,Ogle,1953,661,5,12
505425,3/24/25,4/14/26,Ogle,386,56,2,5
505426,3/15/23,4/7/24,Ogle,389,144,0,3
505427,9/11/21,4/28/24,Ogle,960,97,2,18
505428,10/4/21,11/15/26,Ogle,1868,918,0,10
505429,7/18/21,9/3/26,Ogle,1873,621,5,10
505430,11/24/24,9/20/25,Ogle,300,20,0,2
505431,8/7/21,1/1/27,Ogle,1973,1518,0,14
505433,10/30/25,12/27/26,Ogle,423,141,2,9
505434,12/4/21,6/13/26,Ogle,1652,312,0,6
505435,5/26/22,5/27/23,Ogle,366,23,0,4
505436,8/11/21,1/26/27,Ogle,1994,1642,0,7
505437,10/3/21,1/12/26,Ogle,1562,706,0,18
505438,6/8/21,2/5/27,Ogle,2068,1627,0,5
505439,9/25/21,11/12/26,Ogle,1874,581,0,10
505440,2/19/22,7/13/26,Ogle,1605,1452,2,18
505441,10/4/21,7/28/25,Peoria,1393,418,0,5
505442,12/15/23,6/5/25,Peoria,538,455,0,18
505443,6/25/21,8/3/24,Peoria,1135,691,0,5
505446,4/16/25,8/8/26,Peoria,479,81,6,18
505447,8/15/22,3/14/26,Peoria,1307,592,0,18
505449,5/10/21,12/3/26,Peoria,2033,1642,0,18
505450,6/4/21,1/16/26,Peoria,1687,542,0,5
505451,8/19/24,10/8/26,Peoria,780,616,2,10
505452,5/10/24,9/21/26,Peoria,864,623,0,12
505453,12/19/21,12/24/26,Peoria,1831,1153,0,4
505454,9/8/21,9/17/26,Peoria,1835,774,0,5
505455,4/1/24,2/23/27,Peoria,1058,598,1,18
505456,8/29/21,8/27/26,Peoria,1824,1597,0,10
505458,11/22/21,8/20/26,Peoria,1732,1642,0,6
505459,11/29/24,3/16/25,Peoria,107,52,2,18
505460,8/28/21,2/8/27,Peoria,1990,1036,0,9
505461,2/16/22,11/12/26,Peoria,1730,1568,6,8
505463,12/12/21,9/18/26,Peoria,1741,575,0,12
505464,7/19/24,2/14/27,Peoria,940,622,0,18
505465,1/13/23,11/13/25,Peoria,1035,8,2,18
505466,9/23/22,9/11/25,Peoria,1084,864,0,10
505467,7/30/21,5/7/26,Peoria,1742,640,2,7
505470,8/17/21,4/18/23,Peoria,609,429,0,17
505471,10/1/21,12/10/23,Peoria,800,473,6,18
505472,6/2/22,8/26/26,Peoria,1546,199,2,5
505473,4/28/22,11/7/26,Peoria,1654,283,2,14
505474,1/24/22,1/19/27,Peoria,1821,1522,0,3
505475,11/24/21,7/6/22,Peoria,224,14,0,18
505477,7/17/21,10/8/26,Peoria,1909,1456,10,12
505478,12/8/21,12/28/26,Peoria,1846,908,0,14
505479,11/8/21,8/28/26,Peoria,1754,1049,0,18
505480,10/26/21,7/2/26,Peoria,1710,1642,1,18
505481,5/25/22,4/15/25,Peoria,1056,283,2,17
505482,12/4/21,9/14/26,Peoria,1745,1642,0,18
505483,8/3/25,9/30/26,Peoria,423,83,2,16
505486,7/29/22,4/19/26,Peoria,1360,999,2,6
505487,9/2/21,12/7/22,Peoria,461,238,0,6
505488,5/16/21,7/23/25,Peoria,1529,774,12,14
505489,6/17/21,1/28/27,Peoria,2051,1568,0,18
505490,10/30/22,4/2/25,Peoria,885,848,0,5
505492,6/5/22,9/26/24,Peoria,844,542,0,5
505493,8/12/23,6/20/26,Peoria,1043,147,8,11
505495,10/7/21,8/21/26,Peoria,1779,1348,0,2
505496,7/14/21,4/4/25,Peoria,1360,722,2,18
505497,6/16/22,6/11/26,Peoria,1456,997,2,18
505498,1/6/23,6/23/23,Peoria,168,27,0,18
505499,12/1/21,7/10/26,Peoria,1682,931,4,9
505500,1/22/25,3/14/26,Peoria,416,2,0,5
505502,7/14/21,4/13/24,Peoria,1004,312,0,2
505503,12/27/21,8/3/26,Peoria,1680,1044,2,5
505504,9/18/21,8/16/26,Peoria,1793,887,0,15
505505,7/25/22,12/29/23,Peoria,522,143,0,2
505506,11/26/21,9/29/23,Peoria,672,309,3,15
505507,7/23/23,1/19/27,Peoria,1276,803,0,6
505510,1/9/22,11/8/25,Peoria,1399,1251,5,11
505511,6/29/24,3/9/26,Peoria,618,68,0,3
505512,6/10/21,1/21/26,Peoria,1686,887,0,8
505513,8/8/22,12/22/25,Peoria,1232,624,3,10
505516,9/22/22,1/11/26,Perry,1207,44,0,10
505517,12/20/23,10/15/24,Perry,300,15,0,2
505518,10/9/24,7/13/25,Perry,277,50,1,17
505519,6/5/21,9/6/26,Perry,1919,1642,0,13
505520,11/16/21,2/24/26,Perry,1561,1488,0,11
505521,12/3/22,9/11/26,Perry,1378,1156,0,5
505522,7/31/22,2/6/25,Perry,921,562,5,9
505523,1/22/26,8/8/26,Perry,198,23,0,10
505524,7/11/21,8/27/26,Perry,1873,1288,3,6
505525,8/30/24,3/24/26,Perry,571,46,2,18
505526,9/30/21,2/9/27,Perry,1958,1007,10,18
505527,3/6/24,7/28/26,Perry,874,19,4,18
505528,7/27/21,9/11/26,Perry,1872,1111,17,18
505529,5/25/24,9/22/26,Perry,850,618,3,10
505530,9/22/24,1/28/25,Perry,128,1,6,12
505531,12/1/21,8/28/24,Perry,1001,584,4,15
505532,7/29/21,7/25/26,Perry,1822,1595,2,15
505533,7/28/21,8/25/26,Perry,1854,1378,0,4
505535,10/13/23,9/11/24,Perry,334,32,0,5
505536,11/6/21,1/23/27,Perry,1904,1311,0,6
505537,6/15/21,9/21/26,Perry,1924,1227,3,10
505538,5/16/21,12/22/25,Perry,1681,1297,16,18
505539,8/23/21,4/28/26,Perry,1709,268,0,6
505540,5/15/22,2/26/23,Perry,287,49,0,14
505541,10/19/21,9/11/26,Perry,1788,500,6,10
505544,8/1/21,12/17/24,Perry,1234,681,0,10
505546,3/4/23,6/7/26,Perry,1191,635,2,5
505547,10/6/21,10/13/25,Perry,1468,763,6,15
505549,8/11/21,2/19/27,Perry,2018,1437,0,10
505550,11/18/21,1/1/27,Perry,1870,1642,6,9
505553,11/11/21,2/14/25,Piatt,1191,1047,0,9
505554,1/26/23,1/8/24,Piatt,347,6,0,15
505555,10/23/21,3/28/26,Piatt,1617,26,0,13
505557,11/24/21,7/17/26,Piatt,1696,1217,0,6
505558,4/7/22,12/15/26,Piatt,1713,914,0,5
505559,11/9/21,10/30/24,Piatt,1086,492,0,18
505560,6/11/21,8/4/26,Piatt,1880,1430,6,18
505561,7/19/21,8/4/25,Piatt,1477,181,2,18
505562,11/27/21,3/16/26,Piatt,1570,457,0,10
505563,12/22/21,5/23/26,Piatt,1613,1317,0,18
505564,7/23/21,1/21/27,Piatt,2008,466,0,18
505565,10/21/24,10/21/26,Piatt,730,352,2,8
505567,3/30/22,11/30/26,Piatt,1706,977,2,5
505568,7/7/25,12/31/26,Piatt,542,144,3,12
505570,10/26/21,8/22/26,Piatt,1761,1367,7,10
505571,7/9/22,4/26/24,Piatt,657,33,5,17
505572,10/13/21,6/2/22,Piatt,232,8,9,18
505573,6/8/21,10/7/26,Piatt,1947,1642,2,18
505575,6/15/23,3/29/24,Piatt,288,148,0,12
505576,5/27/22,7/3/23,Piatt,402,131,0,8
505577,6/7/21,7/30/25,Piatt,1514,1229,0,18
505578,1/8/22,10/10/22,Piatt,275,32,8,14
505579,6/30/24,12/5/26,Piatt,888,569,6,10
505580,6/11/23,12/7/26,Piatt,1275,37,3,18
505583,11/18/21,9/8/26,Piatt,1755,769,11,18
505584,10/20/21,5/20/26,Piatt,1673,946,0,18
505586,12/30/21,8/2/26,Piatt,1676,144,2,10
505587,12/28/23,10/10/26,Piatt,1017,120,8,18
505588,5/11/22,11/20/26,Piatt,1654,975,0,12
505589,9/30/25,11/1/26,Piatt,397,73,6,12
505591,12/29/21,7/6/26,Piatt,1650,1637,0,11
505592,10/18/23,8/5/24,Piatt,292,60,2,4
505593,5/4/23,11/13/26,Piatt,1289,1007,2,18
505594,7/15/21,11/30/23,Piatt,868,348,0,5
505595,11/6/21,7/31/26,Piatt,1728,1383,2,9
505596,11/17/21,7/19/23,Piatt,609,490,12,18
505597,10/30/23,5/15/26,Piatt,928,62,0,10
505598,9/27/21,4/5/26,Piatt,1651,346,0,2
505599,2/18/22,10/12/26,Piatt,1697,149,5,12
505600,2/4/22,1/27/27,Piatt,1818,197,6,11
505601,12/8/21,9/5/25,Piatt,1367,100,10,12
505602,6/17/24,10/13/25,Piatt,483,121,0,18
505604,7/5/21,11/17/26,Piatt,1961,1166,0,4
505605,11/6/21,11/10/24,Piatt,1100,882,5,10
505606,8/23/24,4/10/25,Piatt,230,28,6,8
505607,6/25/21,9/20/26,Pike,1913,1618,0,5
505608,10/28/21,8/27/26,Pike,1764,645,10,18
505609,4/8/26,1/6/27,Pike,273,5,0,14
505610,5/1/24,11/26/26,Pike,939,632,0,18
505611,10/13/21,10/13/26,Pike,1826,1642,0,10
505613,11/19/23,7/28/26,Pike,982,737,5,18
505615,6/19/21,7/18/26,Pike,1855,1101,0,6
505616,12/10/21,8/3/26,Pike,1697,931,0,7
505617,6/8/21,12/30/26,Pike,2031,1642,0,18
505618,11/22/22,5/19/26,Pike,1274,68,17,18
505619,7/9/22,1/18/27,Pike,1654,1177,0,18
505620,8/19/21,9/13/25,Pike,1486,554,0,4
505621,10/28/21,1/29/27,Pike,1919,1027,3,12
505622,1/24/22,11/20/26,Pike,1761,811,0,11
505623,1/8/23,12/19/25,Pike,1076,925,6,18
505624,8/25/21,10/29/26,Pike,1891,1585,3,7
505625,9/17/21,10/16/26,Pike,1855,1294,0,6
505626,11/11/23,4/25/26,Pike,896,707,5,12
505627,9/27/22,9/21/26,Pike,1455,801,0,18
505629,6/5/21,11/12/26,Pike,1986,451,0,4
505631,7/28/21,12/30/26,Pike,1981,1642,2,9
505632,1/16/23,7/15/26,Pike,1276,251,0,10
505634,3/3/22,12/11/26,Pike,1744,802,0,8
505635,9/27/21,2/21/24,Pike,877,566,6,17
505636,10/23/22,2/17/26,Pike,1213,928,6,12
505637,2/20/22,8/2/26,Pike,1624,1530,12,18
505638,12/18/21,10/5/22,Pike,291,47,2,5
505639,8/23/21,10/20/22,Pike,423,285,0,13
505640,3/30/22,8/21/26,Pike,1605,1265,6,18
505641,9/14/21,12/9/26,Pope,1912,1103,5,16
505642,12/31/21,4/26/26,Pope,1577,895,0,4
505643,11/21/21,7/27/26,Pope,1709,579,0,5
505644,4/9/24,10/29/26,Pope,933,654,10,15
505646,7/9/22,9/30/26,Pope,1544,935,12,18
505649,12/2/22,12/24/24,Pope,753,162,1,6
505650,2/16/22,2/25/26,Pope,1470,1069,5,14
505651,12/20/21,3/8/26,Pope,1539,1149,2,8
505652,8/20/21,9/9/26,Pope,1846,1213,0,18
505654,9/20/21,7/7/26,Pope,1751,1202,0,17
505655,10/11/21,4/1/24,Pope,903,768,0,5
505656,8/6/22,5/30/25,Pope,1028,543,2,18
505657,10/2/21,2/9/27,Pope,1956,1585,0,18
505659,8/8/21,5/21/26,Pope,1747,520,0,7
505660,11/16/21,7/23/26,Pope,1710,1461,3,7
505661,4/12/23,9/3/23,Pope,144,11,5,13
505662,6/14/21,10/3/26,Pope,1937,1319,6,12
505663,8/10/22,3/8/26,Pope,1306,106,0,7
505665,10/23/21,5/24/26,Pope,1674,784,6,10
505666,6/19/22,8/26/25,Pope,1164,146,0,12
505667,7/12/22,2/18/27,Pope,1682,990,0,18
505668,1/27/22,11/23/26,Pope,1761,1173,5,12
505669,12/1/21,2/23/26,Pope,1545,81,0,7
505670,5/23/22,8/14/26,Pope,1544,1270,5,14
505672,6/25/21,1/17/27,Pope,2032,1642,0,18
505673,8/10/25,3/27/26,Pope,229,12,2,15
505677,7/28/21,11/20/26,Pulaski,1941,670,2,18
505678,6/4/21,9/15/25,Pulaski,1564,1298,0,15
505679,9/24/21,8/6/26,Pulaski,1777,466,0,9
505680,6/13/21,4/8/25,Pulaski,1395,490,0,17
505681,3/6/22,7/27/26,Pulaski,1604,922,2,10
505682,7/4/24,9/26/26,Pulaski,814,588,7,12
505683,10/24/21,2/14/26,Pulaski,1574,1457,2,12
505684,4/6/23,9/2/26,Pulaski,1245,1059,6,12
505686,12/26/24,12/13/26,Pulaski,717,370,0,11
505687,9/16/22,7/8/26,Pulaski,1391,1030,16,18
505689,9/30/21,10/12/26,Pulaski,1838,648,2,12
505691,5/12/22,10/7/26,Pulaski,1609,546,0,18
505692,6/12/22,7/11/26,Pulaski,1490,437,0,5
505693,11/12/21,1/9/27,Pulaski,1884,1642,3,7
505694,12/24/21,2/18/24,Pulaski,786,715,1,5
505695,6/25/22,2/26/26,Pulaski,1342,39,0,18
505696,6/23/21,11/30/26,Pulaski,1986,1493,10,13
505697,11/13/21,1/5/27,Pulaski,1879,1268,0,14
505698,12/7/21,12/23/26,Pulaski,1842,240,2,6
505699,8/10/21,7/17/26,Pulaski,1802,1642,0,10
505700,6/10/21,8/27/24,Pulaski,1174,140,0,18
505701,12/25/21,3/11/26,Pulaski,1537,121,5,16
505702,8/30/22,8/3/26,Pulaski,1434,703,3,8
505703,9/15/22,6/11/23,Pulaski,269,10,0,6
505704,11/6/21,8/27/26,Pulaski,1755,634,10,18
505706,1/14/22,11/20/22,Pulaski,310,29,3,5
505708,4/16/22,9/29/25,Pulaski,1262,917,6,10
505710,12/13/21,9/28/26,Pulaski,1750,1328,6,18
505711,7/19/21,12/16/26,Pulaski,1976,1456,6,10
505712,3/14/22,8/25/26,Putnam,1625,578,8,12
505713,12/21/23,9/10/24,Putnam,264,30,5,8
505714,5/31/21,6/29/23,Putnam,759,400,0,18
505715,8/5/21,11/19/25,Putnam,1567,273,3,10
505717,11/6/21,6/8/25,Putnam,1310,534,1,18
505719,11/8/23,11/30/25,Putnam,753,213,10,18
505720,5/30/21,7/8/26,Putnam,1865,1642,0,11
505722,11/15/21,11/1/24,Putnam,1082,108,3,18
505724,1/17/22,11/13/26,Putnam,1761,581,6,12
505725,1/18/22,2/4/27,Putnam,1843,709,2,4
505726,8/25/21,9/9/26,Putnam,1841,977,2,8
505727,10/16/23,8/19/26,Putnam,1038,26,0,18
505728,8/14/21,10/7/26,Putnam,1880,580,2,9
505729,3/3/22,5/13/26,Putnam,1532,75,0,6
505730,3/13/22,9/30/22,Putnam,201,30,0,2
505731,9/26/21,10/8/26,Putnam,1838,1642,0,5
505732,12/23/23,7/24/26,Putnam,944,707,12,18
505733,6/20/22,2/1/27,Putnam,1687,1167,9,14
505734,10/4/22,9/9/26,Putnam,1436,550,2,16
505735,6/26/24,5/25/25,Putnam,333,19,0,18
505736,9/20/23,1/16/24,Putnam,118,44,0,8
505737,10/29/21,10/30/26,Putnam,1827,1524,13,17
505738,5/30/21,10/18/26,Putnam,1967,1290,0,3
505739,8/27/24,12/2/26,Putnam,827,456,0,8
505740,1/27/23,10/6/26,Putnam,1348,540,2,9
505741,11/22/21,7/20/26,Putnam,1701,1273,6,18
505742,1/1/22,9/15/26,Putnam,1718,1548,0,5
505743,9/26/21,12/10/25,Putnam,1536,587,0,14
505745,12/19/23,12/22/24,Putnam,369,8,8,18
505746,11/1/21,7/22/26,Randolph,1724,1051,0,13
505747,12/25/21,9/11/26,Randolph,1721,890,0,12
505748,12/28/21,8/4/26,Randolph,1680,1005,0,8
505749,10/11/21,9/22/26,Randolph,1807,291,3,15
505750,5/16/21,1/2/27,Randolph,2057,1412,3,5
505751,10/16/21,10/13/26,Randolph,1823,1072,6,11
505752,9/30/21,11/5/26,Randolph,1862,1642,5,12
505753,6/7/21,11/15/26,Randolph,1987,1060,0,18
505754,7/26/21,1/6/27,Randolph,1990,276,5,8
505756,7/15/25,2/6/26,Randolph,206,34,2,10
505757,7/1/22,7/6/26,Randolph,1466,148,6,18
505758,2/20/23,2/19/27,Randolph,1460,272,0,10
505759,10/16/21,11/18/26,Randolph,1859,843,0,10
505760,6/24/22,8/1/26,Randolph,1499,138,1,14
505761,4/30/24,7/30/26,Randolph,821,676,9,13
505762,2/27/22,10/19/26,Randolph,1695,430,2,5
505764,6/27/21,12/8/25,Randolph,1625,175,0,18
505765,5/5/22,7/11/23,Randolph,432,12,0,8
505766,9/17/21,12/4/22,Randolph,443,213,6,12
505767,5/12/21,9/17/26,Randolph,1954,1362,4,18
505768,6/1/21,12/4/26,Randolph,2012,1295,2,10
505769,6/21/21,1/8/27,Randolph,2027,1534,0,9
505770,6/27/21,7/18/26,Randolph,1847,1230,6,18
505771,1/23/22,9/12/26,Randolph,1693,674,0,18
505772,10/23/21,8/14/26,Randolph,1756,1576,0,6
505773,12/27/21,9/4/24,Randolph,982,913,5,15
505774,9/21/21,12/24/26,Randolph,1920,1245,0,3
505776,7/3/22,8/11/26,Randolph,1500,1049,6,13
505777,2/26/23,1/1/25,Randolph,675,84,4,9
505778,5/31/22,9/24/25,Randolph,1212,148,8,18
505779,4/15/23,8/2/26,Randolph,1205,1036,0,2
505780,11/21/21,5/4/23,Randolph,529,411,0,3
505782,7/10/21,9/14/26,Randolph,1892,849,7,13
505783,1/16/22,11/1/22,Richland,289,3,2,16
505784,5/12/21,1/30/27,Richland,2089,680,0,18
505785,8/5/21,11/4/26,Richland,1917,317,0,10
505788,2/14/25,12/11/25,Richland,300,9,0,8
505790,6/27/21,11/30/25,Richland,1617,57,6,12
505791,7/31/22,1/6/27,Richland,1620,420,0,4
505792,5/24/21,1/30/27,Richland,2077,1629,0,4
505793,10/2/21,9/4/26,Richland,1798,1254,0,4
505794,1/1/22,9/29/26,Richland,1732,1286,0,15
505795,11/11/21,11/2/26,Richland,1817,1145,2,7
505797,6/28/21,9/10/25,Richland,1535,227,0,18
505802,10/13/21,2/7/27,Richland,1943,1177,0,18
505803,1/1/22,1/8/27,Richland,1833,1493,0,18
505804,8/11/25,7/21/26,Richland,344,114,0,13
505806,2/6/22,10/14/25,Richland,1346,843,0,18
505807,9/9/21,3/12/22,Richland,184,26,0,12
505809,7/29/21,9/2/26,Richland,1861,1083,0,12
505810,10/10/22,5/15/25,Richland,948,97,7,18
505811,7/27/21,1/6/27,Richland,1989,310,0,18
505812,9/1/23,12/18/26,Richland,1204,871,2,8
505813,5/7/22,7/19/26,Richland,1534,1253,7,17
505814,12/31/21,7/17/26,Richland,1659,1478,0,4
505815,1/1/23,12/19/25,Richland,1083,295,6,11
505818,6/26/21,7/9/26,Richland,1839,1642,7,11
505819,3/18/23,3/8/24,Richland,356,6,6,12
505820,9/15/21,11/28/25,Richland,1535,1105,6,16
505822,4/19/24,10/17/24,Richland,181,31,2,10
505823,12/7/21,1/14/24,Richland,768,679,0,5
505824,8/21/21,7/4/26,Richland,1778,1564,0,10
505827,7/5/23,12/23/26,Richland,1267,895,0,10
505828,8/29/21,7/26/26,Richland,1792,1126,0,8
505829,10/2/21,2/26/24,Richland,877,176,9,13
505830,9/15/21,8/2/26,Rock Island,1782,1159,13,15
505831,5/10/21,1/12/27,Rock Island,2073,1642,3,18
505833,10/30/21,7/3/26,Rock Island,1707,652,13,15
505834,4/29/24,10/18/25,Rock Island,537,59,0,7
505835,6/25/21,7/28/26,Rock Island,1859,1511,6,8
505836,1/14/22,1/28/27,Rock Island,1840,1585,0,10
505837,8/22/22,6/6/26,Rock Island,1384,1182,0,5
505838,10/18/21,11/23/26,Rock Island,1862,1399,4,12
505839,6/10/22,12/16/25,Rock Island,1285,694,0,6
505840,9/22/21,8/31/26,Rock Island,1804,856,6,12
505841,5/10/21,10/13/26,Rock Island,1982,1098,10,18
505842,1/1/22,12/17/22,Rock Island,350,15,0,2
505843,12/3/21,11/4/23,Rock Island,701,324,0,8
505844,6/6/22,10/8/23,Rock Island,489,332,0,18
505845,11/25/22,11/13/26,Rock Island,1449,687,6,12
505846,10/7/21,7/9/26,Rock Island,1736,1070,5,12
505848,11/10/21,12/17/26,Rock Island,1863,495,6,18
505849,11/28/21,10/29/26,Rock Island,1796,1600,0,10
505851,9/23/21,7/10/25,Rock Island,1386,515,0,17
505852,10/7/21,8/2/22,Rock Island,299,30,11,15
505853,1/27/22,9/14/26,Rock Island,1691,656,0,10
505854,8/3/22,10/2/23,Rock Island,425,234,0,4
505855,7/28/22,9/2/26,Rock Island,1497,521,0,7
505856,9/11/25,9/11/26,Rock Island,365,4,6,18
505857,11/17/21,2/12/27,Rock Island,1913,992,0,7
505858,3/1/22,7/5/25,Rock Island,1222,605,0,3
505859,1/13/25,10/31/25,Rock Island,291,26,0,16
505860,9/21/23,5/14/26,Rock Island,966,73,7,12
505861,7/23/22,11/15/26,Rock Island,1576,1021,6,14
505862,6/8/21,10/28/26,Rock Island,1968,1414,11,17
505864,12/3/22,11/6/26,Rock Island,1434,1126,0,3
505865,5/8/26,11/8/26,Rock Island,184,33,0,18
505866,8/9/24,11/9/26,Rock Island,822,637,1,12
505867,7/2/22,11/6/25,Rock Island,1223,1009,12,14
505869,6/2/23,3/16/25,Rock Island,653,92,4,13
505870,6/1/23,7/8/26,Rock Island,1133,128,8,15
505871,9/18/22,5/7/23,Rock Island,231,35,16,18
505872,3/16/22,9/28/26,Rock Island,1657,1204,12,15
505873,12/24/21,11/23/26,Rock Island,1795,1203,2,13
505874,9/1/21,10/29/26,Rock Island,1884,1416,6,12
505875,6/21/21,9/2/25,Rock Island,1534,719,0,10
505876,2/7/22,5/3/25,Rock Island,1181,190,8,18
505877,11/9/21,3/19/23,Rock Island,495,389,0,11
505878,2/17/22,7/22/25,Rock Island,1251,647,0,10
505879,5/25/21,1/30/27,Rock Island,2076,1642,6,16
505880,5/2/22,7/5/22,Rock Island,64,10,11,18
505881,8/1/22,8/21/26,Rock Island,1481,70,10,18
505882,5/5/22,3/10/25,Rock Island,1040,143,6,18
505883,9/4/21,5/10/25,Rock Island,1344,87,6,12
505884,9/4/21,12/11/26,Rock Island,1924,1642,0,18
505885,12/23/21,11/21/26,Rock Island,1794,860,0,7
505886,12/3/21,11/10/24,Rock Island,1073,930,0,2
505887,4/16/22,6/15/26,Rock Island,1521,194,0,4
505888,10/5/21,8/5/26,Rock Island,1765,564,0,6
505889,10/14/21,11/19/26,Rock Island,1862,352,6,16
505891,2/10/22,10/2/26,Rock Island,1695,804,4,15
505892,7/14/21,2/28/26,Rock Island,1690,910,8,15
505893,8/1/21,7/1/25,Rock Island,1430,659,2,18
505895,9/7/21,10/11/26,Rock Island,1860,1642,0,18
505896,6/9/24,6/16/25,Rock Island,372,68,0,12
505897,8/23/22,5/18/25,Rock Island,999,249,0,3
505898,12/10/22,8/11/26,Rock Island,1340,948,6,18
505899,8/7/21,12/24/25,Rock Island,1600,1291,0,12
505900,2/26/23,1/26/27,Rock Island,1430,306,0,2
505901,12/6/21,6/5/26,Rock Island,1642,1407,0,4
505902,8/17/21,9/12/26,Rock Island,1852,1590,0,4
505903,5/29/21,11/1/26,Rock Island,1982,31,0,6
505904,6/7/24,11/3/26,Rock Island,879,390,2,18
505905,12/22/21,8/10/26,Rock Island,1692,108,4,6
505906,2/17/22,1/1/27,Rock Island,1779,1081,6,18
505907,10/24/21,11/29/26,Rock Island,1862,1034,17,18
505908,1/8/23,1/23/26,Rock Island,1111,99,0,8
505911,9/30/22,10/30/26,Rock Island,1491,659,0,2
505912,6/22/21,8/12/26,Rock Island,1877,437,6,18
505913,7/13/21,9/25/26,Rock Island,1900,1052,0,5
505914,7/17/22,12/22/22,Rock Island,158,29,0,14
505915,6/6/21,8/15/26,Rock Island,1896,1642,2,4
505916,12/21/21,1/8/27,Rock Island,1844,865,4,10
505917,10/23/21,8/22/26,Rock Island,1764,730,0,5
505918,4/29/22,8/3/26,Rock Island,1557,1125,2,10
505919,4/8/24,8/30/26,Rock Island,874,43,2,18
505920,2/18/22,8/11/26,Rock Island,1635,1581,0,10
505923,11/7/21,11/28/25,Rock Island,1482,670,0,18
505924,12/7/21,11/26/25,Saline,1450,285,11,18
505925,2/11/22,3/19/24,Saline,767,106,0,12
505926,9/28/21,12/30/26,Saline,1919,499,0,5
505927,3/30/23,5/1/26,Saline,1128,177,0,6
505929,6/6/21,9/19/26,Saline,1931,1452,0,5
505930,11/1/21,3/8/26,Saline,1588,391,0,8
505931,9/6/21,1/28/26,Saline,1605,608,0,5
505932,7/31/24,4/11/25,Saline,254,9,0,7
505933,6/15/21,10/21/26,Saline,1954,1232,8,17
505934,9/27/24,1/27/25,Saline,122,8,2,9
505935,3/3/22,8/22/24,Saline,903,696,0,4
505937,7/31/22,9/1/26,Saline,1493,1368,2,10
505938,7/24/21,2/21/26,Saline,1673,1102,0,18
505939,6/27/21,12/8/25,Saline,1625,1232,6,18
505940,6/6/23,8/14/26,Saline,1165,334,0,10
505941,10/4/21,10/30/26,Saline,1852,1034,3,18
505942,9/16/21,2/22/27,Saline,1985,1292,4,6
505943,4/12/23,12/18/26,Saline,1346,999,7,12
505944,5/28/21,10/30/26,Saline,1981,1634,0,18
505945,8/16/21,12/16/26,Saline,1948,1636,8,13
505946,9/26/21,11/20/26,Saline,1881,1642,0,18
505947,12/31/21,12/31/26,Saline,1826,1282,6,18
505948,7/20/21,2/7/27,Saline,2028,889,0,14
505949,9/22/21,1/9/27,Sangamon,1935,598,2,12
505951,1/28/23,1/3/25,Sangamon,706,55,6,9
505952,2/10/23,10/5/26,Sangamon,1333,112,0,6
505953,9/18/21,10/29/26,Sangamon,1867,275,0,5
505954,7/1/21,5/14/24,Sangamon,1048,698,0,13
505956,8/23/22,7/3/26,Sangamon,1410,1115,0,18
505957,11/9/23,9/5/26,Sangamon,1031,537,2,10
505958,6/10/22,4/8/23,Sangamon,302,7,4,18
505959,6/29/23,2/26/26,Sangamon,973,191,0,15
505960,2/23/22,3/23/26,Sangamon,1489,1300,0,11
505961,10/17/21,4/6/25,Sangamon,1267,574,0,12
505962,11/18/21,10/7/24,Sangamon,1054,417,5,18
505963,5/9/23,6/24/26,Sangamon,1142,951,0,8
505965,11/24/21,12/22/25,Sangamon,1489,252,2,12
505966,7/1/21,8/5/26,Sangamon,1861,1642,2,18
505967,2/6/22,12/11/26,Sangamon,1769,1438,0,18
505968,10/31/22,7/28/26,Sangamon,1366,606,2,5
505969,5/16/22,7/6/26,Sangamon,1512,350,8,18
505970,6/30/21,1/29/26,Sangamon,1674,826,0,18
505971,8/11/23,1/30/27,Sangamon,1268,1034,10,18
505972,11/19/21,2/18/27,Sangamon,1917,789,0,10
505973,8/29/21,8/5/26,Sangamon,1802,1642,0,18
505975,7/1/21,7/28/26,Sangamon,1853,1481,0,13
505976,8/1/21,6/4/24,Sangamon,1038,28,0,18
505978,12/1/22,2/14/24,Sangamon,440,12,14,18
505981,10/13/21,6/26/25,Sangamon,1352,674,0,7
505983,10/24/21,1/21/27,Sangamon,1915,1422,0,11
505984,1/8/23,2/13/27,Sangamon,1497,39,10,12
505987,7/19/22,2/27/25,Sangamon,954,857,6,12
505988,7/20/21,12/8/26,Sangamon,1967,1642,0,6
505990,12/2/23,11/14/26,Sangamon,1078,259,5,18
505991,10/16/21,12/25/26,Sangamon,1896,1642,0,12
505993,2/19/22,1/20/27,Sangamon,1796,961,0,14
505995,11/28/21,11/18/23,Sangamon,720,69,5,10
505996,1/16/23,8/11/26,Sangamon,1303,577,0,6
505997,7/18/21,2/19/27,Sangamon,2042,1200,17,18
505998,4/12/24,8/13/25,Sangamon,488,82,0,10
505999,9/24/21,2/3/25,Sangamon,1228,179,0,6
506002,8/11/22,8/14/25,Sangamon,1099,206,0,5
506003,9/3/23,12/8/24,Sangamon,462,59,10,12
506004,3/3/22,1/25/26,Sangamon,1424,705,0,18
506005,7/6/22,1/11/27,Sangamon,1650,1025,0,10
506007,9/8/24,2/4/25,Sangamon,149,42,0,6
506008,9/3/21,5/9/26,Sangamon,1709,1109,0,16
506009,8/7/21,8/11/26,Sangamon,1830,1233,0,4
506010,8/3/21,12/23/25,Sangamon,1603,1385,0,17
506011,1/6/24,12/23/24,Sangamon,352,54,0,12
506012,9/2/21,2/6/27,Sangamon,1983,1333,0,14
506013,6/11/22,3/17/23,Sangamon,279,98,0,11
506014,8/25/21,8/19/26,Sangamon,1820,1204,6,10
506015,6/4/21,5/1/26,Sangamon,1792,1476,0,13
506016,10/30/21,7/7/22,Sangamon,250,126,0,18
506019,2/17/22,1/6/23,Sangamon,323,120,6,12
506020,8/9/24,4/5/25,Sangamon,239,6,0,9
506021,9/11/23,5/16/26,Sangamon,978,686,0,18
506022,7/1/23,12/8/26,Schuyler,1256,126,0,5
506023,7/17/21,6/11/25,Schuyler,1425,368,2,13
506024,10/12/21,2/4/24,Schuyler,845,700,1,6
506026,12/22/21,9/10/26,Schuyler,1723,1485,2,16
506027,11/6/21,7/22/26,Schuyler,1719,1526,0,12
506028,10/21/21,5/31/25,Schuyler,1318,972,0,9
506029,7/11/22,8/16/26,Schuyler,1497,158,13,18
506030,5/6/23,1/17/27,Schuyler,1352,1045,8,10
506031,7/2/22,12/3/25,Schuyler,1250,1030,0,8
506032,9/8/21,8/27/26,Schuyler,1814,1433,6,18
506033,6/23/22,6/30/24,Schuyler,738,142,0,10
506034,9/3/22,2/13/25,Schuyler,894,759,2,17
506035,12/30/23,10/17/24,Schuyler,292,129,2,12
506039,1/27/22,10/29/26,Schuyler,1736,959,6,8
506042,2/22/23,1/2/26,Schuyler,1045,86,0,18
506043,12/25/21,12/29/26,Schuyler,1830,1425,0,16
506044,10/7/21,9/13/25,Schuyler,1437,322,0,6
506045,12/13/21,2/17/27,Schuyler,1892,1264,2,12
506046,10/26/21,1/1/27,Schuyler,1893,1149,0,10
506047,7/4/21,11/6/26,Schuyler,1951,1402,3,6
506049,6/24/24,4/5/25,Schuyler,285,34,5,8
506050,7/3/24,5/20/25,Schuyler,321,20,0,15
506051,6/24/21,3/26/26,Schuyler,1736,1379,2,12
506053,7/30/22,9/21/26,Schuyler,1514,609,0,5
506055,11/28/21,7/11/24,Schuyler,956,682,2,18
506056,9/19/25,4/12/26,Schuyler,205,17,0,18
506059,5/15/21,3/21/23,Scott,675,369,0,18
506060,3/3/23,2/15/27,Scott,1445,956,8,18
506061,10/15/23,5/31/24,Scott,229,25,0,12
506063,7/16/21,12/22/24,Scott,1255,111,0,16
506064,6/25/21,1/15/27,Scott,2030,758,0,10
506065,12/15/24,12/21/26,Scott,736,507,11,13
506066,9/5/21,11/13/26,Scott,1895,1090,0,12
506067,1/9/26,9/4/26,Scott,238,8,0,18
506068,11/24/22,8/2/26,Scott,1347,50,6,18
506069,8/18/21,12/16/26,Scott,1946,938,0,18
506070,6/28/23,9/2/23,Scott,66,32,0,4
506071,12/29/21,7/30/26,Scott,1674,544,0,7
506072,9/28/21,7/12/26,Scott,1748,1642,0,3
506073,8/12/21,10/31/26,Scott,1906,918,0,8
506075,9/18/24,10/1/25,Scott,378,38,0,18
506078,5/16/21,12/10/26,Scott,2034,1504,0,7
506079,10/15/21,2/11/25,Scott,1215,1121,0,8
506082,4/18/23,5/14/24,Scott,392,134,3,15
506084,10/6/21,5/18/25,Scott,1320,306,0,2
506086,10/3/22,8/16/24,Scott,683,70,0,18
506087,7/15/21,8/2/26,Scott,1844,1546,0,3
506088,6/5/22,11/14/26,Scott,1623,1114,2,5
506089,11/29/21,10/24/26,Scott,1790,1599,0,10
506090,11/13/21,11/1/26,Scott,1814,1642,2,7
506091,7/16/21,8/13/22,Scott,393,102,1,15
506092,1/27/22,7/14/26,Scott,1629,721,0,12
506093,1/2/23,1/28/27,Scott,1487,513,0,5
506094,8/15/22,8/4/26,Scott,1450,475,0,18
506097,5/21/25,8/1/26,Scott,437,164,0,18
506099,8/25/21,3/20/24,Scott,938,617,14,18
506100,11/25/21,5/9/23,Scott,530,375,6,10
506101,7/26/21,2/3/24,Scott,922,593,0,18
506103,7/5/21,9/14/26,Scott,1897,1517,4,10
506104,10/19/21,6/13/26,Scott,1698,283,9,18
506105,8/28/21,9/28/23,Scott,761,530,14,18
506106,8/17/21,3/11/25,Shelby,1302,559,2,15
506107,8/27/21,6/10/25,Shelby,1383,338,0,3
506108,5/12/23,1/5/27,Shelby,1334,1001,0,5
506109,12/3/21,1/1/27,Shelby,1855,1418,2,13
506110,8/20/21,3/25/25,Shelby,1313,725,0,16
506112,4/13/26,9/1/26,Shelby,141,24,0,4
506113,6/11/21,12/3/26,Shelby,2001,1237,0,12
506114,10/19/21,1/23/26,Shelby,1557,1412,11,18
506115,10/17/21,2/8/27,Shelby,1940,1157,6,15
506116,6/3/21,2/7/27,Shelby,2075,407,12,14
506117,5/9/21,12/24/26,Shelby,2055,1027,4,15
506118,10/4/22,11/12/25,Shelby,1135,921,0,11
506119,11/24/22,12/12/26,Shelby,1479,333,6,18
506120,5/10/21,11/22/25,Shelby,1657,652,17,18
506121,4/6/22,1/11/27,Shelby,1741,1274,0,2
506122,8/26/21,7/31/26,Shelby,1800,951,2,12
506124,5/8/23,12/1/26,Shelby,1303,234,0,16
506125,12/26/21,12/16/26,Shelby,1816,45,0,11
506126,7/23/21,12/6/23,Shelby,866,672,6,13
506127,9/30/21,1/19/27,Shelby,1937,1642,10,16
506128,10/14/21,2/11/27,Shelby,1946,1461,4,10
506129,10/20/21,1/22/27,Shelby,1920,1642,0,5
506130,10/13/21,9/14/26,Shelby,1797,1423,0,12
506131,5/29/22,8/25/26,Shelby,1549,345,0,5
506132,3/10/23,10/7/25,Shelby,942,616,0,4
506133,2/27/23,12/9/23,Shelby,285,1,5,18
506135,3/17/22,2/20/27,Shelby,1801,1508,0,18
506136,6/12/22,4/4/25,St. Clair,1027,228,0,3
506137,4/6/22,7/17/26,St. Clair,1563,569,2,4
506138,7/4/21,2/2/27,St. Clair,2039,1495,6,18
506139,8/2/22,8/15/26,St. Clair,1474,835,2,16
506140,7/24/21,1/16/25,St. Clair,1272,1046,0,6
506141,11/1/22,8/30/26,St. Clair,1398,1107,6,17
506142,10/25/21,6/5/25,St. Clair,1319,512,0,18
506144,1/8/23,9/10/23,St. Clair,245,17,1,8
506145,5/9/21,9/6/26,St. Clair,1946,790,2,8
506146,10/5/24,9/6/26,St. Clair,701,564,6,14
506147,11/29/21,10/23/26,St. Clair,1789,1642,15,17
506148,6/26/21,5/15/24,St. Clair,1054,730,9,14
506150,2/13/22,10/29/26,St. Clair,1719,469,5,11
506151,11/27/21,7/26/25,St. Clair,1337,367,0,16
506152,9/16/21,9/22/26,St. Clair,1832,1642,2,6
506154,5/15/21,9/1/24,St. Clair,1205,578,5,12
506155,1/5/22,11/15/25,St. Clair,1410,1326,7,17
506156,9/14/22,6/24/23,St. Clair,283,80,8,11
506157,8/8/21,8/25/26,St. Clair,1843,987,0,8
506158,9/27/21,7/4/26,St. Clair,1741,1191,13,18
506159,8/18/21,11/17/26,St. Clair,1917,1558,5,11
506160,4/13/22,10/30/26,St. Clair,1661,1521,5,10
506161,4/25/22,10/22/24,St. Clair,911,600,0,10
506162,12/18/21,11/15/26,St. Clair,1793,1642,6,18
506163,5/11/22,10/22/23,St. Clair,529,466,7,11
506164,11/13/21,3/8/26,St. Clair,1576,951,0,2
506165,7/9/21,2/8/25,St. Clair,1310,742,2,13
506166,10/27/21,10/4/26,St. Clair,1803,949,6,8
506167,8/30/21,1/15/27,St. Clair,1964,1642,6,10
506168,9/12/23,6/3/26,St. Clair,995,625,9,15
506169,1/6/23,2/13/26,St. Clair,1134,836,0,3
506170,10/26/21,10/30/26,St. Clair,1830,1349,0,14
506171,11/30/21,8/23/26,St. Clair,1727,1419,0,10
506172,3/31/22,10/28/26,St. Clair,1672,1413,0,18
506173,7/11/21,8/8/26,St. Clair,1854,1640,6,18
506174,6/3/22,8/25/26,St. Clair,1544,1099,4,6
506175,9/20/21,8/23/26,St. Clair,1798,1038,5,10
506176,8/28/22,2/15/23,St. Clair,171,10,0,3
506178,12/5/21,2/10/27,St. Clair,1893,1462,0,5
506179,11/28/21,9/9/26,St. Clair,1746,1582,0,6
506180,6/29/21,11/28/26,St. Clair,1978,1077,0,18
506181,4/30/22,7/16/26,St. Clair,1538,404,0,16
506182,9/4/21,12/24/25,St. Clair,1572,674,0,12
506183,8/20/21,10/27/26,Stark,1894,1118,0,8
506184,2/5/22,11/26/25,Stark,1390,1189,5,18
506186,9/10/22,10/13/26,Stark,1494,796,0,18
506187,1/28/22,8/22/26,Stark,1667,993,6,11
506189,11/3/21,4/26/26,Stark,1635,1046,0,18
506190,11/9/21,9/7/23,Stark,667,387,2,12
506191,6/3/22,6/7/23,Stark,369,29,0,5
506192,11/25/22,8/27/26,Stark,1371,1026,2,17
506193,2/20/22,4/10/25,Stark,1145,35,12,18
506194,5/9/21,1/15/27,Stark,2077,852,10,12
506196,7/11/21,12/1/24,Stark,1239,329,5,11
506197,12/28/21,10/3/26,Stark,1740,1043,0,12
506198,8/3/24,5/12/25,Stark,282,6,1,18
506199,5/13/22,12/9/26,Stark,1671,1040,0,8
506200,9/22/23,9/7/26,Stark,1081,672,13,18
506201,12/23/21,8/3/26,Stark,1684,1198,8,18
506202,3/4/23,6/4/24,Stark,458,268,0,2
506204,1/14/24,12/6/24,Stark,327,14,4,7
506205,3/19/22,6/3/24,Stark,807,752,5,11
506206,10/16/21,12/2/26,Stark,1873,778,0,9
506208,3/12/25,9/25/25,Stark,197,10,5,12
506209,7/26/22,6/7/24,Stark,682,82,0,18
506210,12/29/21,9/10/26,Stark,1716,682,2,12
506212,11/16/21,8/25/26,Stark,1743,1101,10,12
506213,10/30/22,8/27/26,Stark,1397,701,0,13
506214,12/14/21,1/17/24,Stark,764,132,0,18
506215,10/18/23,1/14/27,Stark,1184,594,12,16
506216,11/4/21,10/14/26,Stark,1805,1642,0,18
506218,12/24/21,7/10/26,Stark,1659,1548,0,13
506219,5/23/21,10/19/23,Stark,879,424,4,17
506221,5/20/25,9/13/26,Stark,481,355,6,12
506222,4/28/25,5/21/26,Stark,388,74,2,18
506223,7/25/21,7/6/26,Stark,1807,1642,2,5
506224,8/20/22,7/15/25,Stark,1060,820,0,10
506225,9/27/24,7/30/26,Stephenson,671,508,6,18
506227,1/9/24,10/8/26,Stephenson,1003,209,2,12
506229,2/21/22,7/18/26,Stephenson,1608,1246,0,14
506230,2/11/22,7/28/26,Stephenson,1628,309,0,6
506231,12/20/21,11/8/26,Stephenson,1784,1607,6,12
506234,10/12/21,5/17/24,Stephenson,948,57,0,12
506235,9/19/21,1/23/27,Stephenson,1952,1473,6,13
506236,10/20/22,2/2/23,Stephenson,105,9,6,9
506237,9/9/21,10/19/25,Stephenson,1501,1039,2,18
506238,12/8/22,2/1/26,Stephenson,1151,292,16,18
506239,10/28/23,7/18/26,Stephenson,994,543,0,6
506241,8/23/21,9/16/26,Stephenson,1850,299,0,9
506242,10/18/25,12/2/26,Stephenson,410,31,2,7
506243,9/20/21,12/31/25,Stephenson,1563,745,0,17
506244,4/1/22,7/16/26,Stephenson,1567,1001,0,12
506245,12/3/21,11/16/26,Stephenson,1809,1090,13,18
506247,1/28/23,9/23/26,Stephenson,1334,1119,0,10
506248,3/22/22,3/25/26,Stephenson,1464,146,5,13
506249,5/10/21,4/4/26,Stephenson,1790,703,0,16
506251,3/30/25,9/11/26,Stephenson,530,91,12,18
506252,10/18/22,8/1/26,Stephenson,1383,393,0,16
506253,5/27/24,8/4/25,Stephenson,434,167,6,8
506254,8/20/22,10/26/26,Stephenson,1528,1130,0,5
506255,12/31/22,10/21/26,Stephenson,1390,724,2,5
506256,7/26/25,2/20/27,Stephenson,574,317,0,3
506257,5/17/21,4/5/26,Stephenson,1784,774,0,18
506259,11/6/21,9/10/26,Stephenson,1769,1290,2,10
506262,12/14/21,11/30/26,Stephenson,1812,1011,2,18
506263,5/20/21,12/7/26,Stephenson,2027,1642,0,18
506264,11/14/23,8/4/26,Stephenson,994,697,5,10
506265,2/16/22,10/28/26,Stephenson,1715,603,8,18
506266,3/26/22,7/4/26,Stephenson,1561,849,0,3
506267,12/19/21,10/16/26,Stephenson,1762,1354,0,18
506268,7/8/21,12/2/26,Stephenson,1973,1612,6,18
506270,6/12/23,1/9/24,Stephenson,211,19,0,13
506272,7/31/23,10/31/25,Stephenson,823,570,6,18
506274,3/8/22,10/23/26,Stephenson,1690,110,3,7
506277,8/16/21,4/15/26,Stephenson,1703,578,8,18
506279,7/31/22,11/18/22,Stephenson,110,53,10,18
506280,9/3/21,11/2/26,Stephenson,1886,1589,2,12
506282,10/5/22,3/9/26,Stephenson,1251,182,6,18
506283,8/21/21,7/27/26,Stephenson,1801,1113,6,10
506284,4/25/22,9/22/25,Stephenson,1246,520,0,6
506285,8/29/21,5/18/26,Stephenson,1723,1100,4,18
506286,9/17/21,8/10/24,Stephenson,1058,433,8,10
506287,5/19/22,9/30/26,Stephenson,1595,184,8,10
506288,3/12/23,7/7/26,Stephenson,1213,320,0,18
506289,6/12/21,1/28/27,Stephenson,2056,1431,0,17
506291,10/27/21,9/17/26,Stephenson,1786,355,0,12
506292,7/25/23,8/2/26,Stephenson,1104,895,0,10
506293,6/8/22,10/6/26,Stephenson,1581,1264,0,15
506296,5/24/23,2/4/27,Stephenson,1352,953,2,10
506297,12/4/21,11/12/26,Stephenson,1804,882,6,12
506298,2/6/26,2/17/27,Stephenson,376,33,0,7
506300,10/6/21,8/25/25,Stephenson,1419,665,0,15
506301,5/14/22,7/25/26,Stephenson,1533,497,6,10
506303,9/10/23,4/5/26,Stephenson,938,216,5,7
506304,1/15/22,4/11/24,Stephenson,817,109,0,18
506305,1/11/22,12/16/26,Stephenson,1800,1155,3,18
506307,10/1/22,2/5/25,Stephenson,858,54,0,7
506308,10/2/21,5/13/25,Stephenson,1319,227,10,14
506309,8/28/21,9/29/26,Stephenson,1858,1424,3,8
506312,12/1/21,11/13/26,Stephenson,1808,1319,2,18
506313,7/5/22,11/7/25,Stephenson,1221,126,0,6
506314,10/15/21,1/23/26,Stephenson,1561,502,0,10
506316,3/17/23,1/19/25,Stephenson,674,165,4,6
506317,6/1/21,8/15/26,Stephenson,1901,1267,6,14
506319,10/20/22,12/10/25,Stephenson,1147,555,0,10
506320,10/4/21,7/4/26,Stephenson,1734,946,10,15
506321,6/18/24,3/26/25,Stephenson,281,32,0,16
506322,7/1/21,12/15/26,Stephenson,1993,1642,3,5
506323,5/16/21,9/7/26,Stephenson,1940,244,0,5
506325,7/4/21,7/10/26,Stephenson,1832,653,0,5
506326,10/10/22,2/9/27,Stephenson,1583,934,0,18
506327,12/15/21,12/15/26,Stephenson,1826,1552,0,10
506328,7/20/21,11/16/26,Stephenson,1945,1642,0,12
506329,11/22/23,12/11/24,Stephenson,385,123,2,18
506330,10/8/21,2/27/24,Stephenson,872,656,0,4
506331,7/12/21,10/14/26,Stephenson,1920,1104,8,10
506332,6/10/21,9/5/24,Stephenson,1183,702,0,18
506333,7/25/23,8/20/26,Stephenson,1122,921,10,16
506334,11/17/25,6/12/26,Tazewell,207,25,2,10
506335,10/27/23,8/10/26,Tazewell,1018,95,0,13
506336,1/16/22,6/10/22,Tazewell,145,27,2,6
506338,8/19/21,9/18/26,Tazewell,1856,730,0,5
506340,7/27/21,8/25/26,Tazewell,1855,717,0,18
506341,11/25/22,12/9/26,Tazewell,1475,355,9,12
506342,11/11/21,10/29/24,Tazewell,1083,863,0,6
506343,5/22/23,10/16/26,Tazewell,1243,1075,12,16
506344,9/6/21,7/31/26,Tazewell,1789,1144,0,8
506345,2/16/22,4/7/26,Tazewell,1511,270,0,12
506348,12/5/21,6/10/26,Tazewell,1648,550,0,12
506349,7/8/21,6/23/26,Tazewell,1811,907,0,18
506350,4/2/22,3/31/26,Tazewell,1459,1160,0,4
506353,8/26/21,11/7/26,Tazewell,1899,1591,0,9
506354,7/28/22,2/9/27,Tazewell,1657,1149,0,9
506355,11/2/24,9/8/26,Tazewell,675,518,2,16
506356,5/19/23,9/15/23,Tazewell,119,10,2,6
506357,11/1/21,11/1/26,Tazewell,1826,1642,3,8
506358,12/27/21,6/6/25,Tazewell,1257,749,0,3
506359,11/9/21,12/18/26,Tazewell,1865,945,0,16
506360,12/13/21,7/3/26,Tazewell,1663,742,2,18
506361,9/17/25,8/6/26,Tazewell,323,10,0,18
506362,1/22/26,10/23/26,Tazewell,274,76,6,10
506364,6/14/21,8/12/26,Tazewell,1885,1518,0,12
506365,7/18/21,9/14/25,Tazewell,1519,112,10,12
506366,12/28/21,11/12/25,Tazewell,1415,1126,4,6
506367,10/17/21,12/31/26,Tazewell,1901,1197,0,5
506368,1/26/22,8/29/26,Tazewell,1676,1037,13,18
506369,3/24/23,5/5/24,Tazewell,408,47,0,5
506370,10/1/21,11/14/26,Tazewell,1870,570,0,5
506371,5/23/21,12/16/26,Tazewell,2033,1642,6,12
506372,9/14/21,12/10/24,Tazewell,1183,523,0,2
506373,7/22/22,7/20/24,Tazewell,729,371,0,10
506374,2/16/24,4/21/26,Tazewell,795,107,6,9
506375,8/31/21,7/8/26,Tazewell,1772,1121,6,18
506376,10/18/21,8/4/23,Tazewell,655,54,1,18
506377,9/30/21,4/26/26,Tazewell,1669,1214,4,12
506378,5/7/22,5/12/26,Tazewell,1466,1128,6,18
506379,9/19/21,8/20/26,Tazewell,1796,900,6,11
506381,2/5/22,1/11/27,Tazewell,1801,374,2,14
506383,6/26/23,4/16/26,Tazewell,1025,941,5,18
506384,11/1/21,1/28/27,Union,1914,1642,0,18
506385,2/22/25,8/19/26,Union,543,278,0,10
506386,8/6/23,9/1/24,Union,392,117,0,2
506387,10/4/21,4/13/26,Union,1652,1169,16,18
506388,6/17/21,10/3/26,Union,1934,1642,0,4
506389,4/13/22,1/13/25,Union,1006,61,0,9
506390,2/16/22,12/21/26,Union,1769,628,0,10
506391,11/14/21,8/11/26,Union,1731,1149,2,18
506392,11/14/21,9/18/26,Union,1769,988,6,16
506393,11/27/22,2/22/25,Union,818,124,0,11
506395,8/28/21,10/16/26,Union,1875,1141,2,10
506396,9/6/22,9/11/26,Union,1466,536,2,13
506397,8/30/21,12/22/26,Union,1940,1221,0,5
506398,6/1/21,10/12/26,Union,1959,584,0,18
506399,11/29/21,10/21/26,Union,1787,1638,3,14
506400,8/14/21,12/1/26,Union,1935,1484,3,10
506402,5/25/22,1/27/23,Union,247,14,0,3
506403,12/15/21,1/5/26,Union,1482,1113,0,5
506404,8/23/21,5/19/23,Union,634,326,7,18
506407,2/23/22,2/6/25,Union,1079,156,16,18
506408,4/10/22,9/3/26,Union,1607,423,0,18
506409,7/13/21,10/19/24,Union,1194,231,6,17
506410,11/3/21,10/5/26,Union,1797,234,2,14
506411,10/17/21,1/21/27,Vermilion,1922,261,13,15
506412,9/19/21,12/22/26,Vermilion,1920,1248,0,14
506413,9/18/22,5/19/26,Vermilion,1339,964,2,13
506414,7/18/21,7/2/22,Vermilion,349,29,0,18
506417,1/5/22,9/14/26,Vermilion,1713,963,0,13
506418,8/24/21,10/14/26,Vermilion,1877,1599,8,10
506419,11/26/21,9/18/26,Vermilion,1757,994,4,17
506420,8/26/21,7/23/26,Vermilion,1792,1642,0,12
506421,5/20/21,4/30/23,Vermilion,710,247,0,3
506422,12/17/23,7/13/24,Vermilion,209,4,14,16
506423,8/26/21,11/30/26,Vermilion,1922,1406,10,17
506424,5/26/21,10/20/24,Vermilion,1243,669,0,12
506425,9/2/24,6/10/25,Vermilion,281,38,0,18
506426,6/17/21,6/2/26,Vermilion,1811,433,0,10
506427,9/20/21,12/25/26,Vermilion,1922,740,0,10
506428,8/22/22,7/6/23,Vermilion,318,38,2,12
506430,10/17/21,6/7/26,Vermilion,1694,625,5,18
506431,8/18/23,9/30/24,Vermilion,409,57,0,12
506432,10/8/21,5/23/24,Vermilion,958,189,0,17
506433,10/17/21,10/21/26,Vermilion,1830,563,1,18
506435,3/24/26,11/14/26,Vermilion,235,42,0,8
506436,11/5/21,9/16/22,Vermilion,315,48,0,12
506437,9/20/22,5/8/24,Vermilion,596,143,15,17
506438,2/12/25,1/31/26,Vermilion,353,115,5,9
506439,6/16/23,6/4/24,Vermilion,354,35,0,9
506440,11/21/22,8/26/26,Vermilion,1374,100,0,3
506441,11/21/22,1/2/24,Vermilion,407,79,2,12
506442,5/30/23,2/18/25,Vermilion,630,592,0,4
506443,10/12/21,8/22/26,Vermilion,1775,1541,0,16
506444,11/3/21,9/29/26,Vermilion,1791,1138,0,10
506446,5/22/21,7/28/26,Vermilion,1893,1642,2,12
506447,5/21/21,10/4/25,Vermilion,1597,907,0,2
506448,8/22/24,2/10/25,Vermilion,172,24,0,18
506449,9/12/21,10/4/26,Vermilion,1848,1642,4,6
506450,12/10/21,11/6/26,Vermilion,1792,658,6,11
506451,6/21/21,10/27/25,Vermilion,1589,1340,0,14
506452,7/31/21,11/2/26,Vermilion,1920,651,5,12
506455,2/17/23,10/12/26,Vermilion,1333,958,2,5
506456,12/16/21,6/2/26,Vermilion,1629,491,0,18
506457,10/4/21,2/21/25,Vermilion,1236,905,0,12
506458,5/16/22,11/28/24,Vermilion,927,592,5,18
506459,12/13/21,6/5/26,Vermillion,1635,604,2,8
506460,11/11/21,4/30/25,Vermillion,1266,1046,0,16
506461,5/4/22,3/9/24,Vermillion,675,301,8,12
506463,2/16/22,9/8/26,Vermillion,1665,13,0,7
506465,2/6/22,10/3/25,Vermillion,1335,1052,3,16
506466,4/3/24,3/2/26,Vermillion,698,477,8,10
506468,3/26/22,7/25/26,Vermillion,1582,1364,7,11
506469,8/19/21,1/7/27,Vermillion,1967,929,2,14
506470,6/3/21,10/30/26,Vermillion,1975,423,5,10
506471,10/12/21,11/18/26,Vermillion,1863,1254,14,18
506474,7/30/22,9/9/24,Vermillion,772,505,3,11
506475,9/5/21,3/23/26,Vermillion,1660,1487,5,12
506476,5/22/22,1/3/27,Vermillion,1687,1379,0,10
506477,9/27/21,8/27/26,Vermillion,1795,668,13,18
506479,7/6/25,9/13/26,Vermillion,434,74,0,2
506480,4/12/24,10/28/26,Vermillion,929,412,0,18
506481,9/3/21,9/18/26,Vermillion,1841,1411,0,18
506482,5/16/21,11/28/26,Vermillion,2022,624,0,5
506483,12/30/21,5/24/26,Vermillion,1606,312,0,11
506484,6/26/21,7/16/26,Vermillion,1846,134,0,18
506485,9/20/21,8/11/26,Vermillion,1786,1217,0,6
506486,8/27/21,7/31/26,Wabash,1799,1343,7,12
506487,9/5/21,7/15/26,Wabash,1774,1642,0,7
506493,10/7/21,2/19/27,Wabash,1961,1610,0,18
506494,4/15/22,9/29/23,Wabash,532,231,0,17
506496,6/24/21,11/22/26,Wabash,1977,675,0,7
506497,6/7/21,2/13/27,Wabash,2077,890,12,18
506498,8/16/21,4/18/25,Wabash,1341,715,0,18
506499,10/23/21,2/20/27,Wabash,1946,1641,6,18
506500,3/13/25,9/22/25,Wabash,193,2,0,6
506501,12/12/21,12/16/26,Wabash,1830,685,0,16
506503,9/11/21,6/14/25,Wabash,1372,1156,10,12
506505,1/17/23,9/29/26,Wabash,1351,993,0,3
506506,7/24/21,7/17/26,Wabash,1819,974,0,10
506507,11/21/21,5/23/26,Wabash,1644,1365,10,12
506508,6/18/21,5/20/23,Wabash,701,334,12,18
506509,11/9/21,1/6/27,Wabash,1884,1316,0,18
506510,5/5/22,6/23/23,Wabash,414,274,0,4
506512,2/8/22,9/15/22,Wabash,219,55,0,13
506514,10/8/21,8/20/26,Wabash,1777,1588,6,10
506515,12/20/21,10/30/26,Wabash,1775,1284,0,5
506516,10/29/21,7/22/23,Wabash,631,462,0,6
506517,8/31/21,4/4/26,Wabash,1677,1080,0,17
506518,11/23/21,2/15/27,Wabash,1910,1077,0,10
506519,10/10/21,10/6/26,Wabash,1822,1363,2,12
506521,9/24/21,1/16/26,Wabash,1575,840,0,7
506522,3/15/25,12/10/25,Warren,270,48,0,7
506523,5/23/21,6/30/26,Warren,1864,130,0,5
506524,6/15/21,3/22/26,Warren,1741,908,0,6
506525,1/13/22,4/14/26,Warren,1552,180,0,15
506526,7/23/22,8/19/26,Warren,1488,731,12,18
506528,7/11/21,10/7/25,Warren,1549,337,0,2
506529,7/10/21,12/18/24,Warren,1257,906,8,11
506530,11/12/21,6/23/26,Warren,1684,1196,0,8
506531,4/1/24,11/11/25,Warren,589,45,0,3
506532,9/9/21,8/16/26,Warren,1802,1543,2,13
506533,11/18/21,6/8/24,Warren,933,668,0,12
506534,8/5/21,10/22/26,Warren,1904,1642,0,4
506535,6/19/21,2/3/27,Warren,2055,1642,6,13
506536,10/31/21,12/24/26,Warren,1880,1642,3,10
506537,6/26/24,4/24/25,Warren,302,5,5,7
506538,8/24/23,5/16/25,Warren,631,80,6,18
506539,6/15/22,2/4/27,Warren,1695,455,0,18
506540,10/5/21,11/6/26,Warren,1858,1634,7,14
506542,12/6/21,8/12/26,Warren,1710,469,3,7
506543,10/28/21,8/9/26,Warren,1746,1115,7,18
506544,6/29/22,8/26/26,Warren,1519,311,13,18
506546,7/17/22,8/13/23,Warren,392,94,0,7
506547,7/14/21,7/14/26,Warren,1826,1642,0,7
506548,1/31/22,10/9/26,Washington,1712,1376,6,8
506549,10/1/22,9/27/26,Washington,1457,931,0,13
506550,3/6/22,5/9/23,Washington,429,148,7,13
506551,2/15/23,11/15/26,Washington,1369,1053,6,12
506552,4/13/24,9/16/25,Washington,521,29,2,18
506556,11/12/21,2/24/26,Washington,1565,1378,7,18
506557,11/28/21,11/24/26,Washington,1822,1148,0,7
506558,6/1/21,6/12/25,Washington,1472,383,5,15
506560,11/7/21,1/8/27,Washington,1888,1123,4,18
506562,4/30/25,2/10/26,Washington,286,18,0,17
506563,11/2/21,10/28/26,Washington,1821,1091,0,2
506564,11/24/21,5/19/26,Washington,1637,999,0,9
506566,5/4/23,7/31/24,Washington,454,74,0,5
506568,2/4/24,1/9/25,Washington,340,18,0,4
506571,4/16/26,7/2/26,Washington,77,60,0,13
506572,9/27/21,11/10/22,Washington,409,84,0,12
506573,8/4/22,5/12/26,Washington,1377,59,0,18
506574,4/25/23,11/13/24,Washington,568,18,0,18
506576,8/9/21,10/11/26,Washington,1889,1438,17,18
506577,2/11/22,8/21/26,Washington,1652,1083,2,17
506578,2/28/23,8/16/26,Washington,1265,748,2,8
506580,12/13/21,8/3/26,Washington,1694,1477,0,8
506581,6/15/21,7/13/24,Washington,1124,635,2,12
506582,10/31/21,11/26/24,Washington,1122,833,0,10
506583,12/31/21,2/17/23,Washington,413,173,0,12
506585,4/2/24,9/5/24,Washington,156,12,0,8
506586,11/18/21,12/26/25,Washington,1499,139,6,18
506587,11/17/22,7/4/26,Washington,1325,950,0,14
506588,10/25/21,3/28/25,Washington,1250,94,0,2
506589,6/17/22,2/3/26,Washington,1327,1069,0,5
506591,2/8/24,9/8/25,Washington,578,18,2,16
506593,10/15/21,12/18/26,Washington,1890,869,0,7
506594,7/26/21,8/15/23,Washington,750,521,0,17
506596,10/4/21,8/31/26,Washington,1792,1268,3,10
506597,8/26/21,8/29/26,Washington,1829,1213,6,16
506598,5/2/23,1/26/27,Washington,1365,917,6,15
506599,8/18/21,10/2/26,Washington,1871,761,12,18
506600,2/9/22,4/14/26,Washington,1525,205,15,18
506601,8/6/21,2/26/26,Washington,1665,1463,0,5
506602,9/14/21,7/17/26,Washington,1767,1133,0,13
506605,9/11/21,11/30/26,Washington,1906,1642,7,11
506606,11/23/22,1/8/27,Washington,1507,1009,0,10
506607,5/16/22,8/3/26,Washington,1540,316,2,10
506608,3/29/26,8/1/26,Washington,125,13,0,15
506609,9/25/22,2/10/26,Washington,1234,278,0,6
506611,4/27/22,9/13/26,Washington,1600,529,2,8
506612,1/30/22,1/17/27,Washington,1813,1073,8,11
506613,9/7/22,7/28/23,Washington,324,15,2,18
506614,9/18/22,12/6/24,Washington,810,66,3,18
506615,1/3/23,2/2/26,Washington,1126,205,0,5
506616,6/28/22,2/24/26,Washington,1337,75,0,18
506617,10/21/22,11/1/26,Washington,1472,1075,0,10
506618,7/18/22,10/3/22,Washington,77,11,0,2
506620,3/6/24,12/29/26,Washington,1028,668,7,12
506621,9/8/21,9/30/25,Washington,1483,851,6,17
506623,10/12/21,5/14/24,Washington,945,711,15,18
506626,2/11/23,11/14/23,Washington,276,4,0,10
506627,10/11/21,8/22/26,Washington,1776,499,0,10
506628,3/20/22,7/6/26,Washington,1569,1035,6,10
506629,12/30/21,3/5/24,Washington,796,26,2,12
506630,11/25/22,6/17/26,Washington,1300,907,0,9
506631,11/5/23,2/3/27,Washington,1186,540,2,10
506633,6/15/21,8/24/26,Wayne,1896,356,4,12
506634,1/5/23,9/12/26,Wayne,1346,1088,2,5
506636,11/29/21,1/18/27,Wayne,1876,76,9,13
506637,8/8/21,8/8/22,Wayne,365,191,5,18
506638,10/7/21,9/12/26,Wayne,1801,1534,6,10
506640,1/15/25,6/23/25,Wayne,159,38,0,2
506641,11/12/21,7/3/26,Wayne,1694,1525,8,12
506642,7/29/21,2/13/27,Wayne,2025,1642,0,10
506643,7/19/22,6/17/26,Wayne,1429,1187,0,18
506644,8/28/21,8/16/24,Wayne,1084,921,12,18
506645,1/6/22,2/20/27,Wayne,1871,1555,0,18
506647,7/17/21,5/6/22,Wayne,293,4,2,10
506648,8/18/21,10/10/26,Wayne,1879,1000,1,12
506649,4/16/22,12/16/26,Wayne,1705,1354,2,11
506650,10/17/21,8/24/26,Wayne,1772,1148,0,4
506651,7/28/22,8/16/26,Wayne,1480,636,0,10
506653,7/15/22,5/9/26,Wayne,1394,700,0,10
506654,8/7/21,12/21/26,Wayne,1962,1100,2,13
506655,7/11/21,1/5/27,Wayne,2004,1642,12,18
506656,8/1/21,7/11/26,Wayne,1805,953,0,18
506657,7/7/25,5/14/26,Wayne,311,11,0,17
506658,9/25/21,6/23/26,Wayne,1732,841,2,8
506660,7/20/21,2/19/27,White,2040,1206,0,9
506661,1/31/22,8/18/22,White,199,73,2,14
506662,10/3/21,8/1/26,White,1763,1642,2,10
506664,9/10/21,1/30/27,White,1968,1187,0,18
506665,9/1/22,8/29/23,White,362,5,0,2
506667,1/27/25,7/17/26,White,536,92,6,18
506668,12/22/21,9/18/26,White,1731,578,0,17
506670,12/15/21,8/3/26,White,1692,1448,2,6
506672,9/7/21,2/21/23,White,532,236,6,12
506673,1/10/22,8/3/26,White,1666,1408,0,6
506674,6/3/21,8/15/26,White,1899,653,0,15
506676,1/17/23,10/2/25,White,989,34,0,4
506677,7/30/24,7/13/25,White,348,101,0,7
506678,12/16/21,7/28/22,White,224,46,8,18
506679,11/26/21,2/9/25,White,1171,972,0,18
506680,8/10/23,10/14/26,White,1161,835,0,10
506682,4/7/22,10/31/26,White,1668,1503,2,5
506683,8/5/21,6/11/25,White,1406,587,2,18
506684,8/17/24,1/19/27,White,885,525,0,5
506685,6/1/22,2/22/23,White,266,21,6,18
506686,7/15/21,2/3/27,White,2029,1319,6,10
506687,8/27/21,9/28/26,White,1858,1642,3,8
506688,1/1/22,7/29/22,White,209,29,6,18
506689,3/30/23,6/30/24,White,458,9,5,18
506691,2/8/23,12/1/26,White,1392,1197,16,18
506692,6/7/21,8/1/23,White,785,345,0,5
506693,10/1/21,7/8/26,White,1741,907,6,13
506696,9/29/21,9/18/26,White,1815,996,0,3
506697,4/10/22,10/5/23,White,543,260,5,12
506698,10/27/22,8/26/23,White,303,45,4,7
506699,9/16/21,1/11/27,White,1943,1464,0,18
506700,8/2/21,2/3/27,Whiteside,2011,1614,0,10
506701,10/16/21,7/11/26,Whiteside,1729,1368,10,18
506702,8/12/21,10/11/26,Whiteside,1886,1273,3,9
506703,6/16/25,5/11/26,Whiteside,329,61,2,10
506704,7/8/22,10/7/25,Whiteside,1187,142,0,6
506705,7/24/21,7/7/26,Whiteside,1809,1274,1,11
506708,9/17/21,1/2/27,Whiteside,1933,1469,6,16
506710,9/5/21,1/31/27,Whiteside,1974,879,6,14
506711,4/23/23,7/23/26,Whiteside,1187,223,0,13
506712,7/2/21,8/18/26,Whiteside,1873,1642,0,2
506713,10/24/21,8/2/26,Whiteside,1743,1630,2,18
506714,10/21/23,9/24/24,Whiteside,339,100,6,18
506715,9/16/21,2/14/27,Whiteside,1977,772,0,10
506716,10/23/22,10/17/26,Whiteside,1455,1236,5,14
506717,7/21/21,8/10/26,Whiteside,1846,841,0,6
506718,10/23/21,9/8/26,Whiteside,1781,99,0,6
506719,7/29/21,8/12/26,Whiteside,1840,1505,3,9
506721,7/14/22,9/20/26,Whiteside,1529,803,0,8
506722,11/20/21,11/3/26,Whiteside,1809,1642,0,18
506723,3/14/23,7/6/26,Whiteside,1210,256,11,15
506724,5/27/21,4/23/26,Whiteside,1792,628,0,5
506725,10/16/21,1/3/27,Whiteside,1905,1296,3,9
506727,9/11/21,8/14/26,Whiteside,1798,1642,0,18
506728,11/1/24,9/7/25,Whiteside,310,20,0,9
506730,2/2/22,11/3/22,Whiteside,274,126,0,13
506731,12/19/21,1/23/26,Whiteside,1496,1289,2,13
506732,12/12/21,9/23/26,Whiteside,1746,1627,0,9
506733,8/18/21,5/24/22,Whiteside,279,26,11,18
506734,2/21/22,11/23/26,Whiteside,1736,1571,2,12
506735,5/29/22,8/26/26,Whiteside,1550,114,0,11
506736,10/6/21,11/11/22,Whiteside,401,296,4,18
506737,10/12/21,12/5/25,Whiteside,1515,625,0,5
506738,11/3/22,1/26/27,Whiteside,1545,1091,0,3
506739,9/6/21,8/25/26,Whiteside,1814,1303,2,10
506740,12/25/21,10/29/25,Whiteside,1404,730,6,16
506741,12/21/21,9/27/25,Will,1376,1340,0,11
506743,5/14/23,10/10/26,Will,1245,992,0,10
506744,6/15/21,2/16/27,Will,2072,1330,0,2
506745,6/28/22,7/10/26,Will,1473,1256,2,7
506746,2/20/22,9/24/26,Will,1677,862,0,13
506747,3/4/22,4/3/26,Will,1491,274,0,13
506748,10/4/21,4/18/25,Will,1292,1105,1,18
506749,1/11/26,6/16/26,Will,156,31,6,11
506750,9/11/21,9/6/26,Will,1821,368,0,14
506751,11/29/21,7/26/26,Will,1700,332,0,5
506752,4/21/23,9/16/26,Will,1244,703,3,11
506753,7/6/22,10/2/26,Will,1549,1115,12,18
506754,3/21/22,5/28/23,Will,433,66,0,12
506756,5/23/21,3/14/25,Will,1391,1042,2,13
506757,6/25/21,7/24/26,Will,1855,1012,0,8
506759,1/14/22,8/2/26,Will,1661,240,0,8
506761,10/26/21,1/20/25,Will,1182,465,0,2
506762,9/11/25,5/7/26,Will,238,38,0,5
506763,6/5/21,10/13/25,Will,1591,1017,13,18
506764,5/27/22,5/13/25,Will,1082,955,4,12
506765,10/27/21,2/19/27,Will,1941,1248,6,10
506766,10/16/21,7/20/24,Will,1008,125,0,5
506767,4/3/25,6/18/26,Will,441,4,0,4
506768,3/28/22,11/25/25,Will,1338,96,0,6
506769,11/9/21,12/4/24,Will,1121,838,0,5
506770,12/21/21,12/15/26,Will,1820,1642,0,12
506771,4/29/22,10/20/22,Will,174,29,6,16
506773,5/11/21,7/9/26,Will,1885,1403,7,18
506775,7/29/22,6/5/26,Will,1407,139,0,12
506776,7/18/21,9/26/26,Will,1896,1065,3,12
506777,11/18/21,9/24/26,Will,1771,745,0,14
506778,10/5/21,4/20/26,Will,1658,1269,0,4
506779,12/1/21,9/24/26,Will,1758,861,10,18
506780,7/13/21,9/22/26,Will,1897,746,0,13
506781,8/12/21,2/3/27,Will,2001,1642,16,18
506782,12/30/21,11/11/26,Will,1777,1641,3,6
506783,9/5/21,2/2/27,Will,1976,1419,10,15
506784,2/16/26,7/4/26,Will,138,24,4,18
506785,10/15/21,10/5/26,Will,1816,1309,5,15
506786,1/9/22,9/7/23,Will,606,80,1,6
506787,11/1/23,10/11/26,Will,1075,121,0,18
506788,5/2/22,11/2/22,Will,184,3,0,3
506789,9/4/21,6/25/26,Will,1755,170,10,16
506790,8/23/21,9/14/26,Will,1848,797,3,8
506791,7/4/21,4/10/26,Will,1741,619,1,8
506793,6/30/22,2/4/27,Will,1680,1456,2,12
506794,6/27/22,1/6/26,Will,1289,75,0,5
506795,11/4/21,2/6/27,Will,1920,1642,6,12
506797,11/21/21,9/14/26,Will,1758,870,5,7
506798,7/2/25,8/13/26,Will,407,269,0,18
506799,6/19/23,8/13/24,Will,421,35,0,17
506800,9/10/22,1/15/26,Will,1223,245,0,8
506801,12/25/22,1/25/27,Will,1492,1163,0,18
506802,7/3/21,7/21/26,Will,1844,1343,2,18
506803,1/4/22,7/18/25,Will,1291,1168,12,17
506804,1/9/22,6/8/26,Will,1611,864,9,12
506805,10/31/21,11/7/26,Will,1833,78,0,6
506806,4/13/22,12/2/25,Will,1329,1136,0,14
506807,1/31/22,8/2/26,Will,1644,858,0,4
506808,9/21/22,8/25/26,Will,1434,898,3,18
506809,9/12/21,4/30/26,Will,1691,1283,2,10
506810,6/22/21,10/20/26,Will,1946,1454,6,15
506812,10/19/21,7/24/26,Will,1739,582,0,10
506813,5/26/22,1/31/27,Will,1711,364,0,13
506814,6/8/22,5/27/26,Will,1449,1180,0,6
506815,9/8/21,7/10/26,Will,1766,1059,0,10
506818,7/19/21,10/17/26,Will,1916,1076,0,18
506820,7/11/21,4/4/25,Will,1363,1036,4,15
506824,11/14/24,11/20/26,Will,736,497,0,6
506825,11/29/21,9/26/26,Will,1762,1214,12,15
506827,5/11/21,8/1/26,Will,1908,1134,9,18
506828,11/5/24,7/6/26,Will,608,378,0,15
506829,3/22/23,10/20/23,Will,212,5,2,11
506830,4/20/23,8/14/26,Will,1212,1121,6,18
506831,7/2/21,11/14/26,Will,1961,1642,0,4
506832,12/30/21,11/29/25,Will,1430,496,8,16
506833,10/3/24,3/5/25,Will,153,2,12,16
506835,5/31/23,12/13/25,Will,927,642,0,12
506838,3/5/23,3/19/26,Will,1110,747,6,18
506839,10/24/21,10/19/25,Will,1456,1019,0,4
506840,8/23/21,8/2/25,Will,1440,1247,10,18
506841,12/13/21,6/1/26,Will,1631,1542,13,18
506843,8/16/22,3/14/26,Will,1306,398,6,12
506844,8/30/23,7/21/24,Will,326,36,6,15
506845,10/31/23,3/23/25,Will,509,44,0,9
506846,10/11/21,2/5/25,Will,1213,1009,0,8
506847,9/11/25,6/30/26,Will,292,5,0,9
506848,6/3/23,4/29/24,Will,331,158,0,18
506849,1/27/22,1/17/27,Will,1816,745,0,12
506850,7/2/22,11/20/26,Will,1602,219,0,8
506851,12/17/21,8/19/26,Will,1706,342,3,18
506853,11/22/21,7/14/26,Will,1695,1524,0,18
506854,9/25/22,2/8/24,Will,501,134,0,17
506855,8/23/21,9/28/26,Will,1862,1542,3,13
506856,7/7/21,9/16/22,Will,436,168,0,2
506857,9/28/23,9/1/24,Will,339,11,0,14
506860,3/18/23,12/2/23,Will,259,43,5,12
506861,7/19/21,11/22/26,Will,1952,822,0,15
506862,12/21/21,9/3/26,Will,1717,1179,0,18
506863,7/17/23,11/9/25,Will,846,741,4,11
506864,11/9/22,6/1/23,Will,204,1,13,15
506865,11/25/21,12/12/26,Will,1843,770,0,17
506866,11/6/21,7/20/22,Will,256,67,2,18
506867,7/10/21,3/11/26,Will,1705,1352,0,12
506868,5/26/22,8/28/26,Will,1555,144,2,6
506869,7/5/24,7/5/26,Will,730,191,12,18
506870,3/2/23,7/29/26,Will,1245,1025,0,17
506872,5/20/22,10/14/26,Will,1608,1316,0,18
506873,12/3/21,10/23/26,Will,1785,936,3,11
506874,10/29/21,11/20/26,Will,1848,532,0,3
506875,5/19/21,1/14/25,Will,1336,851,2,5
506876,11/25/21,1/11/23,Will,412,131,6,15
506877,11/22/21,1/22/27,Will,1887,1642,0,12
506878,11/12/23,10/13/26,Will,1066,873,5,18
506879,6/10/21,12/31/26,Will,2030,1642,6,15
506880,5/21/21,7/20/26,Will,1886,562,0,13
506881,11/16/21,6/25/26,Will,1682,1414,2,9
506882,9/19/22,11/29/26,Will,1532,144,1,11
506883,2/4/22,8/27/26,Will,1665,153,0,3
506884,3/17/22,12/5/26,Will,1724,185,0,17
506885,7/30/21,10/7/26,Will,1895,1399,0,10
506886,7/25/21,3/20/26,Will,1699,737,2,8
506887,3/25/26,10/2/26,Will,191,8,9,18
506888,7/27/21,1/20/27,Will,2003,1642,6,18
506889,11/19/21,11/29/26,Will,1836,1045,0,5
506890,5/14/21,4/19/25,Will,1436,991,13,18
506891,9/24/21,4/30/26,Will,1679,548,0,5
506892,7/17/21,4/9/26,Will,1727,1360,6,16
506893,8/31/22,6/15/26,Will,1384,1073,0,7
506894,11/13/21,12/5/26,Will,1848,774,8,12
506895,7/9/21,9/3/26,Will,1882,1020,6,12
506897,6/15/21,4/21/25,Will,1406,890,2,8
506898,5/26/23,1/7/24,Will,226,3,6,11
506899,4/2/22,8/2/26,Will,1583,1265,2,9
506901,10/31/24,5/9/26,Will,555,37,0,5
506902,5/31/21,4/7/26,Will,1772,1044,0,5
506903,7/14/21,8/28/26,Will,1871,858,0,5
506904,6/19/22,7/25/25,Will,1132,116,16,18
506905,5/27/22,11/15/22,Will,172,6,0,7
506906,1/31/24,3/19/26,Will,778,206,2,7
506908,6/5/22,10/13/22,Will,130,13,3,15
506909,11/25/21,7/12/26,Will,1690,1642,1,12
506910,12/16/21,5/4/26,Will,1600,255,0,16
506911,3/5/22,10/24/26,Will,1694,1391,2,17
506912,12/11/21,7/2/26,Will,1664,1390,3,7
506913,7/23/21,9/19/26,Will,1884,861,0,18
506915,8/18/21,9/26/24,Will,1135,63,0,2
506916,11/2/23,7/20/26,Will,991,41,12,18
506918,11/6/21,11/12/26,Will,1832,1266,2,18
506919,10/19/24,12/21/25,Will,428,108,3,6
506920,4/22/25,8/5/26,Will,470,201,0,11
506921,10/9/24,5/5/25,Will,208,2,0,11
506922,9/4/25,3/14/26,Will,191,13,3,9
506923,8/14/22,11/23/22,Will,101,16,0,13
506924,1/7/23,3/30/26,Will,1178,113,6,12
506925,11/26/21,3/18/26,Will,1573,629,8,10
506926,9/22/23,3/20/26,Will,910,148,0,10
506928,9/7/21,9/9/24,Will,1098,17,0,11
506929,7/21/22,10/19/26,Will,1551,1204,6,18
506930,12/28/21,3/29/25,Will,1187,994,0,6
506931,1/14/24,9/15/26,Will,975,136,0,17
506933,6/7/21,7/18/26,Will,1867,292,0,15
506934,7/26/21,8/31/26,Will,1862,1547,0,13
506935,11/27/21,10/22/26,Will,1790,374,5,11
506937,2/15/22,4/11/23,Will,420,233,2,6
506938,12/7/21,9/11/25,Will,1374,112,2,10
506939,1/11/23,2/15/24,Will,400,63,5,18
506940,1/28/24,9/29/26,Will,975,876,0,18
506944,7/12/22,1/3/27,Will,1636,180,0,7
506945,8/29/21,9/23/24,Will,1121,453,0,9
506946,5/18/22,7/13/26,Will,1517,406,0,13
506947,11/2/21,8/17/26,Will,1749,1220,2,15
506948,11/14/22,12/16/23,Will,397,282,2,6
506949,4/11/25,1/7/26,Will,271,16,0,6
506950,1/5/22,6/10/22,Will,156,2,2,18
506952,1/6/22,9/16/25,Will,1349,104,0,7
506953,12/12/21,11/26/26,Will,1810,1274,3,18
506954,9/17/25,5/25/26,Will,250,97,9,16
506955,8/14/21,3/21/25,Will,1315,959,0,6
506956,12/29/22,8/9/25,Will,954,24,2,18
506957,9/23/21,12/23/26,Will,1917,723,0,2
506959,5/12/21,10/21/25,Will,1623,536,3,13
506962,10/15/21,7/11/26,Will,1730,1642,13,18
506963,6/6/21,9/28/26,Will,1940,1325,6,18
506964,9/19/21,12/6/26,Will,1904,548,6,10
506965,3/26/22,9/17/26,Will,1636,764,0,5
506966,12/17/21,1/23/27,Will,1863,1315,0,4
506967,2/14/22,12/21/26,Will,1771,641,0,8
506968,7/24/23,10/2/26,Will,1166,787,6,12
506969,10/5/21,11/17/26,Will,1869,917,0,6
506971,7/30/23,10/19/26,Will,1177,583,0,12
506973,3/23/22,7/3/25,Will,1198,602,0,13
506974,8/14/21,6/18/25,Will,1404,480,6,8
506975,11/8/21,12/10/26,Will,1858,1140,0,18
506976,6/16/21,7/27/25,Will,1502,1039,0,18
506977,12/23/22,12/3/26,Will,1441,1066,10,12
506978,9/19/21,7/9/26,Will,1754,921,0,18
506979,7/30/22,10/11/26,Will,1534,606,0,5
506980,5/21/21,10/27/26,Will,1985,1642,0,15
506981,11/25/21,1/24/25,Will,1156,1078,0,13
506982,6/23/21,9/11/25,Will,1541,578,9,18
506983,7/14/21,1/10/27,Will,2006,1122,7,13
506984,8/12/22,11/21/26,Will,1562,960,8,16
506986,10/22/21,2/13/27,Will,1940,1177,5,18
506987,10/6/21,2/3/27,Will,1946,1439,0,5
506988,12/13/21,11/26/26,Will,1809,717,0,9
506989,12/24/21,6/27/25,Will,1281,1004,2,9
506990,10/29/21,11/3/26,Will,1831,724,5,18
506991,8/16/23,2/10/27,Will,1274,825,5,8
506992,2/19/23,5/22/26,Will,1188,138,10,18
506993,5/27/21,5/11/26,Will,1810,1050,0,6
506996,10/30/21,2/21/25,Will,1210,227,0,18
506997,5/9/24,10/13/26,Will,887,83,0,13
506998,5/25/21,8/26/24,Will,1189,411,0,16
507000,7/20/23,9/6/24,Will,414,95,16,18
507002,9/20/22,8/30/26,Will,1440,649,0,18
507004,10/18/21,6/21/26,Will,1707,1092,0,2
507005,6/23/21,11/28/26,Will,1984,1579,0,18
507006,12/5/22,8/31/26,Will,1365,30,0,14
507007,9/28/21,8/10/26,Will,1777,332,5,13
507008,7/24/25,12/13/26,Will,507,69,0,6
507009,10/23/21,7/8/26,Will,1719,1601,7,10
507011,10/29/25,12/10/26,Will,407,199,0,11
507012,7/19/21,1/10/27,Will,2001,1116,5,18
507013,6/8/21,11/3/26,Will,1974,666,8,10
507014,8/2/24,7/15/26,Will,712,559,0,18
507015,6/13/21,2/22/26,Will,1715,1197,2,18
507016,3/27/24,5/3/25,Will,402,78,0,18
507017,6/23/21,8/16/26,Will,1880,1374,0,5
507018,2/8/25,10/22/26,Will,621,304,8,18
507019,12/25/21,8/19/26,Will,1698,1428,0,3
507020,5/11/23,9/1/24,Will,479,190,0,4
507022,4/14/22,7/31/26,Will,1569,936,2,7
507024,8/22/22,9/20/25,Will,1125,139,0,6
507025,7/25/21,11/27/26,Will,1951,464,0,18
507026,6/4/21,4/21/26,Will,1782,858,0,10
507027,11/20/21,12/15/26,Will,1851,751,3,18
507028,8/24/21,6/12/26,Will,1753,1037,0,5
507029,4/28/22,4/30/26,Will,1463,1297,6,13
507030,12/20/23,3/9/25,Will,445,16,0,5
507031,3/7/22,3/21/23,Will,379,30,9,11
507032,7/12/21,8/3/26,Will,1848,1642,0,18
507034,12/8/21,8/20/26,Will,1716,164,4,10
507035,7/20/22,2/17/27,Will,1673,133,0,2
507036,7/22/21,4/15/24,Will,998,612,6,15
507038,9/6/21,10/17/26,Will,1867,1418,6,11
507039,12/23/21,7/16/26,Will,1666,1233,0,12
507041,11/13/21,8/15/25,Will,1371,325,0,12
507042,5/9/21,8/20/26,Will,1929,1642,0,2
507043,3/8/23,10/2/26,Will,1304,64,5,13
507044,8/26/21,11/10/26,Will,1902,1538,2,12
507045,11/5/23,10/3/26,Will,1063,752,2,11
507046,2/8/22,12/23/25,Will,1414,180,6,12
507047,9/23/23,12/19/24,Will,453,145,0,6
507048,1/26/25,7/29/25,Will,184,6,0,12
507049,5/15/21,6/14/25,Will,1491,573,2,18
507052,6/26/21,4/2/25,Will,1376,538,3,7
507053,4/2/23,7/4/26,Will,1189,692,0,18
507054,10/14/21,8/22/26,Will,1773,1101,0,5
507055,6/28/21,9/23/26,Will,1913,1620,2,5
507056,4/5/22,1/23/25,Will,1024,516,6,8
507057,3/3/22,1/5/27,Will,1769,830,0,10
507058,7/14/25,7/6/26,Will,357,163,0,9
507060,8/25/21,5/19/26,Will,1728,1203,2,5
507061,5/7/22,6/26/25,Will,1146,737,17,18
507063,5/25/21,12/14/22,Will,568,186,0,17
507064,10/9/23,9/7/26,Will,1064,971,2,16
507065,11/9/22,10/17/26,Will,1438,850,0,9
507066,5/22/21,7/7/26,Will,1872,1642,2,13
507067,8/20/22,4/25/25,Will,979,52,0,18
507068,12/31/23,10/16/24,Will,290,3,0,18
507070,6/16/25,8/25/26,Will,435,286,0,9
507072,5/19/21,7/14/26,Will,1882,1396,0,14
507073,4/24/25,1/1/26,Will,252,121,6,8
507074,11/16/23,10/14/26,Will,1063,105,5,10
507075,8/13/21,10/28/26,Will,1902,1152,0,5
507076,5/12/21,10/2/26,Will,1969,1556,2,5
507077,5/10/21,8/3/26,Will,1911,1642,9,18
507078,12/4/21,11/27/25,Will,1454,1204,6,18
507079,6/30/23,9/20/26,Will,1178,604,0,8
507080,7/26/23,4/30/24,Will,279,33,6,18
507082,12/9/21,11/19/26,Will,1806,1573,0,4
507083,5/9/21,9/2/26,Will,1942,898,0,18
507084,5/24/21,4/16/26,Will,1788,1442,0,18
507085,6/4/23,11/13/25,Will,893,709,10,18
507086,8/4/21,5/5/22,Will,274,73,0,7
507087,2/12/23,9/28/26,Will,1324,1010,4,14
507089,11/1/21,7/9/26,Will,1711,527,3,18
507090,6/26/21,8/24/26,Will,1885,907,2,13
507091,3/27/23,8/3/25,Will,860,688,0,6
507092,7/9/23,7/15/25,Will,737,565,0,18
507095,11/19/21,11/13/26,Will,1820,1515,2,10
507097,8/1/21,7/22/26,Will,1816,1642,6,14
507099,3/12/25,1/21/26,Will,315,8,0,18
507100,3/2/23,11/17/25,Will,991,617,5,9
507101,8/2/21,4/2/26,Will,1704,1411,0,6
507102,3/11/22,3/24/23,Will,378,3,0,5
507103,8/2/22,10/3/26,Will,1523,850,0,12
507104,9/27/21,5/8/24,Will,954,314,0,18
507105,8/4/21,5/8/26,Will,1738,841,9,18
507108,9/20/22,12/21/22,Will,92,8,5,12
507111,5/22/21,8/1/26,Will,1897,1175,0,9
507112,12/16/21,12/1/26,Will,1811,1544,0,9
507115,7/14/24,10/15/25,Will,458,259,0,7
507116,7/17/21,2/12/27,Will,2036,1168,12,18
507118,9/2/21,9/11/26,Will,1835,885,5,15
507119,10/5/21,12/14/26,Will,1896,1310,0,11
507120,11/21/21,4/26/26,Will,1617,20,1,18
507121,10/11/21,8/7/25,Will,1396,766,0,16
507122,10/28/21,8/19/22,Will,295,167,0,5
507124,7/7/21,9/9/26,Will,1890,1466,0,10
507125,11/8/22,6/14/24,Will,584,254,0,12
507126,8/10/21,1/4/27,Will,1973,358,6,14
507127,7/24/21,10/22/25,Will,1551,287,6,16
507128,9/21/21,8/24/26,Will,1798,509,0,5
507129,2/20/22,12/28/26,Will,1772,1205,0,13
507133,5/27/21,7/31/26,Will,1891,917,3,5
507134,8/29/21,12/13/25,Will,1567,303,2,10
507135,1/23/23,9/29/26,Will,1345,103,5,9
507136,11/23/21,12/4/26,Will,1837,1642,0,5
507137,8/30/21,12/27/26,Will,1945,1579,3,18
507138,5/17/21,8/4/26,Will,1905,925,0,18
507139,12/23/21,9/22/26,Will,1734,1069,0,18
507140,11/20/21,9/16/26,Will,1761,1534,0,13
507143,1/1/23,8/24/24,Will,601,219,2,18
507144,6/9/21,8/19/26,Will,1897,1543,0,18
507146,6/29/22,7/6/25,Will,1103,146,2,6
507147,7/4/21,10/8/26,Will,1922,1484,2,5
507148,10/17/21,8/3/26,Will,1751,706,9,17
507149,5/9/22,4/7/23,Will,333,24,0,7
507150,4/5/23,4/29/26,Will,1120,957,0,5
507151,10/17/21,6/20/25,Will,1342,267,0,16
507152,4/10/22,3/8/23,Will,332,63,3,14
507153,1/6/22,4/5/25,Will,1185,97,0,18
507154,5/20/21,11/22/23,Will,916,224,6,13
507155,10/7/21,7/19/26,Will,1746,862,2,11
507156,4/3/22,4/25/26,Will,1483,250,0,18
507157,7/5/21,7/23/26,Will,1844,1301,0,12
507159,3/16/24,7/25/26,Will,861,821,0,8
507161,6/15/21,5/5/25,Will,1420,142,0,5
507162,8/23/21,12/9/25,Will,1569,1283,0,3
507163,7/16/24,4/16/25,Will,274,10,0,12
507164,5/18/21,2/1/27,Will,2085,1436,3,5
507165,6/28/21,8/22/23,Will,785,375,5,14
507166,10/16/24,8/3/26,Will,656,103,0,16
507167,4/29/22,12/3/26,Will,1679,206,2,4
507171,8/13/21,11/19/25,Will,1559,937,0,14
507172,10/29/21,7/24/26,Will,1729,1038,0,10
507173,8/9/21,1/29/25,Will,1269,274,0,12
507174,11/13/21,2/6/25,Will,1181,277,7,11
507175,1/11/22,5/12/25,Will,1217,1105,0,15
507177,9/5/21,12/8/26,Will,1920,1273,0,9
507178,5/11/21,11/19/26,Will,2018,1496,10,17
507179,2/24/25,9/4/25,Will,192,41,10,13
507180,9/19/21,12/10/26,Will,1908,1490,0,16
507181,11/24/21,2/14/27,Will,1908,1198,2,5
507182,8/2/22,12/27/26,Will,1608,926,2,7
507183,12/20/22,10/1/26,Will,1381,396,0,2
507184,8/28/21,10/21/24,Will,1150,919,6,13
507186,4/27/22,1/9/24,Will,622,612,0,8
507188,3/31/23,5/14/24,Will,410,65,6,10
507189,3/18/22,7/27/26,Will,1592,180,0,18
507190,4/27/22,10/15/26,Will,1632,783,0,18
507192,9/9/25,11/7/25,Will,59,4,0,12
507193,11/13/21,10/4/26,Will,1786,1642,5,7
507194,10/5/21,12/27/26,Will,1909,725,2,10
507196,10/12/21,10/7/25,Will,1456,592,0,18
507198,11/7/23,8/12/26,Will,1009,792,0,12
507199,12/19/22,7/28/26,Will,1317,703,7,10
507200,9/23/21,1/27/27,Will,1952,1642,0,18
507201,9/5/21,2/13/27,Will,1987,1642,0,7
507202,1/7/22,12/8/26,Will,1796,697,8,10
507203,11/19/21,2/21/26,Will,1555,811,7,14
507204,10/12/21,9/25/26,Will,1809,1529,0,7
507206,11/12/21,8/27/25,Will,1384,1012,2,18
507208,2/12/25,8/10/26,Will,544,381,2,15
507210,5/17/22,8/26/26,Will,1562,978,1,8
507211,8/10/23,10/15/26,Will,1162,918,6,16
507214,9/3/21,11/4/26,Will,1888,560,0,18
507215,11/17/21,10/29/22,Will,346,38,7,18
507216,5/18/21,12/20/25,Will,1677,729,0,3
507217,12/19/21,3/9/23,Will,445,72,0,15
507218,11/23/21,7/25/24,Will,975,114,0,6
507220,11/1/23,12/31/26,Will,1156,915,0,11
507222,8/23/24,11/6/25,Will,440,74,4,18
507223,9/13/21,7/19/26,Will,1770,1044,0,16
507224,6/14/25,8/20/26,Will,432,150,2,10
507226,5/27/21,2/19/27,Will,2094,755,0,13
507228,9/3/21,2/2/26,Will,1613,401,0,13
507230,10/4/21,9/4/26,Will,1796,1392,5,18
507231,1/10/22,10/31/24,Will,1025,82,0,13
507232,6/10/21,11/6/22,Will,514,296,6,10
507233,12/21/21,2/15/27,Will,1882,1297,6,10
507234,1/30/24,3/21/26,Will,781,67,2,12
507235,12/10/21,1/29/27,Will,1876,1621,0,2
507236,7/18/23,2/1/27,Will,1294,1058,2,4
507237,12/1/21,2/5/25,Will,1162,81,2,18
507238,6/11/21,1/15/27,Will,2044,1642,0,12
507239,10/25/24,11/19/26,Will,755,122,2,9
507240,5/19/22,5/3/26,Will,1445,601,0,11
507241,5/20/21,10/22/26,Will,1981,1248,0,18
507242,1/18/22,3/9/26,Will,1511,684,2,10
507243,6/10/21,12/27/26,Will,2026,1219,2,5
507244,3/3/22,12/21/22,Will,293,15,10,16
507245,9/8/23,10/11/26,Will,1129,160,7,12
507246,10/15/25,7/31/26,Will,289,83,0,10
507247,12/29/21,9/6/26,Will,1712,1540,0,12
507248,12/22/21,8/7/25,Will,1324,867,10,12
507249,1/10/22,7/2/26,Will,1634,1413,0,4
507251,4/12/25,12/24/26,Will,621,433,5,13
507252,8/27/21,10/30/25,Will,1525,539,0,18
507253,11/29/21,2/9/26,Will,1533,1287,5,10
507254,7/11/23,2/22/25,Will,592,23,2,18
507255,7/23/25,8/2/26,Will,375,22,0,10
507256,2/19/22,12/7/26,Will,1752,803,0,13
507257,12/2/21,8/8/26,Will,1710,1402,0,18
507259,6/4/21,10/3/26,Will,1947,1358,0,9
507260,8/22/21,4/10/25,Will,1327,853,6,17
507261,8/24/23,8/31/26,Will,1103,612,0,2
507262,10/31/21,9/21/26,Will,1786,1394,0,17
507263,6/7/25,7/21/26,Will,409,107,0,5
507264,9/23/21,1/4/26,Will,1564,293,0,12
507265,6/20/21,9/11/26,Will,1909,1524,0,3
507266,3/26/22,9/16/26,Will,1635,1479,9,18
507267,10/19/25,2/26/26,Will,130,35,0,6
507269,6/27/22,8/8/26,Will,1503,325,0,4
507270,10/29/23,7/28/26,Will,1003,915,0,12
507272,11/8/21,9/24/26,Will,1781,1545,6,8
507273,8/30/21,5/16/26,Will,1720,1408,0,5
507275,1/25/24,12/12/25,Will,687,518,15,18
507276,6/30/21,7/23/26,Will,1849,1007,0,2
507277,5/29/21,8/6/26,Will,1895,552,9,13
507278,9/7/22,7/24/23,Will,320,12,0,13
507279,12/18/21,1/18/27,Will,1857,1137,0,18
507280,10/22/21,7/6/24,Will,988,51,0,6
507281,10/28/22,7/11/24,Will,622,258,0,5
507282,6/8/21,7/7/25,Will,1490,202,10,13
507284,6/30/21,10/13/26,Will,1931,1381,0,6
507285,9/20/21,6/12/26,Will,1726,866,0,5
507286,9/18/25,6/13/26,Will,268,113,2,18
507287,10/15/25,8/22/26,Will,311,47,0,5
507288,9/18/22,11/28/25,Will,1167,31,0,12
507289,5/14/22,3/29/26,Will,1415,1191,2,5
507290,12/1/23,11/25/24,Will,360,41,0,12
507292,6/3/21,7/23/26,Will,1876,496,7,18
507293,1/6/22,9/30/26,Will,1728,1001,3,13
507294,11/18/21,12/20/26,Will,1858,1288,0,18
507295,12/30/21,10/21/26,Will,1756,203,0,7
507296,11/2/22,12/23/26,Will,1512,1188,12,18
507297,12/8/23,1/4/27,Will,1123,706,0,5
507300,6/30/21,5/25/26,Will,1790,438,0,3
507301,9/14/25,1/22/27,Will,495,133,0,18
507302,9/28/21,7/13/26,Will,1749,1368,2,18
507303,10/31/21,5/28/26,Will,1670,1477,2,18
507304,7/15/22,3/10/26,Will,1334,1154,12,18
507305,9/16/21,7/15/26,Will,1763,1618,6,12
507306,2/7/22,2/15/26,Will,1469,1082,0,5
507307,6/17/21,12/5/26,Will,1997,1184,6,12
507308,1/4/22,8/3/26,Will,1672,758,0,12
507309,9/20/23,4/3/26,Will,926,642,0,5
507311,3/10/22,9/6/26,Will,1641,636,3,5
507312,10/2/21,10/14/26,Will,1838,1642,2,18
507313,8/25/24,9/7/25,Will,378,33,2,18
507314,2/15/25,12/4/25,Williamson,292,1,2,10
507315,9/6/21,2/13/27,Williamson,1986,1642,0,8
507316,12/19/21,9/24/25,Williamson,1375,1136,7,18
507317,11/29/21,7/9/26,Williamson,1683,1642,6,18
507319,7/16/21,1/7/27,Williamson,2001,1642,0,2
507320,8/1/21,8/10/26,Williamson,1835,1241,0,18
507321,12/24/21,11/20/26,Williamson,1792,797,0,10
507322,3/23/23,8/28/26,Williamson,1254,1167,12,18
507323,4/19/22,9/28/25,Williamson,1258,649,0,10
507324,8/11/21,12/15/26,Williamson,1952,1045,0,8
507325,8/26/21,11/25/26,Williamson,1917,1642,15,18
507326,7/5/25,10/18/26,Williamson,470,302,5,7
507327,10/17/21,1/4/27,Williamson,1905,1642,4,6
507328,7/3/22,9/21/26,Williamson,1541,905,5,18
507329,5/16/21,12/4/26,Williamson,2028,660,13,17
507330,8/5/22,3/21/24,Williamson,594,88,0,6
507331,1/17/22,10/26/26,Williamson,1743,502,0,5
507333,5/3/22,2/3/25,Williamson,1007,80,6,13
507335,8/22/21,7/21/26,Williamson,1794,1348,0,6
507336,4/14/25,8/7/26,Williamson,480,188,0,18
507337,6/22/22,8/2/26,Williamson,1502,166,0,11
507338,9/4/21,4/27/26,Williamson,1696,1515,6,12
507339,4/15/22,1/11/26,Williamson,1367,570,8,10
507340,12/19/22,10/10/26,Williamson,1391,575,0,7
507341,10/27/21,9/7/26,Williamson,1776,1216,3,18
507342,9/5/21,7/11/25,Williamson,1405,706,0,11
507343,12/21/22,9/27/26,Williamson,1376,1186,1,10
507344,11/5/21,9/30/26,Williamson,1790,1325,8,18
507345,11/22/23,2/6/27,Winnebago,1172,786,3,18
507346,6/17/21,7/25/26,Winnebago,1864,1111,5,9
507347,5/14/21,7/2/26,Winnebago,1875,846,2,18
507348,2/14/24,8/10/25,Winnebago,543,462,8,16
507350,12/15/21,9/7/26,Winnebago,1727,1447,3,11
507351,7/30/23,8/28/26,Winnebago,1125,907,0,10
507352,9/7/21,10/26/25,Winnebago,1510,191,0,12
507353,11/21/22,7/17/26,Winnebago,1334,562,4,18
507354,7/22/23,1/8/26,Winnebago,901,581,15,18
507356,9/29/21,12/16/26,Winnebago,1904,1317,0,6
507357,10/13/25,1/21/27,Winnebago,465,197,3,18
507358,8/14/21,10/15/26,Winnebago,1888,1532,0,18
507359,5/24/25,2/4/26,Winnebago,256,29,0,2
507360,12/23/21,11/19/26,Winnebago,1792,1611,0,13
507361,10/4/23,9/8/25,Winnebago,705,39,3,6
507362,7/22/21,10/6/26,Winnebago,1902,1642,2,18
507363,3/25/22,7/1/24,Winnebago,829,33,0,7
507364,12/11/22,12/31/25,Winnebago,1116,905,0,18
507365,10/27/21,1/21/27,Winnebago,1912,1299,3,18
507366,12/20/22,9/22/26,Winnebago,1372,749,5,10
507369,6/4/21,4/20/26,Winnebago,1781,623,0,12
507370,7/31/21,8/20/26,Winnebago,1846,1561,2,5
507371,12/9/21,2/18/27,Winnebago,1897,1442,10,18
507372,10/4/21,8/5/24,Winnebago,1036,766,0,14
507374,9/11/21,8/24/26,Winnebago,1808,384,0,10
507375,8/21/23,4/29/26,Winnebago,982,53,6,11
507376,8/27/22,2/6/27,Winnebago,1624,463,10,18
507377,7/1/21,7/23/26,Winnebago,1848,1154,0,18
507378,9/10/22,8/15/24,Winnebago,705,641,0,2
507379,12/3/21,4/7/26,Winnebago,1586,51,0,18
507381,8/21/21,7/18/26,Winnebago,1792,1096,7,18
507382,11/13/22,10/11/26,Winnebago,1428,140,0,14
507383,7/20/22,7/28/24,Winnebago,739,10,2,5
507384,1/25/24,8/24/26,Winnebago,942,92,6,10
507385,10/12/21,12/21/26,Winnebago,1896,964,0,12
507386,12/21/24,8/28/26,Winnebago,615,374,0,7
507387,3/23/22,9/24/26,Winnebago,1646,896,0,16
507389,4/28/25,10/27/25,Winnebago,182,2,11,18
507391,7/17/22,10/19/26,Winnebago,1555,658,0,18
507393,5/26/21,12/28/26,Winnebago,2042,1228,0,18
507394,10/6/23,4/21/25,Winnebago,563,57,0,9
507395,11/6/22,1/23/27,Winnebago,1539,933,0,6
507396,12/10/21,7/12/26,Winnebago,1675,811,0,18
507397,11/20/23,9/8/26,Winnebago,1023,98,5,14
507398,5/29/21,3/16/23,Winnebago,656,210,5,7
507400,3/21/23,12/10/26,Winnebago,1360,64,0,18
507401,12/21/21,8/12/26,Winnebago,1695,1368,0,8
507402,9/17/23,9/10/26,Winnebago,1089,636,0,16
507403,12/22/23,1/18/25,Winnebago,393,28,6,13
507404,5/16/24,11/12/26,Winnebago,910,548,2,14
507406,7/29/21,8/1/26,Winnebago,1829,660,0,17
507407,5/9/21,7/5/26,Winnebago,1883,1642,0,16
507410,5/23/23,2/21/27,Winnebago,1370,1096,0,6
507411,8/31/21,9/14/26,Winnebago,1840,958,6,10
507412,7/9/21,10/6/25,Winnebago,1550,1042,15,18
507414,9/23/21,1/28/27,Woodford,1953,493,0,12
507415,7/22/21,4/1/24,Woodford,984,584,6,16
507417,5/15/21,5/16/24,Woodford,1097,416,3,18
507421,8/12/21,8/18/26,Woodford,1832,1260,0,13
507422,7/21/21,10/29/26,Woodford,1926,681,0,8
507423,12/15/22,12/3/23,Woodford,353,9,0,18
507424,10/15/21,7/23/26,Woodford,1742,328,4,6
507425,8/21/21,9/17/24,Woodford,1123,165,0,18
507426,12/23/21,11/20/22,Woodford,332,61,6,18
507427,4/11/22,10/25/26,Woodford,1658,76,2,5
507428,7/12/22,12/23/24,Woodford,895,54,0,3
507429,8/17/21,10/11/26,Woodford,1881,642,5,12
507430,10/11/23,10/8/25,Woodford,728,41,0,4
507431,1/9/22,2/2/27,Woodford,1850,1492,2,12
507433,9/16/21,1/28/25,Woodford,1230,260,6,11
507434,11/13/21,11/27/26,Woodford,1840,489,0,12
507435,8/19/22,7/25/23,Woodford,340,2,0,4
507436,11/29/22,8/31/26,Woodford,1371,134,0,18
507437,5/3/22,2/26/25,Woodford,1030,45,0,2
507438,7/8/21,9/11/22,Woodford,430,193,17,18
507440,9/5/21,6/16/26,Woodford,1745,275,0,4
507441,4/22/22,12/21/26,Woodford,1704,1427,0,2
507442,5/15/22,12/2/26,Woodford,1662,550,0,18
507443,10/15/21,10/16/26,Woodford,1827,94,0,16
507445,1/4/23,12/16/26,Woodford,1442,213,0,12
507446,9/13/23,4/6/24,Woodford,206,30,2,11
507447,8/4/21,7/5/26,Woodford,1796,1569,6,18
507449,8/13/22,8/9/26,Woodford,1457,1061,0,18
507450,2/17/25,11/16/25,Woodford,272,97,5,15
507451,11/1/21,10/24/26,Woodford,1818,1161,5,13
507452,10/14/21,10/1/26,Woodford,1813,1642,0,11
507453,11/8/21,8/24/26,Woodford,1750,470,2,18
507454,2/13/22,2/19/27,Woodford,1832,1305,0,10
507455,6/18/21,8/1/26,Woodford,1870,404,0,16
507456,11/12/25,2/20/26,Woodford,100,10,6,12
507457,2/11/23,6/8/26,Woodford,1213,43,0,2
507458,5/27/23,7/26/24,Woodford,426,70,1,4
507460,1/10/22,6/3/24,Woodford,875,135,0,6
507461,6/10/23,6/27/24,Woodford,383,99,0,13
507462,12/8/23,7/31/26,Woodford,966,274,1,10
507465,10/4/22,11/24/26,Woodford,1512,1180,3,16